rsid	hg38_base_position	index_snp	finemap_posterior_probability	FC.ExN	FC.InN	FC.RG	FC.MG	FC.undef	LGE.InN	MGE.InN	CGE.InN	GE.RG	GE.Proj	chr
rs1001417	181050854	rs7647398	0.0128834	0	0	0	0	0	0	1	0	0	1	chr3
rs10037952	88089847	rs115325222	0.0103705	1	0	1	0	1	0	0	0	0	0	chr5
rs10043260	152633195	rs10515678	0.0022339	1	0	0	0	0	0	0	0	0	0	chr5
rs10052626	88139816	rs115325222	0.0226859	0	0	0	0	0	1	0	0	0	0	chr5
rs1006354	164749758	rs6919146	7.49962e-4	0	0	1	0	0	1	1	0	0	0	chr6
rs10083367	103847846	rs10873538	0.00481721	1	1	1	1	1	1	1	1	1	1	chr14
rs10083370	103847845	rs10873538	0.00482643	1	1	1	1	1	1	1	1	1	1	chr14
rs10084155	56671181	rs758749	0.0477464	0	0	0	0	0	1	0	0	0	1	chr19
rs10084156	56671237	rs758749	0.0477464	0	0	0	0	0	1	0	0	0	1	chr19
rs1008677	39613331	rs732381	0.00180676	0	0	0	0	0	1	0	0	0	0	chr22
rs10127957	65845006	rs6588168	0.0241743	0	0	0	0	1	0	0	0	0	0	chr1
rs10191904	174197289	rs9287971	2.03746e-4	0	0	0	0	0	0	0	0	0	1	chr2
rs10195351	2321462	rs6715366	0.0945778	0	0	0	0	0	1	0	0	0	1	chr2
rs10238960	71308285	rs10238960	0.103628	0	0	1	0	0	0	0	0	1	0	chr7
rs1024197	8476998	rs11121172	4.36016e-4	0	0	1	0	0	0	0	0	0	0	chr1
rs10256635	71313962	rs10238960	0.0161506	0	0	1	0	0	0	0	0	0	0	chr7
rs10264040	131849010	rs1593304	0.0355979	0	1	0	0	0	1	1	1	0	1	chr7
rs1040813	103840359	rs10873538	0.00524334	1	1	0	0	0	0	1	0	0	0	chr14
rs10445333	45839143	rs2532240	5.06741e-4	1	0	0	0	0	0	0	0	0	0	chr17
rs10445364	45838990	rs2532240	5.32446e-4	1	0	0	0	0	0	0	0	0	0	chr17
rs10447226	139649225	rs9687282	0.0559527	1	1	1	0	1	1	1	1	1	1	chr5
rs10454496	14259445	rs61920311	0.0487245	0	0	0	0	0	0	1	0	0	0	chr12
rs10466547	130953681	rs10894308	0.0246694	0	0	0	0	0	1	0	0	0	0	chr11
rs1047997	41938949	rs5751191	0.0239744	1	0	0	0	0	0	0	0	0	0	chr22
rs10488343	131889562	rs1593304	0.00482058	0	0	0	1	0	0	0	0	0	0	chr7
rs10492604	58330179	rs9569820	0.00133812	0	1	1	0	1	0	0	0	0	1	chr13
rs10493900	98179657	rs1198588	7.98738e-4	1	1	0	0	1	0	0	0	0	0	chr1
rs10514040	72147878	rs337718	0.00188301	0	0	0	0	0	1	0	0	0	0	chr18
rs10515677	152931201	rs10515678	0.00869098	0	0	0	0	0	1	0	0	0	0	chr5
rs10520313	175823388	rs41533650	0.00585404	1	0	0	0	0	0	0	0	0	0	chr4
rs1053492	43769604	rs2929278	0.00268529	1	1	1	0	0	1	1	1	0	1	chr15
rs1054875	89335895	rs2238304	4.87867e-4	1	0	0	1	0	1	1	1	0	0	chr15
rs10742197	28622320	rs10767734	0.00144709	1	0	1	0	1	0	0	0	0	0	chr11
rs10756010	10236246	rs2890914	0.0125315	1	0	0	0	0	0	0	0	0	0	chr9
rs10773037	122123369	rs143116451	0.00558196	1	1	1	0	0	1	1	1	1	1	chr12
rs10774035	2259508	rs10774034	0.0278992	0	0	0	0	0	1	0	0	0	0	chr12
rs10777340	91863036	rs7953300	0.133897	1	0	0	0	0	0	0	0	0	0	chr12
rs10777341	91863042	rs7953300	0.133897	1	0	0	0	0	0	0	0	0	0	chr12
rs10786700	102627978	rs79668541	0.0182009	0	0	0	0	0	1	1	1	0	1	chr10
rs10789321	71687651	rs1121296	0.0938318	0	1	1	0	0	0	0	0	0	0	chr1
rs10789373	73500186	rs12129573	0.00881984	1	0	0	0	1	0	0	0	0	0	chr1
rs10795	84634066	rs11638554	0.00195033	1	1	1	1	1	1	1	1	1	1	chr15
rs10798295	173714815	rs61828917	0.00782922	1	1	1	1	1	1	1	1	1	1	chr1
rs10800749	200995209	rs12126806	2.66146e-4	0	0	0	0	0	1	0	0	0	0	chr1
rs10803132	243273964	rs61833239	0.01096594	1	0	0	0	0	0	0	0	0	0	chr1
rs10804885	181210678	rs7647398	0.00246019	0	1	0	0	1	1	1	0	0	1	chr3
rs10835371	28622330	rs10767734	0.00151163	1	0	0	0	1	0	0	0	0	0	chr11
rs10838528	45896403	rs12285419	6.09251e-5	0	1	1	0	0	0	0	0	0	1	chr11
rs10838596	46315444	rs12285419	8.88739e-5	1	0	1	0	0	0	1	0	0	1	chr11
rs10838707	47406818	rs12285419	3.69553e-5	0	0	0	0	0	0	0	1	0	0	chr11
rs10864629	6626154	rs11122119	0.0425165	1	0	1	0	0	0	0	1	0	0	chr1
rs10871451	29974884	rs3814883	0.0361146	0	0	0	0	0	1	0	1	1	0	chr16
rs10875130	98179473	rs1198588	0.00191042	1	1	0	0	1	0	0	0	0	0	chr1
rs10875131	98179636	rs1198588	7.28435e-4	1	1	0	0	1	0	0	0	0	0	chr1
rs10883761	102660261	rs79668541	0.0518618	0	0	0	0	0	0	1	0	1	0	chr10
rs10883801	102918130	rs79668541	0.00387379	1	1	1	1	1	1	1	1	1	1	chr10
rs10889929	71687461	rs1121296	0.00635141	0	1	1	0	1	0	0	0	0	0	chr1
rs10890255	43565822	rs11210892	2.18761e-4	1	1	1	0	1	1	1	1	1	1	chr1
rs10890279	43764587	rs11210892	0.00141038	0	0	0	0	0	0	1	0	0	1	chr1
rs10897821	81473071	rs72943392	0.00342052	0	0	0	0	0	0	0	1	0	1	chr11
rs10920085	200995154	rs12126806	2.61418e-4	0	0	0	0	0	1	0	0	0	0	chr1
rs10920094	201011868	rs12126806	7.57766e-4	1	1	1	0	1	1	1	1	1	1	chr1
rs10926981	243288103	rs61833239	1.70807e-4	0	0	0	1	0	0	0	0	0	0	chr1
rs10926991	243329265	rs61833239	0.001508937	1	0	0	0	0	0	0	0	0	0	chr1
rs10927006	243394357	rs61833239	2.10618e-4	1	0	0	0	0	0	0	0	0	0	chr1
rs10939902	61432163	rs7701440	0.0658372	0	0	1	0	0	0	0	0	1	0	chr5
rs10954935	33812861	rs79445414	8.70951e-5	0	1	1	0	1	1	1	1	1	1	chr8
rs10995246	62632086	rs7915131	0.0731242	0	0	0	1	0	0	0	0	0	0	chr10
rs10995248	62636282	rs7915131	0.011597	0	0	0	0	1	0	0	0	0	0	chr10
rs10995249	62637156	rs7915131	0.0168531	1	0	0	0	0	0	0	0	0	0	chr10
rs10995250	62637161	rs7915131	0.0157822	1	0	0	0	0	0	0	0	0	0	chr10
rs11015180	18619328	rs6482437	0.00839692	1	0	1	0	1	0	0	0	1	0	chr10
rs11030336	28445134	rs10767734	0.00947832	0	0	0	0	1	0	0	0	0	0	chr11
rs11030393	28627190	rs10767734	0.0015577	0	0	0	0	0	0	1	0	0	0	chr11
rs11038697	45859998	rs12285419	2.05323e-4	0	1	1	0	0	1	1	1	1	1	chr11
rs11038739	45996344	rs12285419	7.80642e-5	1	0	0	0	0	0	0	0	0	0	chr11
rs11038742	46006730	rs12285419	6.53118e-5	1	1	1	0	1	1	1	1	1	1	chr11
rs11039300	47565510	rs12285419	3.07934e-5	1	1	1	1	1	1	1	1	1	1	chr11
rs11055880	14257700	rs61920311	0.0645958	1	1	1	1	0	1	1	1	1	1	chr12
rs11061602	122131417	rs143116451	0.00548411	1	1	1	1	1	1	1	1	1	1	chr12
rs11062170	2239678	rs10774034	0.0947025	1	0	0	0	1	0	0	0	0	0	chr12
rs11071612	61542028	rs35351411	0.00671735	0	0	1	0	0	0	0	0	0	0	chr15
rs1107284	8312476	rs11121172	4.10703e-4	1	0	0	0	0	0	0	0	0	0	chr1
rs1107286	8312268	rs11121172	0.00226737	1	0	0	0	0	0	0	0	0	0	chr1
rs11079733	46192598	rs2532240	4.73962e-4	1	1	0	0	0	1	0	1	0	0	chr17
rs1108842	52686064	rs2710323	0.0762673	1	1	1	0	1	1	1	1	0	1	chr3
rs11130367	53259357	rs2710323	0.00183575	0	0	1	0	0	0	1	1	0	1	chr3
rs11133120	175944615	rs41533650	0.0318968	0	0	1	0	0	0	0	0	1	0	chr4
rs111370985	45775376	rs2532240	0.00113733	0	0	1	0	0	0	1	0	0	0	chr17
rs11147927	43777092	rs11619756	0.0149312	1	0	0	0	0	0	0	0	0	0	chr13
rs11152369	55399097	rs9636107	0.0105018	1	0	0	0	0	0	0	0	0	0	chr18
rs11160752	103525759	rs10873538	1.87527e-4	0	0	1	0	0	0	0	0	0	0	chr14
rs11165952	98133079	rs1198588	0.00181616	1	0	1	0	1	0	0	0	1	0	chr1
rs1116734	197500319	rs2914983	0.0187118	0	0	0	0	0	0	0	0	0	1	chr2
rs11167575	152278240	rs10515678	7.34255e-5	1	0	0	0	0	0	0	0	0	0	chr5
rs111809035	103881647	rs10873538	1.10253e-4	0	0	1	0	0	0	0	0	0	0	chr14
rs11191514	103013607	rs79668541	0.0136537	0	0	1	0	0	0	0	0	0	0	chr10
rs111972148	45895755	rs2532240	2.77728e-4	1	1	1	0	1	1	1	1	1	1	chr17
rs112018955	43932573	rs11210892	2.21815e-4	0	0	0	0	0	0	0	0	0	1	chr1
rs11210892	43634413	rs11210892	0.33407	0	0	0	0	0	0	1	0	0	0	chr1
rs11210916	43767255	rs11210892	2.66985e-4	0	0	0	0	0	0	0	0	1	1	chr1
rs11214511	113138050	rs2514218	0.00132998	0	1	1	0	0	1	0	0	0	1	chr11
rs11214529	113174006	rs2514218	0.0013048	0	0	0	0	0	0	0	0	0	1	chr11
rs11223635	133945897	rs4936215	0.0708478	1	0	0	0	0	0	1	1	1	0	chr11
rs11223648	133970517	rs4936215	0.00101959	0	0	0	0	0	0	1	0	0	0	chr11
rs11223654	133971684	rs4936215	0.00105244	1	0	0	0	0	0	0	0	0	0	chr11
rs11223668	134036369	rs4936215	0.0393824	0	0	0	0	0	0	1	1	0	0	chr11
rs112261189	47443161	rs12285419	4.823e-5	1	0	0	0	0	1	0	0	0	0	chr11
rs112415880	45965502	rs2532240	1.36718e-4	1	0	0	0	0	0	0	0	0	0	chr17
rs112431991	45681519	rs2532240	2.56524e-4	0	0	0	0	0	0	0	0	1	0	chr17
rs112476302	34501054	rs79445414	1.77287e-4	0	0	0	0	0	0	1	1	0	0	chr8
rs11264743	153969038	rs10127983	0.00537595	0	0	0	0	0	0	1	0	0	0	chr1
rs113044050	103541414	rs10873538	7.63392e-5	0	0	0	0	0	0	1	1	0	1	chr14
rs1132349	45913833	rs12285419	2.51021e-5	0	0	1	0	0	0	0	0	0	0	chr11
rs113347741	45896042	rs2532240	2.63431e-4	1	1	0	0	0	0	1	1	0	1	chr17
rs113593461	232948057	rs778371	7.92887e-4	0	0	0	0	0	1	0	0	0	0	chr2
rs113871181	45775367	rs2532240	0.00119582	0	0	1	0	0	0	1	0	0	0	chr17
rs114227716	174074409	rs9287971	0.00215367	0	0	0	0	0	0	1	0	0	0	chr2
rs114318690	138458257	rs10117	0.00222555	1	0	0	0	0	0	0	0	0	0	chr5
rs114374937	58144635	rs9569820	7.46087e-5	0	0	0	0	0	0	0	0	0	1	chr13
rs114488519	66895292	rs77463171	0.04871	1	1	1	0	1	1	1	1	1	1	chr16
rs114852555	152595880	rs10515678	0.00220782	0	0	1	0	0	0	0	0	1	1	chr5
rs1149	38268841	rs7816998	0.00361697	0	1	1	0	1	1	1	1	1	1	chr8
rs115255027	232741493	rs778371	6.27099e-4	0	0	0	1	0	0	0	0	0	0	chr2
rs115265285	25229444	rs141216273	0.0116323	0	0	0	0	0	0	0	0	1	0	chr2
rs11537751	47565900	rs12285419	4.55596e-5	1	1	0	0	0	0	0	0	1	0	chr11
rs11541718	103385827	rs10873538	1.85988e-4	1	0	1	0	0	1	1	0	1	1	chr14
rs11558990	174082032	rs9287971	2.97387e-4	0	1	0	0	0	1	1	1	0	1	chr2
rs11575895	45894419	rs2532240	2.77728e-4	1	1	1	1	1	1	1	1	1	1	chr17
rs11575896	45894776	rs2532240	2.77728e-4	1	0	0	0	0	0	0	0	0	0	chr17
rs11576681	201034923	rs12126806	0.00729373	1	0	0	0	1	0	0	0	0	0	chr1
rs11580823	201014361	rs12126806	0.006099421	1	0	0	1	1	1	1	1	1	0	chr1
rs115816414	48439914	rs12713008	0.00129726	1	0	0	0	0	0	0	0	0	0	chr2
rs11584354	150066990	rs12138231	0.00625278	1	1	1	0	1	1	1	1	1	1	chr1
rs11584527	201005760	rs12126806	5.8109e-4	0	0	0	0	0	0	0	0	1	0	chr1
rs11586029	243746765	rs61833239	1.58547e-4	0	0	0	0	0	0	0	0	0	1	chr1
rs11586032	200973257	rs12126806	0.0319527	0	0	0	0	1	0	0	0	0	0	chr1
rs11587290	201021210	rs12126806	7.41944e-4	1	1	1	0	1	1	1	1	1	1	chr1
rs11589573	201005987	rs12126806	0.008625418	0	0	0	0	0	0	0	0	1	0	chr1
rs11589857	153899116	rs10127983	0.00704734	0	0	1	0	0	0	0	0	0	0	chr1
rs115990434	113569572	rs2514218	4.57961e-4	1	0	0	0	1	0	0	0	0	0	chr11
rs11602109	57667824	rs7938083	0.00979611	1	1	1	0	1	1	1	1	0	1	chr11
rs11602837	47415482	rs12285419	6.59865e-5	0	0	1	0	0	0	0	0	0	0	chr11
rs116047451	152595882	rs10515678	0.00224901	0	0	1	0	0	0	0	0	1	1	chr5
rs11606396	57667739	rs7938083	0.00979611	1	1	1	0	1	1	1	1	0	1	chr11
rs11608788	122123608	rs143116451	0.00629518	0	1	1	0	0	1	0	0	1	1	chr12
rs116332744	232928393	rs778371	6.32722e-4	1	1	1	0	1	1	1	1	1	1	chr2
rs11649090	89534826	rs11076631	0.00158531	0	0	0	1	0	0	0	0	0	0	chr16
rs11660941	79870600	rs72980087	0.0655606	1	0	0	0	0	0	1	1	0	0	chr18
rs11675082	232925772	rs778371	0.00116028	0	1	0	0	0	1	0	0	0	0	chr2
rs11675247	174078957	rs9287971	3.01275e-4	0	0	0	0	0	0	0	0	0	1	chr2
rs11678895	76169708	rs11897811	0.0031467	1	0	0	0	0	0	0	0	0	0	chr2
rs116841564	47106661	rs12285419	8.65825e-5	0	0	0	0	0	0	1	0	0	0	chr11
rs116858698	174080778	rs9287971	0.00180622	0	0	0	0	0	1	1	0	0	1	chr2
rs116929680	47552512	rs12285419	5.76956e-5	0	0	1	0	0	1	1	0	1	1	chr11
rs11694987	224532692	rs72974269	0.0265184	0	0	0	0	0	1	0	0	0	0	chr2
rs116965803	2169181	rs144821294	0.00997141	0	0	1	1	0	1	0	0	1	1	chr19
rs11708198	181139317	rs7647398	0.00702773	0	0	0	0	0	0	1	0	0	0	chr3
rs11715758	50254892	rs2710323	0.0267151	0	0	0	1	0	0	0	0	0	0	chr3
rs117178087	96016184	rs6925964	0.0390985	0	1	0	0	0	0	0	1	0	1	chr6
rs117186267	39521042	rs732381	0.0013716	1	1	1	1	0	1	1	1	0	1	chr22
rs11739168	152424598	rs10515678	4.09194e-5	0	0	1	0	0	0	0	1	0	0	chr5
rs11743810	138466715	rs10117	3.04273e-4	1	0	0	0	0	0	0	0	0	0	chr5
rs117503747	48018709	rs12285419	5.10363e-5	0	1	0	0	0	1	1	0	1	1	chr11
rs11763870	1987813	rs58120505	0.188693	0	0	0	0	0	0	0	0	0	1	chr7
rs117671462	46337065	rs12285419	3.65161e-5	0	0	0	1	0	0	0	0	0	0	chr11
rs117784947	47516550	rs12285419	4.17013e-5	0	1	0	0	0	1	1	0	0	1	chr11
rs117799466	34367316	rs117799466	0.906357	1	1	1	1	1	1	1	1	1	1	chr15
rs11782646	88263849	rs1915019	0.00214185	1	0	0	0	0	0	0	0	0	0	chr8
rs11796499	6094919	rs12008603	0.0548627	1	0	0	0	0	0	0	0	0	0	chrX
rs11798525	5999390	rs12008603	0.0057732	1	0	0	0	0	0	0	0	0	0	chrX
rs11810833	243453886	rs61833239	0.013163595	1	0	0	0	0	0	0	0	0	0	chr1
rs118151645	133996191	rs4936215	0.538756	0	1	0	0	0	1	1	1	1	1	chr11
rs11821273	47484734	rs12285419	6.72753e-5	1	0	0	0	0	0	0	0	0	0	chr11
rs11835839	123946502	rs12311848	0.00645661	0	0	0	0	0	0	0	1	0	0	chr12
rs11945758	117746079	rs28521069	0.037601	0	0	0	0	1	0	0	0	0	0	chr4
rs11956240	138504604	rs10117	0.0298977	0	0	0	0	1	0	0	0	0	1	chr5
rs11956651	152632254	rs10515678	0.00105905	0	0	0	0	1	0	0	0	0	0	chr5
rs11972718	8509557	rs11972718	0.395397	0	0	0	0	0	0	1	0	0	0	chr7
rs12028517	6601672	rs11122119	0.00625208	0	1	0	0	0	0	0	1	0	0	chr1
rs12034163	35725429	rs581459	0.00402661	0	0	0	0	0	0	1	0	1	1	chr1
rs12042562	153883888	rs10127983	0.00620621	0	0	0	0	0	1	0	0	0	0	chr1
rs12043350	153881904	rs10127983	0.00584466	1	1	1	0	1	1	1	1	1	1	chr1
rs12043365	98132463	rs1198588	0.00195626	0	0	1	0	0	0	0	0	0	0	chr1
rs12044342	98133588	rs1198588	0.00181491	0	0	0	0	0	0	0	0	1	0	chr1
rs12046836	98133189	rs1198588	0.00187006	1	0	1	0	1	0	0	0	1	0	chr1
rs12058090	150039173	rs12138231	0.00914467	0	0	0	0	0	1	0	0	0	0	chr1
rs12060211	150039351	rs12138231	0.00956072	0	0	0	0	0	1	0	0	0	0	chr1
rs12061565	150039388	rs12138231	0.00914467	0	0	0	0	0	1	0	0	0	0	chr1
rs1209174	29035194	rs10148671	0.0308977	1	0	0	0	0	0	0	0	0	0	chr14
rs1209175	29035149	rs10148671	0.0351853	1	0	0	0	0	0	0	0	0	0	chr14
rs12092774	174052172	rs61828917	0.0163474	0	1	1	0	0	0	0	1	1	1	chr1
rs12094774	243851261	rs61833239	1.68701e-4	1	1	1	1	0	0	1	0	1	1	chr1
rs12095124	8421972	rs11121172	0.00170763	0	0	0	0	0	0	1	0	0	1	chr1
rs12096785	174052556	rs61828917	0.0153125	0	0	0	0	0	0	0	0	1	0	chr1
rs12124126	6600289	rs11122119	0.00551661	0	0	0	0	0	0	0	0	1	0	chr1
rs12127191	6625714	rs11122119	0.0396748	0	0	0	0	0	0	1	1	0	1	chr1
rs12129731	98222135	rs1198588	8.29087e-4	0	1	0	0	0	1	1	0	1	1	chr1
rs12130117	28664141	rs61786047	2.96901e-4	1	0	0	0	0	0	0	0	0	0	chr1
rs12138061	50106424	rs6588355	0.0242436	1	1	1	0	1	1	1	1	1	1	chr1
rs12144559	243559912	rs61833239	0.0122308	1	0	0	0	0	0	0	0	0	0	chr1
rs12146541	57741206	rs7938083	0.0269811	1	1	1	1	1	1	1	1	1	1	chr11
rs12147596	103540379	rs10873538	1.51612e-4	0	0	1	0	0	0	0	0	1	1	chr14
rs12147655	103384569	rs10873538	1.67642e-4	0	1	1	0	0	1	1	1	1	1	chr14
rs12158335	41928618	rs5751191	0.0152894	0	0	0	0	0	0	1	0	1	0	chr22
rs12160628	40721437	rs5751191	6.45598e-4	1	1	1	0	0	1	1	1	0	1	chr22
rs12168969	42269111	rs5751191	0.00103681	0	0	0	0	0	1	0	0	0	1	chr22
rs12175973	64233998	rs6925079	7.2028e-4	1	0	1	0	1	0	0	0	0	0	chr6
rs12303671	124008063	rs12311848	0.0284354	1	1	0	0	1	0	1	0	0	0	chr12
rs12355452	18582521	rs6482437	0.0109589	0	0	1	0	0	0	0	0	0	0	chr10
rs12356125	18618998	rs6482437	0.00892908	1	0	1	0	1	0	0	0	1	0	chr10
rs12357063	18514409	rs6482437	0.00834759	0	0	0	0	0	1	0	0	0	0	chr10
rs12360345	18582520	rs6482437	0.01096	0	0	1	0	0	0	0	0	0	0	chr10
rs12361880	134033017	rs4936215	0.0889536	0	1	0	0	0	1	1	1	1	0	chr11
rs12416687	102869254	rs79668541	0.0242595	1	1	1	0	1	1	1	1	1	1	chr10
rs12430879	57760872	rs9569820	0.00165488	1	0	0	0	0	0	0	0	0	0	chr13
rs12466788	174072123	rs9287971	1.79793e-4	0	0	0	0	0	0	1	0	0	1	chr2
rs12484315	41561212	rs5751191	0.00221396	1	1	1	0	1	1	1	1	1	1	chr22
rs12485198	41621056	rs5751191	0.00290252	1	1	1	1	1	1	1	1	1	1	chr22
rs12490667	53259970	rs2710323	0.00228538	0	0	1	0	0	0	0	0	1	0	chr3
rs12498839	175810250	rs41533650	0.201126	1	0	0	0	0	1	1	1	0	1	chr4
rs12500012	175943850	rs41533650	0.0323601	0	1	0	0	1	0	1	1	0	0	chr4
rs12529170	164764492	rs6919146	0.00676377	0	0	0	0	0	0	0	1	0	0	chr6
rs12545278	34663764	rs79445414	9.87687e-4	0	0	0	0	0	0	0	0	1	1	chr8
rs12547489	34663805	rs79445414	0.00101995	0	0	0	0	0	0	0	0	1	1	chr8
rs12549337	1080187	rs2600490	0.00480971	0	1	0	0	0	1	1	0	0	1	chr8
rs1261877	113123959	rs2514218	0.00347605	0	0	0	0	0	0	1	0	0	0	chr11
rs1261878	113137598	rs2514218	6.76439e-4	0	0	0	0	0	1	1	0	0	0	chr11
rs12624309	25215016	rs141216273	9.6053e-4	0	0	0	0	0	0	0	0	0	1	chr2
rs12655993	152694529	rs10515678	0.00194418	0	0	0	0	0	0	0	1	0	1	chr5
rs12656571	109742339	rs35164357	0.00532566	0	1	1	0	0	0	1	1	1	1	chr5
rs12675948	110585867	rs10086619	0.0520613	1	0	0	0	0	0	0	0	0	0	chr8
rs12677898	27655269	rs73229090	1.3401e-4	0	0	0	0	0	0	1	0	0	0	chr8
rs12678205	38382490	rs7816998	0.00503465	1	1	1	1	1	1	1	1	1	1	chr8
rs12681196	38379076	rs7816998	0.0251004	0	0	0	0	0	1	0	0	0	0	chr8
rs12712498	22500415	rs12712510	0.00502209	1	0	0	0	0	0	0	0	0	0	chr2
rs12713779	72940421	rs999494	0.114612	0	0	1	0	0	0	0	0	0	0	chr2
rs12752825	243851993	rs61833239	2.05945e-4	0	0	1	0	0	0	0	0	0	0	chr1
rs12766391	62681444	rs7915131	0.00753421	0	0	0	0	1	0	0	0	0	0	chr10
rs12792462	133933740	rs4936215	6.95258e-4	1	0	0	0	0	0	0	0	0	0	chr11
rs12823740	123973455	rs12311848	0.00863127	1	0	1	0	0	1	0	0	1	0	chr12
rs12834723	6120393	rs12008603	0.0049097	0	0	0	0	0	1	0	0	0	0	chrX
rs12866015	58079231	rs9569820	0.00292533	0	0	0	0	0	0	0	1	0	0	chr13
rs12880077	103540005	rs10873538	1.58123e-4	0	0	0	0	0	0	0	0	1	1	chr14
rs12880224	103540077	rs10873538	1.61859e-4	0	0	0	0	0	0	0	0	1	1	chr14
rs12885878	103541218	rs10873538	6.25464e-4	1	0	1	0	0	0	1	1	0	0	chr14
rs12891360	103541822	rs10873538	3.03837e-4	1	0	0	0	0	0	1	0	1	1	chr14
rs12894729	103568955	rs10873538	1.58049e-4	0	1	0	0	0	1	1	1	0	1	chr14
rs12904605	84658188	rs11638554	0.0244611	1	1	1	1	1	1	1	1	1	1	chr15
rs12932628	89566317	rs11076631	0.0182316	1	0	1	0	0	1	1	0	0	1	chr16
rs12938078	57665916	rs4793888	0.0729568	0	0	0	0	0	0	1	0	0	0	chr17
rs12969453	55084477	rs9636107	0.128623	0	0	0	0	0	0	1	0	0	0	chr18
rs12988249	58238103	rs2717003	0.00342371	1	0	1	0	0	0	0	0	0	0	chr2
rs12991836	144383974	rs12991836	0.723442	1	0	0	0	0	0	0	0	0	0	chr2
rs13009259	144404335	rs12991836	0.0192823	0	0	0	0	0	0	1	0	0	0	chr2
rs13013418	144444808	rs12991836	0.0237335	0	0	0	0	0	0	0	1	0	0	chr2
rs13015195	48530444	rs12713008	0.00238973	0	0	1	0	0	0	0	1	0	1	chr2
rs13015451	37323942	rs3770752	0.0458406	1	1	1	0	1	1	1	1	1	1	chr2
rs13057094	42074313	rs5751191	7.8857e-4	0	1	0	0	0	0	0	0	0	0	chr22
rs13059189	53254459	rs2710323	0.00205185	1	0	0	0	0	0	1	0	0	1	chr3
rs13101181	53254208	rs2710323	0.00207294	0	0	0	0	0	0	1	0	0	1	chr3
rs13156828	153197356	rs10515678	0.001019687	0	0	0	0	0	1	0	0	0	0	chr5
rs13164092	138505171	rs10117	0.0299095	1	1	0	0	0	1	0	0	1	0	chr5
rs13174863	139701160	rs9687282	0.0413501	0	0	0	0	0	0	0	1	0	1	chr5
rs13187261	152907179	rs10515678	0.00609365	0	0	0	0	0	1	1	0	0	0	chr5
rs13244007	133576071	rs35792732	0.0271117	1	1	1	0	1	0	0	1	1	1	chr7
rs132582	39592170	rs732381	0.00325179	1	0	0	0	0	0	0	0	0	0	chr22
rs1330739	58549635	rs9569820	0.00158822	0	0	1	0	0	0	0	0	0	0	chr13
rs13317	38411996	rs7816998	0.00441487	0	0	0	0	0	0	0	1	0	0	chr8
rs133371	42069570	rs5751191	9.65775e-4	1	0	0	0	0	0	0	0	0	0	chr22
rs133374	42069937	rs5751191	9.47365e-4	1	0	0	1	0	0	0	0	0	0	chr22
rs133375	42070505	rs5751191	9.96305e-4	1	0	0	0	0	1	1	0	1	0	chr22
rs133377	42070946	rs5751191	7.80062e-4	1	1	1	1	1	1	1	1	1	1	chr22
rs133378	42071691	rs5751191	9.09547e-4	0	0	0	0	0	1	0	0	0	0	chr22
rs133381	42074604	rs5751191	8.90436e-4	1	0	1	0	0	1	1	1	1	1	chr22
rs13388257	172092806	rs62184960	0.0874198	0	1	0	0	0	0	0	1	1	0	chr2
rs13390848	172092915	rs62184960	0.0874198	0	1	0	0	0	0	0	1	1	0	chr2
rs13400104	232945489	rs778371	0.0257389	1	0	0	0	0	0	0	0	0	0	chr2
rs13419191	2325568	rs6715366	0.0782917	0	1	0	0	0	0	0	0	0	0	chr2
rs13420827	25231099	rs141216273	0.00352582	0	0	1	0	0	0	0	0	0	0	chr2
rs1352254	98131997	rs1198588	0.00191738	0	0	1	0	0	0	0	0	0	0	chr1
rs13596	8361143	rs11121172	0.0342538	1	1	0	0	0	1	0	0	0	1	chr1
rs137903012	243316734	rs61833239	2.51441e-4	0	0	1	0	0	1	1	1	1	1	chr1
rs1380373	117815840	rs28521069	0.00231852	0	0	0	0	0	1	0	0	0	0	chr4
rs1391239	164555447	rs6919146	0.003549661	0	1	0	0	0	0	0	0	0	0	chr6
rs139889128	98057231	rs1198588	6.07364e-4	0	0	0	0	0	0	0	1	0	0	chr1
rs140025566	122097946	rs143116451	0.00656099	0	0	1	0	0	1	1	1	1	0	chr12
rs140163079	45908733	rs12285419	7.33662e-5	1	0	0	0	0	0	0	0	0	0	chr11
rs140887381	46294028	rs12285419	4.21091e-5	0	0	1	0	0	0	0	0	0	0	chr11
rs141216273	25376303	rs141216273	0.999247	0	0	0	0	0	1	1	1	0	1	chr2
rs141598864	103871315	rs10873538	1.17328e-4	0	0	0	0	0	0	0	0	0	1	chr14
rs1417121	243506048	rs61833239	1.24915e-4	0	0	0	1	0	0	0	0	0	0	chr1
rs141758483	46489927	rs12285419	2.28907e-5	1	1	1	0	0	1	0	0	0	1	chr11
rs141958336	2165384	rs144821294	0.010313	1	1	1	1	0	1	1	1	1	1	chr19
rs142710744	43651505	rs11210892	1.97875e-4	0	0	0	0	0	0	0	0	0	1	chr1
rs143590968	89370026	rs2238304	5.08344e-4	0	1	1	0	0	1	0	1	1	1	chr15
rs1436109	113120896	rs2514218	5.5653e-4	0	0	1	0	0	0	0	0	0	0	chr11
rs143679453	122102430	rs143116451	0.00576397	0	1	0	0	0	0	1	0	0	1	chr12
rs1441423	142953532	rs1510136	0.00871436	0	0	1	0	0	0	0	0	0	0	chr4
rs144358463	47540689	rs12285419	4.29182e-5	0	0	0	0	0	1	0	0	0	0	chr11
rs1444377	33716198	rs1454606	6.111e-4	1	0	0	0	1	0	0	0	0	0	chr4
rs145236749	138491397	rs10117	0.00128755	0	0	0	0	0	1	1	0	1	0	chr5
rs146202776	133987795	rs4936215	0.00151998	0	0	0	0	0	0	1	0	0	0	chr11
rs1462114	153313807	rs10515678	0.003472195	0	0	0	0	0	1	0	0	0	0	chr5
rs1462115	153313873	rs10515678	0.00272438	0	0	0	0	0	1	0	0	0	0	chr5
rs1469705	30548088	rs8104557	0.0202853	0	1	0	0	0	0	0	1	0	0	chr19
rs147666686	46339795	rs12285419	6.56706e-5	0	0	0	1	0	0	0	0	0	0	chr11
rs147802020	122101036	rs143116451	0.00549615	0	0	0	0	0	0	0	1	0	1	chr12
rs1482327	69128502	rs9454727	0.00174889	1	0	0	0	0	1	0	1	0	0	chr6
rs148547652	34287754	rs79445414	7.78707e-5	1	0	0	0	0	0	0	0	0	0	chr8
rs148683230	46119871	rs12285419	8.96265e-5	1	1	1	0	0	1	1	1	1	1	chr11
rs149985924	57734206	rs9569820	7.90975e-5	0	0	0	0	0	0	0	1	0	0	chr13
rs1499894	71522545	rs60135207	0.0306463	0	0	0	0	0	1	0	0	0	0	chr3
rs1499895	71522516	rs60135207	0.0198288	0	0	0	0	0	1	0	0	0	0	chr3
rs150292	89392309	rs2238304	0.00101266	0	1	0	0	0	0	0	0	0	0	chr15
rs150293	89391586	rs2238304	9.79113e-4	1	0	1	0	0	0	1	0	1	0	chr15
rs150294	89387917	rs2238304	6.77366e-4	0	1	0	0	0	0	0	0	0	0	chr15
rs150296	89398632	rs2238304	6.64291e-4	0	1	0	0	0	0	0	0	0	0	chr15
rs150297	89398648	rs2238304	6.65088e-4	0	1	0	0	0	0	0	0	0	0	chr15
rs150298	89399809	rs2238304	0.00544568	0	0	1	0	1	0	1	1	1	0	chr15
rs150299	89400106	rs2238304	0.00617674	0	0	0	0	1	1	0	0	0	0	chr15
rs150301	89402730	rs2238304	0.0387	1	1	0	0	0	0	1	0	0	1	chr15
rs150302	89403558	rs2238304	0.00331231	1	1	1	0	0	0	1	1	1	1	chr15
rs150351	89387357	rs2238304	9.30905e-4	0	0	1	0	0	0	1	0	0	0	chr15
rs150354	89402348	rs2238304	0.00124083	0	0	1	0	0	0	1	1	1	1	chr15
rs150956438	46012152	rs12285419	2.66953e-5	0	0	0	0	0	0	0	0	0	1	chr11
rs150975224	41562375	rs5751191	0.00237191	0	0	0	0	0	0	1	0	0	0	chr22
rs1510137	142961860	rs1510136	0.0234467	0	0	0	0	0	0	1	0	0	0	chr4
rs1516584	80535597	rs28490262	0.00291509	0	0	0	0	0	1	0	0	0	0	chr3
rs1520589	80746019	rs28490262	0.00414293	0	0	0	0	0	1	0	0	0	0	chr3
rs1520590	80746105	rs28490262	0.00387393	0	0	0	0	0	1	0	0	0	0	chr3
rs1523842	79724733	rs1589726	0.0112055	0	0	0	0	0	0	0	1	0	0	chr7
rs1532965	36819705	rs75968099	0.0386155	0	0	1	0	0	0	0	0	0	0	chr3
rs1546416	201040428	rs12126806	2.56559e-4	0	0	0	0	0	0	0	0	1	0	chr1
rs155364	140966883	rs10069930	0.00460457	1	1	1	0	1	1	1	1	1	1	chr5
rs1554888	86374569	rs6943762	0.00257572	1	0	0	0	0	0	0	0	0	0	chr7
rs1560344	27460470	rs73229090	3.48592e-4	0	0	0	0	0	0	0	0	1	0	chr8
rs1593304	131935088	rs1593304	0.778017	0	1	0	0	0	0	0	1	0	0	chr7
rs1593657	92404307	rs634940	0.00868197	1	0	0	0	0	0	0	0	0	0	chr6
rs159961	8424168	rs11121172	0.0284667	1	0	0	1	0	1	0	0	0	0	chr1
rs159969	153350495	rs10515678	0.00265063	0	0	0	0	0	0	1	1	0	0	chr5
rs159972	153352846	rs10515678	0.003105075	0	1	0	0	0	1	1	0	0	0	chr5
rs159973	153353281	rs10515678	0.003199354	0	0	0	0	0	1	0	0	0	0	chr5
rs1635288	45679603	rs2532240	1.93318e-4	1	0	0	0	0	0	0	0	0	0	chr17
rs1647181	137395300	rs13230189	0.0107945	0	0	0	0	0	0	0	0	1	0	chr7
rs16851037	177302177	rs16851048	0.179247	1	0	0	0	0	0	0	0	0	0	chr1
rs16862442	174160547	rs9287971	0.00109285	0	1	0	0	0	1	1	1	1	1	chr2
rs16867571	89447402	rs115325222	0.0144356	0	0	1	0	0	0	0	1	0	0	chr5
rs16917546	62637778	rs7915131	0.0123744	0	0	0	1	0	0	0	0	0	0	chr10
rs16964244	30493202	rs8104557	0.0101387	0	0	0	0	0	0	0	1	0	0	chr19
rs16997690	6059541	rs12008603	0.044634	0	1	0	0	0	1	0	1	0	1	chrX
rs17008495	72936879	rs999494	0.0472057	1	1	1	0	1	0	0	0	0	0	chr2
rs17012055	76019306	rs11897811	0.0396168	0	0	0	0	0	1	0	1	0	0	chr2
rs17057441	27595505	rs73229090	2.47865e-4	0	0	0	0	0	0	0	0	1	0	chr8
rs17101505	103333317	rs10873538	0.0162248	1	1	1	0	1	1	1	1	1	1	chr14
rs17104975	71961917	rs2190864	0.0152949	0	0	0	0	0	1	0	0	0	0	chr14
rs17117616	98111356	rs1198588	4.18651e-4	1	0	0	0	0	0	0	0	0	0	chr1
rs17193574	58328743	rs9569820	0.00141354	0	0	0	0	0	1	0	0	0	0	chr13
rs17195098	36852474	rs75968099	0.00859822	0	0	1	0	0	0	0	0	0	0	chr3
rs17221259	14257551	rs61920311	0.0613332	0	1	1	0	0	0	1	0	1	0	chr12
rs17263011	57741038	rs9569820	1.14952e-4	1	1	1	0	1	1	1	1	1	1	chr13
rs17319260	174161907	rs9287971	4.88731e-4	0	0	0	0	0	0	0	0	0	1	chr2
rs17382292	81460051	rs72943392	0.00341281	0	0	0	0	0	0	0	0	1	0	chr11
rs17384174	81484498	rs72943392	0.00676355	0	1	0	0	0	0	0	1	0	1	chr11
rs17509991	55399953	rs9636107	0.00807309	1	0	1	0	0	0	0	0	0	0	chr18
rs17510124	55401449	rs9636107	0.0527658	0	1	0	0	0	0	0	0	0	0	chr18
rs17552639	154271899	rs11740474	0.0291348	1	1	0	0	0	0	0	0	0	0	chr5
rs17563827	45740856	rs2532240	9.69083e-4	0	0	1	0	0	0	1	1	0	1	chr17
rs17573858	46013430	rs2532240	1.50935e-4	0	0	1	0	0	0	0	0	0	0	chr17
rs17582398	155022495	rs35026989	0.0119866	0	0	1	0	0	0	0	0	0	0	chr2
rs17595212	55410004	rs9636107	0.0085769	0	1	0	0	0	0	0	0	0	0	chr18
rs17609936	103333762	rs10873538	1.36725e-4	0	0	1	0	1	1	1	1	1	1	chr14
rs17643450	155022546	rs35026989	0.00967404	0	0	1	0	0	0	0	0	0	0	chr2
rs17650842	45960125	rs2532240	1.43986e-4	1	0	0	0	0	0	0	0	0	0	chr17
rs17650973	45966854	rs2532240	1.43986e-4	1	0	0	0	0	0	0	0	0	0	chr17
rs17650991	45967142	rs2532240	1.43986e-4	1	0	0	0	0	0	0	0	0	0	chr17
rs176644	89370401	rs2238304	9.45018e-4	1	1	1	0	0	0	1	0	1	0	chr15
rs176646	89375864	rs2238304	0.00152594	1	1	0	0	1	0	1	1	1	1	chr15
rs176647	89378738	rs2238304	0.00100857	1	1	1	0	0	1	1	0	1	0	chr15
rs176648	89396297	rs2238304	0.0167807	0	1	1	0	1	0	0	0	1	0	chr15
rs17677434	144462121	rs12991836	0.0196314	1	0	0	0	0	1	1	1	0	1	chr2
rs17687838	45681682	rs2532240	5.73208e-4	0	0	0	0	0	0	0	0	1	0	chr17
rs17688090	45687621	rs2532240	5.43054e-4	1	0	0	0	0	0	0	0	0	0	chr17
rs17688126	45687714	rs2532240	5.43054e-4	1	0	0	0	0	0	0	0	0	0	chr17
rs17738837	144438629	rs12991836	0.0790731	0	0	0	0	0	0	0	0	1	0	chr2
rs17748715	69332153	rs9454727	0.0045302	1	0	0	0	0	0	0	0	0	0	chr6
rs17787304	46000155	rs12285419	6.30772e-5	1	0	0	0	0	0	0	0	0	0	chr11
rs17811616	107690541	rs167924	0.00145958	1	1	0	0	1	1	1	0	0	0	chr3
rs178734	128074366	rs35045093	0.00105936	0	1	0	0	0	0	0	0	1	1	chr7
rs17884001	102901488	rs79668541	0.00399088	1	0	0	0	1	0	0	0	0	0	chr10
rs1789595	56108023	rs715170	0.202104	0	0	0	0	0	0	1	0	0	1	chr18
rs1801311	42090719	rs5751191	0.00105115	1	1	1	1	1	1	1	1	1	1	chr22
rs1805611	181057199	rs7647398	0.00517146	0	1	0	0	0	0	1	0	0	0	chr3
rs1805646	181056885	rs7647398	0.0138493	1	0	0	0	1	0	0	0	0	0	chr3
rs181678098	90019408	rs11076631	4.41724e-4	1	1	1	0	0	1	1	1	1	1	chr16
rs182317	89400370	rs2238304	0.0550371	1	1	1	0	1	1	1	1	1	1	chr15
rs1824849	150160432	rs12138231	0.00716294	0	0	0	1	0	0	0	0	0	0	chr1
rs183072	139674448	rs9687282	0.015021	1	1	1	0	0	0	1	0	0	1	chr5
rs1858999	19386860	rs1858999	0.0502214	0	0	1	0	0	1	1	0	0	0	chr19
rs1859466	138439392	rs10117	8.52735e-4	0	1	1	1	0	1	1	0	0	1	chr5
rs1861221	56671549	rs758749	0.0527389	0	0	0	0	1	0	0	0	0	0	chr19
rs187167	139649415	rs9687282	0.0231518	1	0	0	0	1	0	1	0	0	0	chr5
rs1877163	164796045	rs6919146	3.811e-4	1	0	0	0	0	0	0	0	0	0	chr6
rs1877164	164795990	rs6919146	0.00155465	1	0	0	0	0	0	0	0	0	0	chr6
rs1877165	164795961	rs6919146	3.81133e-4	1	0	0	0	0	0	0	0	0	0	chr6
rs1878287	232925939	rs778371	0.00583525	0	1	0	0	0	1	0	0	0	0	chr2
rs1878289	232926898	rs778371	9.59939e-4	0	0	0	0	0	0	0	1	0	0	chr2
rs1884352	8477229	rs11121172	6.34126e-4	0	0	1	0	0	0	0	0	0	0	chr1
rs1885459	38686293	rs6065094	0.00555643	0	0	0	0	0	0	0	0	1	1	chr20
rs1885460	38685827	rs6065094	0.00588641	0	0	0	0	0	0	0	0	1	1	chr20
rs192230289	25231235	rs141216273	0.553956	0	0	1	0	0	0	0	0	0	0	chr2
rs192231	140868954	rs10069930	0.00294122	1	0	0	0	0	0	1	1	0	1	chr5
rs192721	64378496	rs10957321	0.0365505	1	0	0	0	0	1	0	0	1	0	chr8
rs1953613	68968025	rs9454727	0.433459	0	0	1	0	0	0	1	1	1	1	chr6
rs1970690	72107714	rs337718	0.00785866	0	0	0	0	1	0	0	0	1	1	chr18
rs1984937	45903164	rs2532240	2.51092e-4	0	0	0	0	0	0	0	1	0	0	chr17
rs199523	46771151	rs2532240	1.38463e-4	1	1	1	0	0	1	1	0	0	1	chr17
rs199524	46771072	rs2532240	1.38463e-4	1	1	1	0	0	1	1	0	0	1	chr17
rs199530	46759287	rs2532240	1.80387e-4	1	0	0	0	0	0	0	1	0	0	chr17
rs1995681	201036678	rs12126806	4.15819e-4	0	0	0	0	1	0	0	0	0	0	chr1
rs199627764	34516519	rs79445414	0.00122081	0	0	0	0	0	1	0	0	0	0	chr8
rs2000852	133968326	rs4936215	8.34695e-4	0	0	1	0	0	0	0	0	0	0	chr11
rs2000853	133968522	rs4936215	0.0010429	0	0	1	0	0	0	0	1	0	0	chr11
rs2004203	232925737	rs778371	0.00108716	0	1	0	0	0	0	0	0	0	0	chr2
rs2024774	8510397	rs11121172	4.44947e-4	1	0	0	0	0	1	1	1	0	1	chr1
rs2034915	243715201	rs61833239	0.00333045	0	0	0	0	0	0	0	0	0	1	chr1
rs2043273	138595402	rs10117	0.0166349	0	1	0	0	0	1	0	0	0	0	chr5
rs2087563	243254761	rs61833239	3.26557e-4	1	1	1	0	0	1	1	0	1	0	chr1
rs208824	89384329	rs2238304	7.57067e-4	0	1	1	0	0	0	1	0	0	1	chr15
rs208826	89383568	rs2238304	0.0012493	1	1	1	0	1	1	1	1	1	1	chr15
rs208827	89399100	rs2238304	0.0660593	0	1	1	0	1	0	1	1	1	0	chr15
rs2106785	45841739	rs2532240	6.02123e-4	0	0	0	0	0	0	0	0	1	0	chr17
rs2110398	60273349	rs4672366	0.00369191	0	0	1	0	0	1	0	1	1	1	chr2
rs2113890	131941144	rs1593304	0.0127706	1	0	1	0	0	0	0	0	1	0	chr7
rs2118788	152994461	rs10515678	0.00147024	1	0	0	0	1	0	0	0	0	0	chr5
rs2118792	153130559	rs10515678	0.002871199	0	0	0	0	0	0	0	1	0	0	chr5
rs2120677	33723783	rs1454606	7.50067e-4	0	1	0	0	0	0	1	0	0	0	chr4
rs2138767	47608241	rs12285419	3.17677e-5	1	0	0	0	0	0	0	0	0	0	chr11
rs214469	111224243	rs38752	0.0126575	0	0	0	0	0	0	0	1	0	0	chr7
rs2160067	60273280	rs4672366	0.0700362	0	0	1	0	0	1	0	0	1	1	chr2
rs2164411	25230037	rs141216273	0.00223851	1	0	0	0	0	0	0	0	0	0	chr2
rs2166108	33724009	rs1454606	0.00355872	0	1	0	0	0	0	1	0	0	0	chr4
rs2192395	86357310	rs6943762	0.00179816	0	0	0	0	0	0	1	0	0	0	chr7
rs2192932	105012818	rs2252074	0.0103702	0	0	0	1	0	0	0	0	0	0	chr7
rs2195450	153491449	rs10515678	1.60748e-4	1	1	1	0	1	0	1	0	0	1	chr5
rs2195451	153459661	rs10515678	3.73477e-5	1	1	0	0	0	1	1	1	0	1	chr5
rs2197478	58144476	rs9569820	5.33964e-4	0	0	0	0	0	0	0	0	0	1	chr13
rs2218501	58144544	rs9569820	5.12386e-4	0	0	0	0	0	0	0	0	0	1	chr13
rs223332	102869029	rs6839635	0.00294151	1	0	1	0	1	0	0	0	1	1	chr4
rs223333	102868653	rs6839635	0.0033626	1	0	0	0	0	1	1	1	0	0	chr4
rs223385	102829159	rs6839635	0.00196363	0	0	0	0	1	0	0	0	0	0	chr4
rs223386	102829111	rs6839635	0.00196363	0	0	0	0	1	0	0	0	0	0	chr4
rs223387	102828359	rs6839635	0.00240142	1	1	1	0	1	1	1	0	1	0	chr4
rs223388	102828287	rs6839635	0.00196363	1	1	1	0	1	1	1	0	1	1	chr4
rs223390	102827640	rs6839635	0.00172243	0	1	0	1	0	0	0	1	0	1	chr4
rs2236657	134034290	rs4936215	0.00933127	0	1	1	1	1	1	1	1	1	1	chr11
rs2236855	28835487	rs61786047	0.00438424	1	1	1	0	0	1	1	1	1	1	chr1
rs2236856	28835313	rs61786047	0.0045431	1	1	0	0	0	1	1	1	0	1	chr1
rs2236857	28835097	rs61786047	0.00405021	0	0	0	0	0	0	0	0	0	1	chr1
rs2236861	28813244	rs61786047	2.78846e-4	0	1	0	0	0	0	0	0	0	0	chr1
rs2241659	27442571	rs73229090	0.0041347	0	0	0	0	0	0	0	0	1	0	chr8
rs2241660	27442604	rs73229090	0.00424579	0	0	0	0	0	0	0	0	1	0	chr8
rs2246490	103517957	rs10873538	2.46479e-4	0	1	1	0	0	0	0	0	0	1	chr14
rs2251802	43451966	rs11210892	0.0059506	0	0	0	0	0	1	1	0	0	1	chr1
rs2251804	43451738	rs11210892	0.0101509	0	0	0	0	0	1	0	0	0	0	chr1
rs2258287	121016510	rs2649999	0.00817265	1	1	1	1	1	1	1	1	1	1	chr12
rs2269524	42079699	rs5751191	8.81314e-4	0	1	1	1	1	0	1	1	0	1	chr22
rs2271845	45913702	rs12285419	4.56223e-4	0	0	1	0	0	0	0	0	0	0	chr11
rs2274267	103563112	rs10873538	1.61559e-4	1	0	1	1	0	1	1	1	0	0	chr14
rs2281824	103333734	rs10873538	0.0267336	0	1	1	0	1	1	1	1	1	1	chr14
rs2281825	103333977	rs10873538	3.15443e-4	1	1	1	1	1	1	1	1	1	1	chr14
rs2283288	2189882	rs10774034	0.00155722	0	0	0	0	0	1	0	0	0	0	chr12
rs2283430	89333005	rs2238304	5.35738e-4	0	0	0	0	0	0	0	0	1	0	chr15
rs2284989	109740787	rs35164357	0.00501504	0	0	0	0	1	0	0	0	1	0	chr5
rs2292724	232884968	rs778371	0.00811535	0	0	0	0	0	1	0	0	0	0	chr2
rs2292725	232885364	rs778371	0.00366608	0	0	0	0	0	1	0	0	0	0	chr2
rs2295958	173900492	rs61828917	0.00148618	0	0	0	0	0	0	0	0	1	0	chr1
rs2296483	103563455	rs10873538	1.36391e-4	0	0	0	0	0	0	0	1	0	0	chr14
rs2297786	102920221	rs79668541	0.00202937	0	1	1	0	0	0	0	0	0	0	chr10
rs2297913	200973306	rs12126806	3.91884e-4	0	0	0	0	1	0	0	0	0	0	chr1
rs2298897	28839325	rs61786047	9.52594e-4	0	0	0	0	0	0	1	0	0	1	chr1
rs2300628	146423688	rs2206956	0.00904309	0	0	1	0	1	0	0	0	0	0	chr6
rs2300999	109749106	rs35164357	0.00642469	0	0	0	0	0	0	1	0	0	0	chr5
rs2304204	49665763	rs2304205	0.089671	1	1	1	1	0	1	1	1	1	1	chr19
rs2304205	49665670	rs2304205	0.271623	1	1	1	1	0	1	1	1	1	1	chr19
rs2304206	49665614	rs2304205	0.249493	0	0	0	0	0	0	0	0	1	0	chr19
rs2315271	9828646	rs9926049	0.00552498	0	0	0	0	0	1	0	0	0	0	chr16
rs2322583	27465886	rs73229090	2.3679e-4	1	1	1	1	0	1	1	1	1	1	chr8
rs2322584	27465874	rs73229090	2.31694e-4	1	1	1	1	0	1	1	1	1	1	chr8
rs2322586	27465665	rs73229090	2.9196e-4	1	1	1	1	0	1	1	1	1	1	chr8
rs2333324	175946473	rs41533650	0.0717192	1	0	0	0	0	0	0	0	0	0	chr4
rs2333325	175947210	rs41533650	0.0934297	1	0	0	0	0	0	1	0	0	0	chr4
rs2333896	131849057	rs1593304	0.0329279	0	1	0	0	0	1	1	1	0	1	chr7
rs2357928	18260712	rs6482437	0.112494	0	0	1	0	1	1	1	0	1	0	chr10
rs2403194	103545092	rs10873538	3.09844e-4	1	0	1	0	0	0	1	0	0	1	chr14
rs242561	45949182	rs2532240	2.26855e-4	1	0	1	1	0	1	1	1	1	1	chr17
rs2435204	45910839	rs2532240	2.5782e-4	1	0	0	0	0	0	0	0	0	0	chr17
rs2478978	43565986	rs11210892	2.23265e-4	1	1	1	0	1	1	1	1	1	1	chr1
rs2482107	18258402	rs6482437	0.00127635	0	0	0	0	0	1	0	0	0	0	chr10
rs2527312	71349417	rs10238960	0.00482705	1	0	0	0	0	0	1	0	0	0	chr7
rs2555738	92504872	rs634940	0.00153696	0	0	0	0	0	1	0	0	0	0	chr6
rs2560231	153299616	rs10515678	0.002608826	0	0	0	0	0	1	1	0	0	1	chr5
rs2565061	27467327	rs73229090	1.41795e-4	0	0	1	0	0	0	0	0	0	0	chr8
rs2592118	232927715	rs778371	0.00108696	0	1	0	0	0	0	0	0	0	0	chr2
rs2592127	232926938	rs778371	9.22949e-4	0	0	0	0	0	0	0	1	0	0	chr2
rs2612604	64418059	rs10957321	0.0212582	1	0	0	0	0	1	1	1	0	0	chr8
rs2661868	8409729	rs11121172	0.00113024	0	0	1	0	0	0	0	0	0	0	chr1
rs2675959	232927278	rs778371	0.00625973	1	0	0	0	0	1	0	1	0	0	chr2
rs2675960	232927399	rs778371	0.00104593	1	1	0	0	0	1	0	0	0	0	chr2
rs2676415	33473094	rs79445414	7.89566e-5	1	1	1	1	1	1	1	1	1	1	chr8
rs2683634	57886860	rs2717003	0.0129956	0	1	1	0	0	0	0	0	0	0	chr2
rs2689810	79789657	rs1589726	0.0028732	1	0	0	0	1	0	0	0	0	0	chr7
rs2696633	46192693	rs2532240	4.97501e-4	1	1	0	0	0	1	1	1	1	1	chr17
rs2701903	1054029	rs2600490	0.00369956	1	0	0	0	0	0	0	0	0	0	chr8
rs2701905	1053482	rs2600490	0.00418681	0	0	0	0	1	0	0	0	0	0	chr8
rs2707915	79742276	rs1589726	0.00255226	0	0	0	0	1	0	0	0	0	0	chr7
rs2736990	89757390	rs356183	0.00678861	1	0	0	0	1	1	0	0	0	0	chr4
rs2741343	27468610	rs73229090	0.00109634	0	0	0	0	0	0	0	0	0	1	chr8
rs2757023	92406194	rs634940	0.0014221	0	0	0	0	0	0	1	0	0	0	chr6
rs2757024	92406184	rs634940	0.00112875	0	0	0	0	0	0	1	0	0	0	chr6
rs2782647	43435787	rs11210892	0.00365422	0	1	0	0	0	0	0	0	0	1	chr1
rs2782651	43455015	rs11210892	2.07592e-4	0	0	0	1	0	0	0	0	0	0	chr1
rs2783971	243311234	rs61833239	2.08214e-4	0	0	0	0	0	0	0	0	0	1	chr1
rs2784002	56365881	rs9597388	0.0611243	0	0	0	0	0	1	0	0	0	0	chr13
rs2784739	8437498	rs11121172	8.39895e-4	0	1	0	0	0	0	1	1	0	1	chr1
rs2784740	8440997	rs11121172	7.03133e-4	0	0	0	0	0	0	1	0	0	0	chr1
rs28138	71891970	rs2190864	0.0324794	0	0	0	0	0	1	0	0	0	0	chr14
rs28365859	1400484	rs3752827	0.165166	1	1	1	1	1	1	1	1	1	1	chr17
rs28384701	41620522	rs5751191	0.00405332	0	1	0	0	0	1	1	1	1	1	chr22
rs28394002	33725053	rs1454606	7.14423e-4	0	0	0	0	0	0	0	1	0	0	chr4
rs28413956	162018754	rs13090130	0.00337012	0	0	1	0	0	0	0	0	0	0	chr3
rs2842180	43436245	rs11210892	0.00321598	0	0	0	0	0	0	0	0	0	1	chr1
rs2856268	89335160	rs2238304	4.76144e-4	1	1	0	0	0	1	1	1	1	0	chr15
rs2859438	42070976	rs5751191	8.84557e-4	1	1	1	1	1	1	1	1	1	1	chr22
rs28649009	177051099	rs7609876	0.0445688	1	1	0	0	1	1	1	1	1	1	chr3
rs28676999	40277683	rs56205728	0.178018	0	0	0	1	0	0	0	0	0	0	chr15
rs28737311	122116742	rs143116451	0.00910283	0	1	0	0	0	0	0	0	0	0	chr12
rs2880986	232925765	rs778371	0.00116286	0	1	0	0	0	1	0	0	0	0	chr2
rs2901000	60274081	rs4672366	0.0034483	0	0	1	0	0	0	0	0	0	1	chr2
rs2904315	48088396	rs12285419	3.08767e-5	0	0	1	0	0	0	0	0	0	0	chr11
rs2905425	19364908	rs1858999	0.00575294	1	0	0	1	0	0	1	1	0	1	chr19
rs2905426	19367213	rs1858999	0.0397586	0	0	1	1	0	0	1	0	0	1	chr19
rs2905427	19367214	rs1858999	0.0397586	0	0	1	1	0	0	1	0	0	1	chr19
rs2905432	19373486	rs1858999	0.0433914	0	0	0	1	0	0	0	0	0	0	chr19
rs2905435	19385145	rs1858999	0.0346477	1	0	1	0	0	0	0	0	0	0	chr19
rs2944590	232927497	rs778371	0.00113563	1	1	0	0	0	1	0	0	0	0	chr2
rs2944819	72336647	rs2944821	0.020123	1	1	1	0	1	1	0	0	0	0	chr7
rs2944820	72336300	rs2944821	0.024996	1	0	1	0	0	1	0	0	0	0	chr7
rs2959100	45993587	rs12285419	2.78872e-5	1	1	1	0	0	1	0	1	1	1	chr11
rs2959101	45996588	rs12285419	3.23075e-5	1	0	0	0	0	0	0	0	0	0	chr11
rs2961757	152557157	rs10515678	4.50325e-5	1	1	1	0	1	1	1	1	1	1	chr5
rs296564	200975036	rs12126806	5.26101e-4	1	0	0	0	0	1	0	0	0	0	chr1
rs296565	200974929	rs12126806	3.5196e-4	0	0	0	0	0	1	0	0	0	0	chr1
rs296566	200974422	rs12126806	3.46813e-4	1	1	1	0	0	0	1	0	0	1	chr1
rs296567	200972806	rs12126806	3.37647e-4	0	0	0	0	1	1	0	0	0	0	chr1
rs296568	200972697	rs12126806	3.75398e-4	0	0	0	0	1	1	0	0	0	0	chr1
rs296569	200972627	rs12126806	8.21703e-4	0	0	0	0	1	1	0	0	0	0	chr1
rs296570	200972421	rs12126806	5.0109e-4	0	0	1	0	1	0	0	1	1	0	chr1
rs2965949	89454044	rs11076631	0.00611688	0	0	0	1	0	0	0	0	0	0	chr16
rs2965960	89475387	rs11076631	0.00823535	0	0	0	0	0	1	0	0	0	0	chr16
rs298197	64384407	rs10957321	0.032885	1	1	0	0	0	0	0	0	0	0	chr8
rs298198	64384609	rs10957321	0.0223447	0	1	0	0	0	0	0	0	0	0	chr8
rs298199	64385043	rs10957321	0.0314305	1	1	0	0	1	0	0	0	0	0	chr8
rs298200	64385745	rs10957321	0.0385602	1	0	0	0	0	0	0	0	0	0	chr8
rs298214	64380224	rs10957321	0.0307344	1	1	0	0	0	1	0	0	0	0	chr8
rs298215	64380498	rs10957321	0.0361295	1	1	0	0	0	1	1	0	0	0	chr8
rs298216	64380638	rs10957321	0.0448159	1	1	0	0	0	1	1	0	0	0	chr8
rs298218	64382115	rs10957321	0.030416	1	1	1	0	1	1	1	1	1	1	chr8
rs301789	8409277	rs11121172	0.0251837	1	0	1	0	1	1	1	1	0	1	chr1
rs301790	8409224	rs11121172	0.0266153	1	0	1	0	1	1	1	1	0	1	chr1
rs301791	8408312	rs11121172	0.0239968	0	0	1	0	0	1	1	1	1	1	chr1
rs301792	8408218	rs11121172	0.029732	0	0	1	0	0	1	1	1	1	1	chr1
rs301806	8422018	rs11121172	0.00794533	0	0	0	0	0	0	1	0	0	1	chr1
rs301807	8424763	rs11121172	0.0091186	0	1	0	1	0	0	1	0	0	1	chr1
rs3018396	132692599	rs1939514	0.084585	0	1	0	0	0	0	0	0	0	0	chr11
rs3019649	134636158	rs4937935	0.00344927	0	1	0	0	0	0	0	0	0	0	chr11
rs304864	153341302	rs10515678	0.002950166	0	0	0	0	0	0	1	0	0	0	chr5
rs304865	153341554	rs10515678	0.00219584	0	0	0	0	0	0	1	0	0	0	chr5
rs3118119	150187364	rs12138231	0.00375227	1	0	1	1	0	1	1	1	0	1	chr1
rs3132800	134036067	rs4936215	0.00460395	0	0	0	0	0	1	0	0	0	0	chr11
rs3132823	134036152	rs4936215	0.0507184	0	0	0	0	0	1	0	0	0	0	chr11
rs3176149	89335347	rs2238304	5.64251e-4	0	1	1	0	0	0	0	0	0	0	chr15
rs3212134	103696791	rs10873538	3.79909e-4	0	0	1	0	0	0	0	0	0	0	chr14
rs3212354	89917962	rs11076631	5.17047e-4	1	1	1	0	0	1	1	1	1	1	chr16
rs3212357	89918196	rs11076631	5.60455e-4	0	0	1	0	0	1	1	1	1	1	chr16
rs3212358	89918331	rs11076631	5.7307e-4	0	1	1	0	0	1	1	1	0	0	chr16
rs322129	11290429	rs322128	0.223087	1	0	0	0	0	0	1	0	0	0	chr19
rs322831	128077602	rs35045093	8.87032e-4	0	0	1	0	0	0	1	0	1	0	chr7
rs322832	128075850	rs35045093	0.00570713	1	1	0	0	1	1	0	1	1	1	chr7
rs324017	57094031	rs324017	0.962049	1	1	0	0	0	1	1	1	1	1	chr12
rs329637	133935690	rs4936215	0.0370648	0	0	0	0	0	1	0	0	0	0	chr11
rs329641	133941501	rs4936215	0.0996801	0	0	1	0	0	0	0	0	0	0	chr11
rs329642	133942404	rs4936215	0.115139	0	1	1	0	0	0	1	0	0	0	chr11
rs329685	133987583	rs4936215	7.67657e-4	0	0	0	0	0	0	1	0	0	1	chr11
rs337740	72100838	rs337718	0.00589376	0	0	0	0	1	0	0	0	0	0	chr18
rs34008514	45756948	rs2532240	0.00140478	0	1	0	0	0	1	0	1	0	0	chr17
rs34195569	45756555	rs2532240	0.00148499	0	1	0	0	0	1	0	1	0	0	chr17
rs34211253	45756708	rs2532240	0.00140478	0	1	0	0	0	1	0	1	0	0	chr17
rs34235720	103538631	rs10873538	1.55289e-4	0	0	1	0	0	0	0	0	1	1	chr14
rs34237495	243469939	rs61833239	1.41928e-4	1	0	0	0	0	0	1	0	0	0	chr1
rs34244108	153148758	rs10515678	0.001032614	0	0	1	0	0	0	1	1	1	1	chr5
rs34297417	17686795	rs6577597	0.0022425	0	0	0	0	0	0	1	0	0	0	chr3
rs34319290	27547690	rs73229090	1.59857e-4	1	0	0	0	0	0	0	0	0	0	chr8
rs34416056	45873854	rs2532240	3.4012e-4	0	0	0	1	0	0	0	0	0	0	chr17
rs34419497	72913722	rs999494	0.0223617	1	0	0	0	0	0	0	0	0	0	chr2
rs34510678	139685250	rs9687282	0.109869	1	1	1	1	1	1	1	1	1	1	chr5
rs34530707	139679431	rs9687282	0.0466601	0	0	1	0	0	0	1	1	0	0	chr5
rs34550543	43706787	rs11210892	0.00103034	0	0	1	0	0	1	1	1	0	0	chr1
rs34578247	155145730	rs35026989	0.00552601	0	0	1	0	1	0	0	1	1	0	chr2
rs34579278	45756615	rs2532240	0.00140478	0	1	0	0	0	1	0	1	0	0	chr17
rs34611983	99265394	rs1540840	0.0573052	1	0	0	0	0	0	0	0	0	0	chr14
rs34633710	103543293	rs10873538	3.21441e-4	1	0	0	0	1	1	0	0	0	0	chr14
rs34700006	174284581	rs9287971	0.00206842	0	0	0	0	0	0	1	0	0	0	chr2
rs34837768	164554794	rs6919146	2.44432e-4	0	0	1	0	0	0	0	0	0	0	chr6
rs34877519	2512928	rs17194490	0.0432095	0	1	1	0	1	0	0	1	0	0	chr3
rs34896432	103561658	rs10873538	1.96508e-4	0	0	0	0	0	0	1	0	0	0	chr14
rs35123781	139685595	rs9687282	0.0738302	1	0	0	0	0	0	0	0	0	0	chr5
rs35145102	174074355	rs9287971	0.03107694	0	0	0	0	0	0	1	0	0	0	chr2
rs35159785	84135262	rs11638554	0.00168732	0	0	0	0	0	1	0	0	0	0	chr15
rs35298938	58055877	rs9569820	0.00340645	1	0	0	0	0	0	0	0	0	0	chr13
rs35304341	201001921	rs12126806	5.19618e-4	0	0	0	0	0	0	1	0	0	0	chr1
rs35306015	124740877	rs1940171	0.00327078	1	0	0	0	0	1	1	1	1	1	chr11
rs35324223	46381302	rs12285419	0.00767358	0	0	0	0	0	1	1	0	0	0	chr11
rs35361134	128104181	rs35045093	0.0176425	1	1	1	0	0	1	1	1	1	1	chr7
rs35414747	156414643	rs12652777	0.0251921	1	1	0	0	0	0	0	1	0	0	chr5
rs356168	89753280	rs356183	0.00862606	0	0	0	0	1	1	0	0	0	0	chr4
rs356447	139653694	rs9687282	0.00338238	1	0	1	0	1	1	1	1	1	1	chr5
rs356448	139653434	rs9687282	0.00287528	1	0	1	0	1	0	1	0	1	1	chr5
rs356450	139675424	rs9687282	0.0157781	0	0	0	0	0	1	1	1	0	1	chr5
rs356453	139673978	rs9687282	0.0126476	0	0	1	0	0	0	0	1	1	0	chr5
rs356461	139633592	rs9687282	0.00832324	1	1	1	1	1	1	1	1	1	1	chr5
rs35808061	57779528	rs7938083	0.0290409	0	0	1	0	0	0	0	0	1	1	chr11
rs36126054	84634492	rs11638554	0.00180501	0	1	0	0	0	1	0	0	0	0	chr15
rs36168754	122105278	rs143116451	0.00578432	0	0	0	1	0	0	0	0	0	0	chr12
rs37037	58630698	rs154433	0.0197306	1	1	0	1	1	0	1	1	0	1	chr16
rs3738255	200972588	rs12126806	0.00401317	0	0	0	0	1	1	0	0	0	0	chr1
rs3742457	103279636	rs10873538	9.56782e-4	0	1	0	0	0	0	1	1	0	1	chr14
rs37454	43828739	rs11210892	0.00405038	0	0	1	0	0	0	0	0	0	0	chr1
rs37455	43828556	rs11210892	0.00415283	0	0	1	0	0	0	0	0	0	0	chr1
rs37470	43812276	rs11210892	0.00359181	0	0	0	0	1	0	0	0	0	0	chr1
rs3747179	39687725	rs732381	0.0103413	0	0	0	0	0	1	0	0	0	0	chr22
rs3747581	4412618	rs8048039	0.00410451	0	0	0	0	0	0	0	0	0	1	chr16
rs3749051	2331105	rs6715366	0.0744246	1	1	0	0	0	1	1	0	0	1	chr2
rs3756338	140800976	rs10069930	0.00391225	0	0	0	0	0	1	1	1	0	1	chr5
rs3756339	140800952	rs10069930	0.00312688	0	0	0	0	0	1	1	1	0	1	chr5
rs3756340	140800866	rs10069930	0.00391225	0	0	0	0	0	1	1	1	0	1	chr5
rs3756597	109739808	rs35164357	0.00469162	0	0	1	0	1	0	1	1	1	1	chr5
rs3756761	138335369	rs10117	4.68945e-4	0	0	0	0	0	0	0	0	1	0	chr5
rs3756766	138337478	rs10117	0.00863171	1	1	1	1	0	0	0	1	0	0	chr5
rs3757753	128066983	rs35045093	0.00730675	0	0	1	0	0	0	0	0	1	0	chr7
rs3757755	128066629	rs35045093	0.00102896	0	0	0	0	1	0	0	0	0	0	chr7
rs3759579	103384935	rs10873538	8.13991e-5	0	1	0	0	0	1	1	0	1	1	chr14
rs3761680	4474059	rs8048039	0.00792077	0	1	0	0	0	0	1	0	0	0	chr16
rs3768886	224585444	rs72974269	0.0448446	1	1	1	0	1	1	1	1	0	0	chr2
rs3770754	37348238	rs3770752	0.0213829	0	0	0	0	1	0	0	0	0	0	chr2
rs3779870	64606609	rs10957321	0.0458407	1	0	0	0	0	0	0	0	0	0	chr8
rs3789023	45901139	rs12285419	0.0104096	1	1	1	0	1	0	1	1	1	1	chr11
rs3791036	43689712	rs11210892	1.82689e-4	1	0	0	0	0	0	0	0	0	0	chr1
rs3795310	8371547	rs11121172	0.0187312	0	1	1	0	0	1	1	1	1	1	chr1
rs3797040	169619706	rs61405217	0.00958476	1	1	1	0	1	1	1	1	1	1	chr4
rs3797695	109741816	rs35164357	0.00501504	0	0	0	0	0	0	1	0	0	0	chr5
rs3798153	138446515	rs10117	0.00216042	0	0	0	0	0	0	1	0	0	0	chr5
rs3803526	89361961	rs2238304	0.00158335	1	0	1	0	0	0	0	0	0	0	chr15
rs3803527	89362063	rs2238304	0.00316963	0	0	1	0	0	0	0	0	0	0	chr15
rs3806845	140801152	rs10069930	0.00391225	0	0	0	0	0	1	1	1	0	1	chr5
rs3808058	128028018	rs35045093	0.00191671	0	1	1	0	1	0	1	1	1	1	chr7
rs3811522	48440605	rs12713008	0.0256281	1	1	1	1	1	1	1	1	1	1	chr2
rs3811983	153492525	rs10515678	0.00453101	0	0	1	0	1	1	0	0	0	0	chr5
rs3815563	93450864	rs6479487	0.0759309	1	1	1	0	0	1	1	1	1	1	chr9
rs3818802	243286579	rs61833239	2.51532e-4	0	0	0	1	0	0	0	0	0	0	chr1
rs3820898	174248784	rs9287971	2.4734e-4	1	1	1	1	1	1	1	1	1	1	chr2
rs3822346	140807737	rs10069930	0.00268839	1	0	0	0	0	0	1	1	0	1	chr5
rs3822742	139679432	rs9687282	0.00314121	0	0	1	0	0	0	1	1	0	0	chr5
rs3823752	104984179	rs2252074	0.00603806	1	1	1	1	1	1	1	1	1	1	chr7
rs3826576	79873976	rs72980087	0.0219726	0	0	1	0	0	0	0	0	0	0	chr18
rs3828149	43585125	rs11210892	0.00599633	0	1	0	0	0	1	1	1	1	1	chr1
rs3828595	153492161	rs10515678	2.37452e-4	1	1	1	0	1	1	1	1	0	1	chr5
rs3861678	103855689	rs10873538	0.00450742	0	0	0	0	0	0	1	1	0	0	chr14
rs3885074	45825372	rs2532240	9.03872e-4	0	0	1	0	0	0	0	0	0	0	chr17
rs3893083	134036899	rs4936215	9.00077e-4	0	0	0	0	0	0	0	0	1	0	chr11
rs3904682	243256127	rs61833239	3.30422e-4	1	0	1	1	1	1	0	0	1	1	chr1
rs3923714	89509200	rs11076631	0.00400373	1	0	0	0	0	1	0	0	0	0	chr16
rs3924935	34077033	rs1454606	5.86799e-4	0	0	0	0	0	0	0	1	0	0	chr4
rs3961457	102669882	rs79668541	0.00824401	0	0	0	0	0	0	0	0	1	1	chr10
rs4073513	46049702	rs12285419	0.00177926	0	0	1	0	0	0	0	0	0	0	chr11
rs4078027	66751978	rs77463171	0.00435599	1	0	1	1	1	1	1	0	1	0	chr16
rs41270373	43452217	rs11210892	2.51757e-4	0	0	0	0	0	0	1	0	0	1	chr1
rs4128242	55080458	rs9636107	0.0999277	1	0	0	0	0	0	0	0	0	0	chr18
rs41294556	138575115	rs10117	0.0144944	0	0	1	0	0	1	0	0	0	1	chr5
rs4131583	174217580	rs9287971	0.073548954	0	0	0	0	0	0	1	0	0	0	chr2
rs4141858	131935407	rs1593304	0.00289427	0	1	0	0	0	0	0	0	0	0	chr7
rs4144718	46012098	rs12285419	0.00392178	0	0	0	0	0	0	0	0	0	1	chr11
rs4144795	232698021	rs778371	0.00594428	1	0	0	0	1	0	0	1	1	0	chr2
rs4144797	232697487	rs778371	0.006597067	1	1	1	0	0	1	0	1	0	1	chr2
rs4151680	140807072	rs10069930	0.00268839	1	1	1	0	0	1	1	1	0	1	chr5
rs4238849	4488113	rs8048039	0.00964223	0	0	0	0	0	0	0	0	0	1	chr16
rs4243834	17841176	rs6577597	0.00125669	1	1	1	1	0	1	1	1	1	0	chr3
rs4291	63476833	rs6504163	0.0870276	1	0	0	0	0	1	1	1	0	1	chr17
rs4292	63476980	rs6504163	0.133747	0	0	1	0	0	1	0	0	1	0	chr17
rs4293666	30029954	rs1506297	0.0625706	0	1	0	0	1	1	1	1	0	1	chr3
rs4295	63478937	rs6504163	0.0528978	1	0	1	0	0	1	1	1	0	1	chr17
rs4318227	29973518	rs3814883	0.016697	1	1	1	1	1	1	1	1	1	1	chr16
rs4327090	45825175	rs2532240	6.31252e-4	0	0	1	0	0	0	0	0	0	0	chr17
rs4335754	89359151	rs2238304	0.00354454	1	0	0	0	1	0	0	1	0	0	chr15
rs4336891	43660769	rs11210892	0.00133703	0	0	0	0	0	0	1	0	0	1	chr1
rs4341787	45825139	rs2532240	9.5532e-4	0	0	1	0	0	0	0	0	0	0	chr17
rs4351236	64225278	rs6925079	7.2028e-4	0	0	1	0	0	0	0	0	0	0	chr6
rs4380889	33805863	rs79445414	7.19778e-5	1	1	1	0	1	1	1	1	1	1	chr8
rs439151	11293694	rs322128	0.0684012	0	0	0	1	0	0	0	0	0	0	chr19
rs4407620	152532875	rs10515678	3.76926e-5	1	1	1	0	1	1	1	1	1	1	chr5
rs4417256	28476092	rs10767734	0.00327522	1	1	1	0	1	1	0	1	1	1	chr11
rs4434042	48439597	rs12713008	0.533382	1	0	0	0	0	0	0	0	0	0	chr2
rs4450280	58239029	rs9569820	9.53158e-4	0	0	0	0	1	0	0	0	1	0	chr13
rs4450831	162019605	rs13090130	0.00311368	0	1	0	0	0	0	0	0	0	1	chr3
rs4451855	58638024	rs9569820	7.49668e-4	0	0	0	0	0	0	1	0	0	0	chr13
rs4454232	128135676	rs35045093	0.00232527	1	1	1	0	1	1	1	1	1	1	chr7
rs4461585	117783765	rs28521069	0.0124875	0	0	0	0	1	0	0	0	0	0	chr4
rs4465094	5998718	rs12008603	0.00328253	1	0	0	0	1	0	0	0	0	0	chrX
rs4471400	28628549	rs10767734	0.00146726	0	0	0	0	0	0	0	0	0	1	chr11
rs448830	45647846	rs2532240	5.73208e-4	1	0	0	0	0	0	0	0	0	0	chr17
rs4505893	117908340	rs28521069	0.00549551	1	0	0	0	0	0	0	0	0	0	chr4
rs4506023	164859944	rs6919146	6.6726e-4	0	0	0	0	0	1	0	0	0	0	chr6
rs4523180	131934934	rs1593304	0.00317809	0	1	0	0	0	0	0	1	0	0	chr7
rs4523962	45825156	rs2532240	9.5532e-4	0	0	1	0	0	0	0	0	0	0	chr17
rs4531621	58144528	rs9569820	6.73948e-5	0	0	0	0	0	0	0	0	0	1	chr13
rs4547694	50259898	rs2710323	0.327747	0	0	0	1	0	0	0	0	0	0	chr3
rs4548740	58239116	rs9569820	9.53017e-4	0	0	0	0	1	0	0	0	1	0	chr13
rs4568305	117784084	rs28521069	0.00265657	0	0	0	0	1	0	0	0	0	0	chr4
rs4575255	28628635	rs10767734	0.001426	0	0	0	0	0	0	0	0	0	1	chr11
rs4585377	117783849	rs28521069	0.00253266	0	0	0	0	1	0	0	0	0	0	chr4
rs4591014	58637987	rs9569820	7.24457e-4	0	0	0	0	0	0	1	0	0	0	chr13
rs4594793	117784121	rs28521069	0.00265723	0	0	0	0	1	0	0	0	0	0	chr4
rs4612286	131869369	rs1593304	0.00238129	0	0	0	0	0	0	0	0	0	1	chr7
rs4648844	2443319	rs6673880	0.104643	1	1	1	0	0	1	1	1	1	1	chr1
rs4650118	71690397	rs1121296	0.0206555	0	1	0	0	0	0	0	1	0	0	chr1
rs4658571	243448644	rs61833239	2.16297e-4	0	0	0	1	0	0	0	0	0	0	chr1
rs4666013	27796239	rs12474906	0.0127411	0	0	0	0	0	1	0	0	0	0	chr2
rs4666014	27796308	rs12474906	0.00689636	0	0	0	0	0	1	0	0	0	0	chr2
rs4666015	27796500	rs12474906	0.0120115	0	0	0	0	0	1	0	0	0	0	chr2
rs4671378	60267177	rs4672366	0.0266687	0	0	0	0	0	0	0	0	1	1	chr2
rs4672376	60267210	rs4672366	0.0266687	0	0	0	0	0	0	0	0	1	1	chr2
rs4672377	60267375	rs4672366	0.00206333	0	0	0	0	0	0	0	0	1	1	chr2
rs4698874	103009354	rs6839635	0.0033626	1	1	1	0	1	1	1	1	1	1	chr4
rs4702	90883330	rs4702	0.998508	0	0	1	0	0	0	0	1	0	0	chr15
rs4709898	164794710	rs6919146	0.00170299	1	0	0	0	0	0	0	0	0	0	chr6
rs4709899	164794744	rs6919146	0.00170351	1	0	0	0	0	0	0	0	0	0	chr6
rs4710468	64204827	rs6925079	6.42278e-4	0	0	0	0	0	1	0	0	0	0	chr6
rs4710469	64204875	rs6925079	6.42278e-4	0	0	0	0	0	1	0	0	0	0	chr6
rs472792	153491624	rs10515678	9.02532e-5	1	1	1	0	1	0	1	0	0	1	chr5
rs4734654	102657763	rs7002992	0.154107	1	0	1	0	0	0	0	0	0	0	chr8
rs4735981	1068437	rs2600490	0.00503135	0	1	1	0	0	1	1	1	0	1	chr8
rs4752817	46977396	rs12285419	4.00735e-5	1	1	1	0	1	1	1	1	1	1	chr11
rs4755346	45896229	rs12285419	0.00402629	0	1	0	0	0	0	0	0	0	1	chr11
rs4765305	123946065	rs12311848	0.00779056	0	0	0	0	0	0	0	1	0	0	chr12
rs4784046	58516028	rs154433	0.016316	1	0	0	0	0	1	1	0	0	1	chr16
rs4785781	90082571	rs11076631	9.57388e-4	0	0	0	0	0	1	0	1	0	0	chr16
rs4786489	4435526	rs8048039	0.00270382	0	0	0	0	0	0	1	0	0	0	chr16
rs4786505	4487892	rs8048039	0.00395053	0	0	0	0	0	0	0	0	0	1	chr16
rs4788201	29961369	rs3814883	0.0114469	0	0	0	0	0	0	0	1	0	0	chr16
rs479750	161747307	rs308697	0.0262184	0	0	0	0	0	0	1	0	0	0	chr3
rs4799108	79911830	rs72980087	0.014677	0	1	0	0	1	1	0	1	0	0	chr18
rs4805577	30547313	rs8104557	0.0290299	0	1	0	0	0	1	0	1	0	0	chr19
rs4808959	19461299	rs1858999	0.00406039	1	0	0	0	0	1	0	0	0	0	chr19
rs4822088	42074585	rs5751191	8.07009e-4	1	0	1	0	0	1	1	1	1	1	chr22
rs482314	161747091	rs308697	0.00321962	0	0	0	0	0	0	1	0	0	0	chr3
rs4833552	117746407	rs28521069	0.00289643	0	0	0	0	1	0	0	0	0	0	chr4
rs4834634	117746515	rs28521069	0.00277654	0	0	0	0	1	0	0	0	0	0	chr4
rs4835778	138335337	rs10117	4.8432e-4	0	0	0	0	0	0	0	0	1	0	chr5
rs4835796	138446426	rs10117	0.00258002	0	0	0	0	0	0	1	0	0	0	chr5
rs4842937	84145450	rs11638554	0.00170992	1	0	0	0	0	0	0	0	0	0	chr15
rs4845357	153923736	rs10127983	0.0126206	1	1	0	0	0	0	1	0	0	1	chr1
rs4845358	153923949	rs10127983	0.0110849	1	1	0	0	0	0	1	0	0	1	chr1
rs4845585	153923894	rs10127983	0.00974094	1	1	0	0	0	0	1	0	0	1	chr1
rs489272	28828454	rs61786047	0.00201716	0	0	0	0	0	0	0	0	0	1	chr1
rs4908760	8466082	rs11121172	3.56468e-4	0	0	1	0	0	0	0	0	0	0	chr1
rs4915210	200969346	rs12126806	0.00101046	1	0	0	0	0	0	0	0	0	0	chr1
rs4915472	200965522	rs12126806	0.00140811	0	0	0	0	0	0	1	0	0	0	chr1
rs4917979	102628953	rs79668541	0.0180904	0	0	0	0	1	0	0	0	0	0	chr10
rs4919666	102624272	rs79668541	0.0117843	0	0	0	0	0	1	0	0	0	0	chr10
rs4926412	150166237	rs12138231	0.00167667	1	0	1	1	0	1	1	1	1	1	chr1
rs4930726	123943784	rs12311848	0.00645661	0	1	0	0	0	0	0	1	0	1	chr12
rs4932216	89358637	rs2238304	0.00377856	0	1	1	1	0	1	1	0	1	1	chr15
rs4932217	89358801	rs2238304	0.00367045	1	1	1	1	1	1	1	1	1	1	chr15
rs4936215	133982789	rs4936215	0.0215386	0	1	0	0	0	0	0	0	0	0	chr11
rs4936216	133983113	rs4936215	0.00615026	0	0	0	0	0	1	0	0	0	0	chr11
rs4938006	113289725	rs2514218	0.00266437	1	1	1	0	1	1	1	1	1	1	chr11
rs4964235	108192773	rs3764002	0.106555	0	1	0	0	0	0	0	0	0	0	chr12
rs4973566	232897241	rs778371	0.00120405	0	0	0	0	0	0	0	1	0	0	chr2
rs499188	57666650	rs7938083	0.00979611	0	0	0	0	0	0	0	0	1	0	chr11
rs500102	74743829	rs500102	0.270779	0	0	0	0	0	0	0	0	0	1	chr9
rs502834	133947438	rs4936215	0.109078	1	1	1	0	1	1	1	1	1	1	chr11
rs517191	43650795	rs11210892	2.07075e-4	1	0	0	0	1	0	1	0	1	1	chr1
rs519357	43649351	rs11210892	0.00203989	0	1	0	0	0	0	0	1	0	0	chr1
rs524610	153493420	rs10515678	0.00225837	1	0	1	0	1	0	0	0	0	0	chr5
rs527882868	25216094	rs141216273	0.1341527	1	1	1	1	1	1	1	1	1	1	chr2
rs55646970	45861430	rs2532240	3.78409e-4	1	0	0	0	0	0	0	0	0	0	chr17
rs55653963	45722143	rs2532240	8.2632e-4	0	0	0	0	0	0	0	0	1	0	chr17
rs55668363	45815422	rs2532240	7.56768e-4	0	0	0	0	0	0	1	0	0	0	chr17
rs55669046	45691135	rs2532240	5.73208e-4	1	0	0	0	0	0	0	0	0	0	chr17
rs55673092	45861516	rs2532240	3.97241e-4	1	0	0	0	0	0	0	0	0	0	chr17
rs55674356	13002257	rs73292401	0.00454046	0	1	1	0	0	0	1	1	1	1	chr17
rs55703821	38296053	rs7816998	0.00798599	1	0	1	0	0	0	0	0	1	0	chr8
rs55718530	117815278	rs55929115	0.00710211	1	0	0	0	0	0	0	0	0	0	chr3
rs55727434	69166974	rs9454727	9.28403e-4	0	1	0	0	0	0	1	1	0	1	chr6
rs55751606	103562469	rs10873538	2.15522e-4	1	1	0	0	1	1	1	1	0	1	chr14
rs55787105	45775743	rs2532240	9.69083e-4	0	0	1	0	0	0	0	0	1	0	chr17
rs55796824	38385610	rs7816998	0.00574423	1	1	0	0	0	1	1	0	1	1	chr8
rs55825263	13002426	rs73292401	0.00470335	1	0	0	0	1	0	0	0	0	1	chr17
rs55884539	45922610	rs12285419	7.19327e-4	0	0	1	0	0	0	0	0	0	1	chr11
rs55915917	45815418	rs2532240	0.00113733	0	0	0	0	0	0	1	0	0	0	chr17
rs55930529	143823571	rs11136325	0.154668	1	1	1	0	0	1	1	1	1	1	chr8
rs55943044	45794862	rs2532240	0.00113733	0	0	0	0	0	0	0	1	0	0	chr17
rs55980621	45691130	rs2532240	5.73208e-4	1	0	0	0	0	0	0	0	0	0	chr17
rs56012817	152535119	rs10515678	3.81938e-5	0	0	0	0	0	0	0	1	0	0	chr5
rs56021911	201059171	rs12126806	4.57452e-4	0	0	0	0	0	0	0	0	1	0	chr1
rs56027920	142960157	rs1510136	0.0103585	1	0	0	0	0	0	0	0	0	0	chr4
rs56043078	45775869	rs2532240	0.00102378	0	0	0	0	0	0	0	0	1	0	chr17
rs56046792	45719880	rs2532240	7.82409e-4	0	0	0	0	0	0	0	1	0	1	chr17
rs56100013	45691101	rs2532240	5.73208e-4	1	0	0	0	0	0	0	0	0	0	chr17
rs56123858	30511255	rs8104557	0.00287563	0	0	0	0	0	0	0	0	0	1	chr19
rs56150806	45841935	rs2532240	4.79917e-4	1	1	1	0	1	1	1	1	1	1	chr17
rs56167344	45719721	rs2532240	7.82409e-4	0	0	0	0	0	0	0	0	0	1	chr17
rs56178230	45740466	rs2532240	9.69083e-4	0	0	1	0	0	0	0	0	0	0	chr17
rs56181785	79873629	rs72980087	0.0311121	0	0	0	0	0	0	0	1	0	0	chr18
rs56204450	117885368	rs55929115	0.0163178	0	0	0	0	0	1	0	0	0	0	chr3
rs56205728	40275036	rs56205728	0.542832	1	1	1	1	0	1	1	1	1	1	chr15
rs56213452	131843943	rs1593304	0.00475775	1	1	1	0	0	1	1	1	0	1	chr7
rs56256009	30511275	rs8104557	0.00348928	0	0	0	0	0	0	0	0	0	1	chr19
rs56256549	117893255	rs55929115	0.0149881	0	0	1	0	0	1	0	0	1	0	chr3
rs56266951	13001822	rs73292401	0.00469689	0	1	0	0	0	0	0	1	0	0	chr17
rs56269251	152814534	rs10515678	8.62229e-4	0	1	0	0	0	0	0	0	0	0	chr5
rs56286804	152770806	rs10515678	0.00251508	0	0	0	0	0	0	1	1	0	0	chr5
rs56294117	45965417	rs2532240	1.58979e-4	1	0	0	0	0	0	0	0	0	0	chr17
rs56322953	38385709	rs7816998	0.00574423	1	1	0	0	0	1	1	0	1	1	chr8
rs56338821	13001808	rs73292401	0.00453486	0	1	0	0	0	0	0	0	0	0	chr17
rs56369204	152986392	rs10515678	4.51012e-4	1	0	0	0	0	0	0	0	0	0	chr5
rs56395246	152986390	rs10515678	4.89076e-4	1	0	0	0	0	0	0	0	0	0	chr5
rs56852527	46026833	rs12285419	7.25004e-5	1	0	0	0	0	0	0	0	0	0	chr11
rs56964148	154271792	rs11740474	0.0189016	1	1	0	0	0	0	0	0	0	0	chr5
rs56971664	45841247	rs2532240	4.54555e-4	1	1	0	0	0	1	1	1	0	1	chr17
rs57272144	89361137	rs2238304	0.00130732	1	1	0	0	0	0	1	1	0	0	chr15
rs57336534	152560677	rs10515678	5.93475e-4	0	1	1	0	0	0	1	0	1	1	chr5
rs57389307	12987398	rs73292401	0.00100234	0	1	1	0	0	0	1	1	0	1	chr17
rs57415181	48480702	rs12713008	0.00734987	0	0	0	0	0	0	0	1	1	0	chr2
rs57463770	128106341	rs35045093	0.0119934	0	0	0	0	1	0	0	0	0	0	chr7
rs5751191	41974987	rs5751191	0.020608	0	0	0	0	0	1	0	0	0	0	chr22
rs57530083	55347402	rs9636107	0.0214024	1	1	1	0	1	1	1	1	1	1	chr18
rs5757773	39691384	rs732381	0.0226486	0	0	0	0	0	0	1	0	0	0	chr22
rs5758527	41979757	rs5751191	0.0019588	1	0	1	0	0	0	1	0	0	0	chr22
rs57659462	27592713	rs73229090	1.59968e-4	0	0	0	1	0	0	0	0	0	0	chr8
rs57746378	103257419	rs10873538	5.6791e-4	1	1	0	0	0	0	0	0	0	1	chr14
rs57940266	12987334	rs73292401	8.97355e-4	0	1	1	0	0	0	1	1	0	1	chr17
rs58120505	1990232	rs58120505	0.429792	0	0	0	0	0	0	1	0	0	0	chr7
rs585101	139678869	rs9687282	0.0130227	0	0	0	0	0	0	0	0	1	0	chr5
rs58727720	66728957	rs77463171	0.00354009	0	0	0	0	0	0	0	0	1	0	chr16
rs58775446	108562483	rs2153960	0.00146113	0	0	1	0	0	1	0	0	1	0	chr6
rs58896714	164832573	rs6919146	1.78445e-4	0	0	1	0	0	0	0	0	1	0	chr6
rs589153	139677963	rs9687282	0.0132295	1	1	1	0	0	1	1	1	1	1	chr5
rs58926002	27592715	rs73229090	1.61393e-4	0	0	0	1	0	0	0	0	0	0	chr8
rs58950470	65616284	rs58950470	0.167445	1	1	0	0	0	1	0	0	0	1	chr11
rs59034682	164660964	rs6919146	0.00178778	1	0	0	0	0	0	0	0	0	0	chr6
rs59321638	89361454	rs2238304	0.00158273	1	1	0	0	1	1	1	1	1	1	chr15
rs593628	64347688	rs6925079	7.63152e-4	1	0	0	0	0	0	0	0	0	0	chr6
rs594293	43643528	rs11210892	0.001968	0	0	0	0	0	0	1	0	0	0	chr1
rs596677	64330821	rs6925079	7.21621e-4	0	0	0	1	1	0	0	0	0	0	chr6
rs596767	64330894	rs6925079	6.78615e-4	0	0	1	1	1	0	0	0	1	0	chr6
rs59767996	58408628	rs9569820	1.19051e-4	0	1	0	0	0	0	1	0	0	0	chr13
rs59909085	55305218	rs9636107	0.00976143	0	0	0	0	0	1	0	0	0	0	chr18
rs5995759	39610621	rs732381	0.00215766	0	0	0	0	0	0	0	1	0	0	chr22
rs599946	139677876	rs9687282	0.0139736	1	1	1	0	0	1	1	1	1	1	chr5
rs6002555	41947087	rs5751191	0.0114889	1	1	1	1	0	1	1	1	1	1	chr22
rs6002592	42080750	rs5751191	0.00100699	0	1	0	0	0	0	0	0	1	0	chr22
rs600848	139677685	rs9687282	0.0115116	0	1	1	0	0	0	1	0	1	1	chr5
rs60087663	128105555	rs35045093	0.0119855	0	0	0	0	0	0	0	0	1	0	chr7
rs601728	139677491	rs9687282	0.0119908	1	1	0	0	0	1	1	1	0	1	chr5
rs6027258	38686031	rs6065094	0.00822352	0	0	0	0	0	0	0	0	1	1	chr20
rs60398050	131851623	rs1593304	0.00459502	0	1	0	0	0	0	0	1	0	0	chr7
rs60558877	38382980	rs7816998	0.0231104	1	1	1	1	1	1	1	1	1	1	chr8
rs60584005	34076747	rs1454606	5.60014e-4	0	0	0	0	0	1	0	1	0	0	chr4
rs606191	64347457	rs6925079	7.21621e-4	1	0	0	0	0	0	0	0	0	0	chr6
rs6064886	38692725	rs6065094	0.015082	0	0	1	0	0	0	0	0	0	0	chr20
rs6065078	38805490	rs6065094	0.0099515	1	1	1	1	1	1	1	1	1	1	chr20
rs608838	134031959	rs4936215	0.0113701	0	0	0	0	0	0	0	0	0	1	chr11
rs61212882	33555124	rs79445414	6.43181e-5	0	0	0	1	0	0	0	0	0	0	chr8
rs61363285	132054113	rs72761691	0.172677	0	0	0	0	0	0	0	0	0	1	chr9
rs61384494	117921813	rs55929115	0.00808567	0	0	1	0	0	0	1	0	0	0	chr3
rs61602415	55347401	rs9636107	0.0289535	1	1	1	0	1	1	1	1	1	1	chr18
rs616529	139660244	rs9687282	0.00696513	0	0	0	0	0	0	0	0	1	0	chr5
rs61746002	47848536	rs12285419	0.00210387	1	1	1	1	1	1	1	1	1	1	chr11
rs61825292	200959779	rs12126806	0.00205589	0	0	1	0	0	0	0	0	1	0	chr1
rs61833906	243256404	rs61833239	1.16662e-4	0	0	0	0	0	0	1	0	0	0	chr1
rs61882674	46330716	rs12285419	0.0288922	0	1	0	0	0	0	1	1	1	1	chr11
rs61884264	46618032	rs12285419	0.0249661	0	1	1	0	0	1	1	1	1	1	chr11
rs61902807	113474190	rs2514218	0.0216396	0	0	0	0	0	0	0	1	0	0	chr11
rs61903976	113289482	rs2514218	0.00241162	0	0	0	0	1	0	1	0	0	1	chr11
rs61957654	58544551	rs9569820	1.90161e-4	0	0	1	0	0	0	0	0	0	0	chr13
rs61957741	58079046	rs9569820	6.6176e-5	0	0	0	0	0	0	0	1	0	0	chr13
rs61997568	103910480	rs10873538	7.59518e-5	1	1	1	0	1	1	1	1	1	1	chr14
rs62022627	89361315	rs2238304	9.32331e-4	1	0	0	0	1	0	1	0	1	0	chr15
rs62022629	89362897	rs2238304	8.18119e-4	0	0	0	0	0	1	0	0	1	1	chr15
rs62054378	45722301	rs2532240	7.44577e-4	0	0	0	0	0	0	0	0	1	0	chr17
rs62054435	45747973	rs2532240	0.00140478	0	1	0	0	0	0	0	0	0	0	chr17
rs62054436	45748202	rs2532240	0.00184645	0	1	0	0	0	0	0	0	0	0	chr17
rs62054437	45748210	rs2532240	0.00184645	0	1	0	0	0	0	0	0	0	0	chr17
rs62054438	45748345	rs2532240	0.00133575	0	1	0	0	0	0	0	0	0	0	chr17
rs62054439	45748359	rs2532240	0.00133575	0	1	0	0	0	0	0	0	0	0	chr17
rs62054811	45841285	rs2532240	4.79917e-4	1	1	0	0	0	1	1	1	0	1	chr17
rs62054824	45852626	rs2532240	5.14533e-4	1	1	0	0	0	1	1	1	1	1	chr17
rs62054825	45852667	rs2532240	4.89943e-4	1	1	0	0	0	1	1	1	1	1	chr17
rs62054846	45861268	rs2532240	3.78409e-4	1	0	0	0	0	0	0	1	0	0	chr17
rs62055491	45873754	rs2532240	3.4012e-4	0	0	0	1	0	0	0	0	0	0	chr17
rs62055492	45873979	rs2532240	3.58738e-4	0	0	0	1	0	0	0	0	0	0	chr17
rs62055693	45679544	rs2532240	5.73208e-4	1	0	0	0	0	0	0	0	0	0	chr17
rs62055700	45681376	rs2532240	5.73208e-4	0	0	0	0	0	0	0	0	1	0	chr17
rs62055701	45681421	rs2532240	4.49418e-4	0	0	0	0	0	0	0	0	1	0	chr17
rs62055702	45681424	rs2532240	4.49418e-4	0	0	0	0	0	0	0	0	1	0	chr17
rs62055716	45688412	rs2532240	5.43054e-4	1	1	1	0	0	1	1	1	0	1	chr17
rs62055754	45690864	rs2532240	5.43054e-4	1	0	0	0	0	0	0	0	0	0	chr17
rs62055935	45771384	rs2532240	0.00166597	0	0	0	0	0	1	0	0	0	0	chr17
rs62055936	45771395	rs2532240	0.00158451	0	0	0	0	0	1	0	0	0	0	chr17
rs62055937	45771602	rs2532240	8.72775e-4	0	0	0	0	0	1	0	0	0	0	chr17
rs62055947	45775239	rs2532240	9.69083e-4	0	0	0	0	0	0	1	0	0	0	chr17
rs62055948	45775255	rs2532240	0.00107632	0	0	0	0	0	0	1	0	0	0	chr17
rs62055950	45775767	rs2532240	0.00107632	0	0	1	0	0	0	0	0	1	0	chr17
rs62056778	45894238	rs2532240	2.77728e-4	1	0	1	1	1	1	1	1	1	1	chr17
rs62056779	45894571	rs2532240	2.77728e-4	1	1	1	1	1	1	1	1	1	1	chr17
rs62056780	45896286	rs2532240	2.77728e-4	1	1	0	0	0	0	1	1	0	1	chr17
rs62056782	45896864	rs2532240	2.63431e-4	1	1	1	0	0	1	1	1	0	0	chr17
rs62056783	45897183	rs2532240	2.63431e-4	0	1	0	0	1	0	1	1	0	1	chr17
rs62056784	45897523	rs2532240	2.77728e-4	1	1	0	0	0	1	1	0	0	1	chr17
rs62056785	45897897	rs2532240	2.77728e-4	0	0	0	0	0	1	1	0	0	0	chr17
rs62056786	45897919	rs2532240	2.77728e-4	0	0	0	0	0	0	1	0	0	0	chr17
rs62056802	45903396	rs2532240	2.51092e-4	0	0	0	0	0	0	0	1	0	0	chr17
rs62056805	45905997	rs2532240	2.25994e-4	0	0	0	0	1	0	0	0	0	0	chr17
rs62056806	45906435	rs2532240	2.38195e-4	0	1	0	0	0	0	1	0	0	1	chr17
rs62062289	46019869	rs2532240	1.36718e-4	0	0	0	1	0	0	0	0	0	0	chr17
rs62062768	45942113	rs2532240	1.58979e-4	0	0	0	0	0	0	0	1	0	0	chr17
rs62062769	45942277	rs2532240	1.58979e-4	0	0	1	0	0	0	1	1	1	1	chr17
rs62062770	45942314	rs2532240	1.58979e-4	0	0	1	0	0	0	1	1	1	1	chr17
rs62062771	45942916	rs2532240	1.50935e-4	0	0	0	0	0	0	0	0	0	1	chr17
rs62062772	45942948	rs2532240	1.50935e-4	0	0	0	0	0	0	0	0	0	1	chr17
rs62062773	45943179	rs2532240	1.50935e-4	0	0	0	0	0	0	0	0	0	1	chr17
rs62062784	45947186	rs2532240	1.36718e-4	0	0	1	0	0	0	0	0	1	1	chr17
rs62062785	45947196	rs2532240	1.43986e-4	0	0	1	0	0	0	0	0	1	1	chr17
rs62062786	45947294	rs2532240	1.50935e-4	0	0	1	0	0	0	0	0	1	1	chr17
rs62062793	45948955	rs2532240	1.58979e-4	0	0	0	0	0	0	1	0	0	0	chr17
rs62062794	45949028	rs2532240	1.58979e-4	1	0	1	1	0	1	1	1	1	1	chr17
rs62063291	45966012	rs2532240	1.43986e-4	1	0	0	0	0	0	0	0	0	0	chr17
rs62063292	45966270	rs2532240	1.43986e-4	1	0	0	0	0	0	0	0	0	0	chr17
rs62063294	45966791	rs2532240	1.43986e-4	1	0	0	0	0	0	0	0	0	0	chr17
rs62063295	45967065	rs2532240	1.43986e-4	1	0	0	0	0	0	0	0	0	0	chr17
rs62063775	45973457	rs2532240	1.50935e-4	0	0	0	0	0	1	0	0	0	0	chr17
rs62063776	45973484	rs2532240	1.50935e-4	0	0	0	0	0	1	0	0	0	0	chr17
rs62063786	45983657	rs2532240	1.58979e-4	1	0	0	0	0	0	0	0	0	0	chr17
rs62063787	45983670	rs2532240	1.58979e-4	1	0	0	0	0	0	0	0	0	0	chr17
rs62064663	46002673	rs2532240	1.36718e-4	1	1	1	0	0	1	1	1	1	1	chr17
rs62064664	46004096	rs2532240	1.4853e-4	1	0	1	0	0	0	1	1	1	1	chr17
rs62064665	46004161	rs2532240	1.55639e-4	1	0	1	0	0	0	1	1	1	1	chr17
rs62091221	55780015	rs9636107	0.0647802	0	0	0	0	0	0	0	0	1	0	chr18
rs62099231	53198529	rs4632195	0.00971122	0	0	0	0	0	1	0	0	0	0	chr18
rs62135193	48528338	rs12713008	1.96725e-4	0	0	0	0	0	0	0	0	1	0	chr2
rs62174175	174248278	rs9287971	0.0064507	0	0	0	0	0	0	1	0	1	1	chr2
rs62183854	172090705	rs62184960	0.0980358	0	1	0	0	0	1	1	1	1	1	chr2
rs62183855	172091721	rs62184960	0.0923269	0	0	0	0	0	1	1	0	0	0	chr2
rs62183859	172104047	rs62184960	0.0593187	1	1	1	0	0	1	1	1	1	1	chr2
rs62189668	161948509	rs2909457	0.0231336	0	0	0	0	1	0	0	0	0	0	chr2
rs62244860	71498439	rs60135207	0.0145108	0	0	0	0	0	0	1	1	1	1	chr3
rs62264766	117922380	rs55929115	0.0107734	0	1	1	0	0	1	1	1	1	1	chr3
rs62264956	117811928	rs55929115	0.0101883	0	0	1	0	0	0	0	0	0	0	chr3
rs62376382	109853939	rs35164357	0.00944241	1	0	0	0	0	0	0	0	0	0	chr5
rs62378245	89448145	rs115325222	0.0644817	0	1	0	0	0	0	1	1	1	1	chr5
rs62394495	152350136	rs10515678	4.13378e-5	1	1	0	0	0	0	0	0	0	0	chr5
rs62484016	128107006	rs35045093	0.0379978	1	1	0	0	0	0	0	0	0	0	chr7
rs627529	80677674	rs28490262	0.00386436	1	0	0	0	0	0	0	0	0	0	chr3
rs629831	139634101	rs9687282	0.00688442	0	0	1	0	0	0	1	0	0	0	chr5
rs63750417	45983409	rs2532240	1.50935e-4	1	0	0	0	0	0	0	0	0	0	chr17
rs6424546	73310990	rs12129573	0.00399173	0	0	0	0	1	0	0	0	0	0	chr1
rs6424547	73311013	rs12129573	0.00399423	0	0	0	0	1	0	0	0	0	0	chr1
rs6424548	73311167	rs12129573	0.00399342	0	0	0	0	1	0	0	0	0	0	chr1
rs6427870	201027061	rs12126806	3.43502e-4	1	0	0	1	1	0	0	0	0	0	chr1
rs6467160	128102418	rs35045093	0.0185567	0	0	0	0	0	0	0	0	1	0	chr7
rs6467161	128102510	rs35045093	0.0194005	0	0	0	0	0	0	0	0	1	0	chr7
rs6467162	128102535	rs35045093	0.0223496	0	0	0	0	0	0	0	0	1	0	chr7
rs6472147	64700140	rs10957321	0.0490574	1	0	0	0	0	0	0	0	0	0	chr8
rs6484373	28504700	rs10767734	9.88948e-4	0	0	1	0	1	0	0	0	1	0	chr11
rs6485807	48081315	rs12285419	4.0754e-5	0	0	0	1	0	0	0	0	0	0	chr11
rs6488933	122355625	rs143116451	0.037615	1	0	0	0	0	0	0	0	0	0	chr12
rs6496565	89199849	rs2238304	0.0479488	0	0	1	0	0	0	0	0	1	0	chr15
rs6503443	45688515	rs2532240	2.03383e-4	1	1	1	0	0	1	1	1	0	1	chr17
rs6534071	117965929	rs28521069	0.0071297	1	1	0	0	1	1	0	0	0	0	chr4
rs6539416	108192554	rs3764002	0.0853962	0	1	0	0	0	0	0	0	0	0	chr12
rs6558008	27580789	rs73229090	2.00805e-4	0	0	0	0	0	1	0	0	0	0	chr8
rs6561957	58165744	rs9569820	2.4083e-4	0	1	0	0	0	1	1	1	0	1	chr13
rs6565173	29962846	rs3814883	0.012521	1	0	0	0	0	0	1	0	0	1	chr16
rs6577488	8474469	rs11121172	3.89876e-4	0	0	0	0	0	0	1	0	0	0	chr1
rs6577494	8516866	rs11121172	3.99038e-4	0	0	0	0	0	0	1	0	0	0	chr1
rs660899	43651335	rs11210892	1.97109e-4	0	0	0	0	0	0	0	0	0	1	chr1
rs6639153	12173113	rs34539323	0.00359724	1	1	0	0	0	0	1	1	0	1	chrX
rs66469903	88590893	rs1915019	0.00454915	0	0	0	0	0	0	0	0	0	1	chr8
rs66580221	89449367	rs115325222	0.0157223	0	0	0	0	0	0	1	0	0	1	chr5
rs6662991	243246906	rs61833239	2.85021e-4	0	0	0	1	0	0	0	0	0	0	chr1
rs6663263	201011593	rs12126806	3.2166e-4	0	0	1	0	1	0	0	0	0	0	chr1
rs6664310	98103037	rs1198588	4.24877e-4	1	0	0	0	0	0	0	0	0	0	chr1
rs6668649	243253490	rs61833239	2.84888e-4	0	1	0	0	0	0	0	1	0	1	chr1
rs6669447	28822849	rs61786047	0.0685054	0	0	0	0	0	0	1	0	0	0	chr1
rs66707897	25215466	rs141216273	9.63993e-4	1	1	1	0	0	0	1	0	1	1	chr2
rs6674407	6602853	rs11122119	0.0058722	1	1	1	1	1	1	1	1	1	1	chr1
rs668204	113278920	rs2514218	6.43705e-4	1	0	0	0	0	1	0	0	0	0	chr11
rs6687012	2444405	rs6673880	0.0698972	1	0	0	0	0	0	0	0	0	0	chr1
rs6687260	201011570	rs12126806	7.33697e-4	0	0	1	0	1	0	0	0	0	0	chr1
rs66899146	92320850	rs634940	0.0023758	0	0	0	0	0	0	0	1	0	0	chr6
rs6692611	43453742	rs11210892	2.08302e-4	1	1	1	1	1	0	1	1	1	1	chr1
rs6696332	114757749	rs2224086	0.00350081	0	1	1	1	1	1	1	1	1	1	chr1
rs66969288	27602123	rs73229090	1.89676e-4	1	0	0	0	0	0	1	0	1	1	chr8
rs6700264	201014894	rs12126806	7.69287e-4	0	1	0	0	0	0	0	0	0	1	chr1
rs6701496	201038700	rs12126806	2.57014e-4	1	1	1	0	1	1	1	1	1	1	chr1
rs6708950	2326346	rs6715366	0.0835525	1	0	0	0	0	1	1	1	0	1	chr2
rs6710250	172090632	rs62184960	0.0398702	0	0	0	0	0	1	0	0	1	0	chr2
rs6712238	48112108	rs12713008	0.00334402	0	1	1	0	0	0	1	1	1	1	chr2
rs67134955	200994981	rs12126806	7.89939e-4	0	0	0	0	0	1	0	0	0	0	chr1
rs67189233	122191291	rs143116451	0.0012047	0	0	0	0	0	0	1	0	0	0	chr12
rs6729708	48070505	rs12713008	2.11627e-4	0	0	1	1	0	0	0	0	1	0	chr2
rs6733195	193052912	rs13032111	0.0161339	1	0	0	0	0	0	0	0	0	1	chr2
rs673632	139677652	rs9687282	0.0109111	0	1	1	0	0	0	0	0	1	1	chr5
rs6753736	27735988	rs12474906	0.00247575	0	0	0	0	0	1	0	0	0	0	chr2
rs67627854	76019519	rs11897811	0.0494689	0	0	0	0	0	1	0	1	0	0	chr2
rs67723215	89565590	rs11076631	0.0016245	1	0	1	0	0	0	1	1	0	0	chr16
rs678998	134022767	rs4936215	0.165563	0	0	0	0	0	0	1	1	0	1	chr11
rs67979431	152632877	rs10515678	9.67609e-4	1	0	0	0	0	0	0	0	0	0	chr5
rs6819399	117815679	rs28521069	0.00636533	0	0	0	0	0	1	0	0	0	0	chr4
rs682164	139679004	rs9687282	0.0699304	0	0	0	0	0	0	1	1	1	0	chr5
rs6824201	117815750	rs28521069	0.00231014	0	0	0	0	0	1	0	0	0	0	chr4
rs6839925	79272560	rs28454198	0.0795219	1	0	0	0	0	0	0	0	0	0	chr4
rs6859397	45135948	rs10035564	0.0196618	0	0	0	0	1	0	0	0	0	0	chr5
rs6866565	152376847	rs10515678	4.86008e-5	0	0	0	0	1	0	0	0	0	0	chr5
rs6870983	88401716	rs115325222	0.00109233	1	1	1	0	1	1	1	1	1	1	chr5
rs6873744	152632093	rs10515678	0.00412596	1	0	0	0	0	0	0	0	0	0	chr5
rs6877355	152994697	rs10515678	1.99086e-4	1	0	0	0	1	0	0	0	0	0	chr5
rs6881721	154272007	rs11740474	0.0188919	1	1	0	0	0	0	0	0	0	0	chr5
rs6882166	154272043	rs11740474	0.0207018	1	1	0	0	0	0	0	0	0	0	chr5
rs6898369	153130749	rs10515678	1.55959e-4	0	0	0	0	0	0	0	1	0	0	chr5
rs6904142	164764595	rs6919146	0.00149409	0	0	0	0	0	0	0	1	0	0	chr6
rs6905712	164832582	rs6919146	0.00352311	0	0	1	0	0	0	0	0	1	0	chr6
rs6944446	128027463	rs35045093	0.0041018	1	0	0	0	0	0	0	0	0	0	chr7
rs6954	43450971	rs11210892	3.74829e-4	0	0	1	0	0	0	0	0	0	0	chr1
rs696803	200953154	rs12126806	2.82513e-4	0	0	0	0	0	1	0	0	0	0	chr1
rs697134	58458305	rs39967	0.112051	0	0	0	0	0	0	0	0	0	1	chr5
rs6975382	133165551	rs35792732	0.0296017	0	0	1	0	0	0	0	0	0	0	chr7
rs6996860	38386347	rs7816998	0.00702886	1	1	1	1	1	1	1	1	1	1	chr8
rs7005874	38431048	rs7816998	0.00260607	0	0	0	1	0	0	0	0	1	0	chr8
rs706790	50070687	rs578470	0.0703016	1	1	1	1	1	1	1	1	1	1	chr12
rs7086898	102626395	rs79668541	0.011584	0	0	1	0	0	0	0	0	0	0	chr10
rs709210	50320438	rs2710323	0.608816	0	0	0	0	1	1	1	0	1	0	chr3
rs710194	41996556	rs5751191	0.00286317	1	0	0	0	0	0	0	0	0	0	chr22
rs7106740	46489947	rs12285419	2.36286e-5	1	1	1	0	0	1	0	0	0	1	chr11
rs7106806	133968942	rs4936215	0.00108155	0	0	0	0	0	0	0	1	0	0	chr11
rs7106939	81472589	rs72943392	0.00436833	0	0	0	0	0	0	0	1	0	0	chr11
rs7107200	81472756	rs72943392	0.00466085	0	0	0	0	0	0	0	1	0	1	chr11
rs7109981	45922478	rs12285419	2.43995e-5	0	0	1	0	0	1	1	0	0	1	chr11
rs7113199	134377293	rs1440480	0.422654	1	0	0	0	0	0	0	0	0	0	chr11
rs7115790	45920293	rs12285419	2.5086e-5	0	0	1	0	0	0	0	0	0	0	chr11
rs7121317	113168212	rs2514218	4.0752e-4	0	0	0	0	0	0	0	1	0	1	chr11
rs7121736	28628323	rs10767734	0.00136257	0	0	0	0	0	1	0	0	0	1	chr11
rs7122746	133968913	rs4936215	0.00118657	0	0	0	0	0	0	0	1	0	0	chr11
rs7124323	45922557	rs12285419	2.3913e-5	0	0	1	0	0	1	0	0	0	1	chr11
rs7124434	45922554	rs12285419	2.43483e-5	0	0	1	0	0	1	0	0	0	1	chr11
rs7125588	113565350	rs2514218	0.108039	0	0	0	0	0	0	1	1	0	0	chr11
rs7130141	46478324	rs12285419	0.020066	0	0	0	0	0	1	0	0	0	0	chr11
rs7130989	47163205	rs12285419	5.35027e-5	1	0	1	0	0	0	0	0	0	0	chr11
rs7132655	123954426	rs12311848	0.00881616	0	0	0	0	0	1	0	0	0	0	chr12
rs7133502	2194320	rs10774034	5.23468e-4	0	0	0	0	0	1	0	0	0	1	chr12
rs7148456	103561933	rs10873538	1.76425e-4	0	0	0	1	0	0	1	1	0	1	chr14
rs71512698	33895995	rs79445414	2.52911e-4	0	0	1	0	0	0	0	0	0	0	chr8
rs7156255	103279856	rs10873538	5.12182e-4	0	1	0	0	0	0	0	1	0	0	chr14
rs71579590	139690813	rs9687282	0.0206924	0	0	1	0	0	0	0	0	0	0	chr5
rs7159665	103518279	rs10873538	2.34243e-4	0	1	1	0	0	0	0	0	1	1	chr14
rs7161305	103535897	rs10873538	1.59116e-4	0	0	0	0	0	1	0	0	0	0	chr14
rs7170068	78620601	rs2456020	0.0215583	0	0	0	0	0	0	1	0	0	0	chr15
rs7174732	43746265	rs2929278	0.0148775	1	1	1	1	1	1	1	1	1	1	chr15
rs7178152	89243824	rs2238304	0.151589	1	1	1	1	1	1	1	1	1	1	chr15
rs718457	89242580	rs2238304	6.04765e-4	0	0	1	0	0	0	1	0	0	1	chr15
rs7204827	4417532	rs8048039	0.00817065	0	0	0	0	0	0	1	0	0	0	chr16
rs7224258	1352208	rs3752827	0.00935773	1	0	0	0	0	0	0	0	0	0	chr17
rs7228846	55407387	rs9636107	0.0082312	1	1	0	0	0	1	1	1	0	1	chr18
rs7250893	19514738	rs1858999	0.00441477	0	1	0	0	0	0	0	1	0	0	chr19
rs72612868	12137980	rs34539323	0.00247169	1	1	1	0	0	0	0	1	1	0	chrX
rs7262449	38680668	rs6065094	0.00569724	0	0	1	0	0	0	0	0	1	0	chr20
rs72630624	38382874	rs7816998	0.0188596	1	1	1	1	1	1	1	1	1	1	chr8
rs72635792	8318539	rs11121172	0.0105929	0	1	1	0	0	1	1	1	1	0	chr1
rs72659661	35719096	rs581459	0.00459031	1	1	0	1	1	1	1	1	0	0	chr1
rs72663818	28649120	rs61786047	2.53805e-4	1	1	1	0	0	1	1	1	1	1	chr1
rs72692873	150050850	rs12138231	0.00802717	1	1	1	0	0	1	1	1	0	1	chr1
rs72694954	150151572	rs12138231	0.00638285	0	0	0	0	0	1	1	0	0	0	chr1
rs72694956	150162023	rs12138231	0.00682962	0	0	1	0	0	0	0	0	0	0	chr1
rs72694957	150163093	rs12138231	0.00751274	1	1	1	1	1	1	1	1	1	1	chr1
rs72694959	150165955	rs12138231	0.0112524	1	0	1	1	0	1	1	1	1	1	chr1
rs72728435	97381299	rs72728416	0.00908358	0	0	1	0	0	0	0	0	0	0	chr1
rs72790275	58580829	rs154433	0.0280792	0	0	0	0	0	1	0	0	0	0	chr16
rs72799173	152769838	rs10515678	0.00264618	0	0	0	0	0	0	1	0	0	0	chr5
rs72799193	152809374	rs10515678	0.00114406	0	0	0	0	0	0	1	0	0	0	chr5
rs72801007	152817151	rs10515678	8.24639e-4	1	0	0	0	1	1	0	0	0	0	chr5
rs72806703	152953744	rs10515678	0.00189486	0	0	0	0	0	1	0	0	0	0	chr5
rs72853661	25216393	rs141216273	0.002007983	1	1	1	0	1	1	1	1	1	1	chr2
rs72902492	45924418	rs12285419	2.99234e-5	0	0	1	0	0	0	0	0	0	0	chr11
rs72918669	92320761	rs634940	2.63665e-4	0	0	0	0	0	0	0	1	0	0	chr6
rs72934600	55900624	rs9636107	0.124102	0	0	0	0	0	0	1	1	0	0	chr18
rs72934602	55901227	rs9636107	0.131995	0	1	0	0	0	0	1	0	0	1	chr18
rs72936329	55918433	rs9636107	0.0160766	0	0	0	0	0	0	1	0	0	0	chr18
rs729707	89199812	rs2238304	6.88724e-4	0	0	1	0	0	0	0	0	1	0	chr15
rs72972378	224507845	rs72974269	0.0169444	1	0	0	0	0	0	0	0	0	0	chr2
rs72986630	11738921	rs72986630	0.990353	1	1	1	1	1	1	1	1	1	1	chr19
rs7301566	50187864	rs578470	0.00235807	1	0	1	0	0	1	1	1	1	1	chr12
rs73022890	30511586	rs8104557	0.00287563	0	1	0	0	0	0	1	1	0	1	chr19
rs73036081	133970261	rs4936215	0.00101777	0	0	0	0	0	0	1	0	0	0	chr11
rs73036086	133971887	rs4936215	0.00112035	1	0	0	0	0	0	0	1	0	0	chr11
rs7308351	2194380	rs10774034	5.55236e-4	0	0	0	0	0	1	0	0	0	1	chr12
rs7316798	94793404	rs6538539	0.00788656	0	0	1	0	0	1	0	0	0	0	chr12
rs73176684	41382613	rs5751191	0.0449432	1	1	1	0	0	0	1	0	1	1	chr22
rs73181662	71348898	rs10238960	0.00390582	1	1	1	0	0	0	0	1	1	0	chr7
rs73239720	128122870	rs35045093	0.0157568	1	0	0	0	1	0	0	0	0	0	chr7
rs73281459	154273370	rs11740474	0.0154664	0	0	0	1	0	0	0	0	0	0	chr5
rs7333904	79281413	rs9545047	0.0185976	0	0	0	0	0	0	0	1	0	0	chr13
rs7334491	38264558	rs2455415	0.00636756	0	0	0	0	1	1	0	0	0	0	chr13
rs7337189	38264798	rs2455415	0.00636756	0	0	0	0	1	1	0	0	0	0	chr13
rs73477256	55418161	rs9636107	0.00662355	1	0	0	0	0	0	0	0	0	0	chr18
rs73477273	55426020	rs9636107	0.0202333	0	0	0	0	0	1	0	0	0	0	chr18
rs73490813	55318170	rs9636107	0.0143783	0	1	0	0	0	1	1	1	0	1	chr18
rs73492947	55385692	rs9636107	0.00495436	0	0	1	0	0	0	0	0	1	0	chr18
rs73492955	55389339	rs9636107	0.00646318	0	0	0	0	0	0	1	0	0	0	chr18
rs7356835	164860021	rs6919146	6.49494e-4	0	0	0	0	0	1	0	0	0	0	chr6
rs73573285	112963087	rs2514218	5.34109e-4	1	1	1	0	1	1	1	1	1	1	chr11
rs73586830	66920342	rs77463171	0.013849	0	0	0	0	0	0	0	0	1	0	chr16
rs73611490	124800902	rs1940171	0.00583264	0	1	1	0	0	1	1	0	1	1	chr11
rs73673622	33921299	rs79445414	0.00136206	0	0	0	0	0	0	1	0	0	0	chr8
rs73805839	154273167	rs11740474	0.0180785	0	0	0	1	0	0	0	0	0	0	chr5
rs739293	41977644	rs5751191	0.00985699	1	1	1	0	1	0	1	1	1	1	chr22
rs74090531	72956785	rs12129573	7.21271e-4	0	0	0	0	0	1	0	0	0	0	chr1
rs74091266	73097160	rs12129573	0.00279717	1	0	0	0	0	0	0	0	0	0	chr1
rs74092633	73010128	rs12129573	0.004826	0	1	1	0	0	0	0	1	1	1	chr1
rs74113828	115090923	rs2224086	0.00371918	0	0	0	0	0	1	0	0	0	0	chr1
rs74361372	49483086	rs11696755	0.0384525	0	0	1	0	0	0	1	0	1	1	chr20
rs74373474	34295514	rs79445414	8.0802e-5	1	1	0	0	0	0	1	1	0	0	chr8
rs74373662	27548680	rs73229090	1.51324e-4	1	0	0	0	0	0	0	0	0	0	chr8
rs743832	41699460	rs5751191	0.00145378	1	1	0	1	0	1	1	1	0	1	chr22
rs74394604	243852167	rs61833239	1.9971e-4	0	0	1	0	0	0	0	0	0	0	chr1
rs74457229	45895215	rs2532240	2.77728e-4	0	0	1	0	0	0	0	0	1	0	chr17
rs74496580	45896699	rs2532240	2.63431e-4	1	1	1	0	0	1	0	0	0	0	chr17
rs74548327	45895714	rs2532240	2.63431e-4	1	1	1	0	1	1	1	1	1	1	chr17
rs7457977	127535587	rs35045093	8.25227e-4	0	0	1	0	0	0	0	0	1	1	chr7
rs74584457	88678787	rs1915019	0.0030831	1	0	0	0	0	0	0	0	0	0	chr8
rs7463315	59800853	rs6984242	0.01027	0	0	0	0	0	1	0	0	0	0	chr8
rs74757308	47306020	rs12285419	8.05996e-5	0	0	1	0	0	0	0	0	1	0	chr11
rs74760947	34495092	rs79445414	0.00608645	1	0	0	0	0	0	0	0	0	0	chr8
rs74764237	131921098	rs1593304	0.00224358	0	0	0	0	0	1	0	0	0	0	chr7
rs74782031	33554915	rs79445414	6.52469e-5	0	0	0	1	0	0	0	0	0	0	chr8
rs7479361	48088241	rs12285419	3.64772e-5	0	0	1	0	0	0	0	0	0	0	chr11
rs7486605	120903362	rs2649999	0.980595	1	1	0	1	0	1	0	0	1	1	chr12
rs74885315	164691116	rs6919146	0.00130524	0	1	0	0	0	0	1	1	0	0	chr6
rs74896883	181176992	rs7647398	0.00242564	1	1	0	0	1	1	1	1	1	1	chr3
rs749130	25307159	rs141216273	0.00609871	0	0	1	1	0	0	0	1	1	0	chr2
rs749131	25306755	rs141216273	0.00708283	0	0	1	1	0	0	1	1	1	0	chr2
rs74922289	45841158	rs2532240	4.79917e-4	0	1	0	0	0	1	1	0	0	1	chr17
rs74965575	55355939	rs9636107	0.0272447	0	0	0	0	0	0	0	0	0	1	chr18
rs750350	113014620	rs2514218	0.00143516	0	0	0	0	0	0	0	0	1	0	chr11
rs75145092	45967457	rs2532240	1.43986e-4	1	0	0	0	0	0	0	0	0	0	chr17
rs75147539	174283109	rs9287971	0.00191961	0	1	0	0	0	1	1	1	1	1	chr2
rs751908	232926201	rs778371	0.00260045	0	0	0	0	0	1	0	0	0	0	chr2
rs75271563	96014620	rs6925964	0.0557723	1	0	0	0	0	0	0	0	0	0	chr6
rs75277552	27580948	rs73229090	3.36885e-4	0	0	0	0	0	1	0	0	0	0	chr8
rs752848	47153625	rs12285419	5.01287e-5	0	0	0	0	0	0	0	0	0	1	chr11
rs752849	47153776	rs12285419	5.11844e-5	0	0	0	0	0	0	0	0	0	1	chr11
rs752850	47153599	rs12285419	4.97579e-5	0	0	0	0	0	0	0	0	0	1	chr11
rs75386358	73115206	rs12129573	0.00219646	0	0	0	0	0	1	0	0	0	0	chr1
rs75494138	46443811	rs12285419	8.09125e-4	0	0	0	0	0	0	0	1	0	0	chr11
rs75715199	45748112	rs2532240	0.00133575	0	1	0	0	0	0	0	0	0	0	chr17
rs75741813	34512190	rs79445414	0.0128097	0	0	1	0	0	0	0	0	0	0	chr8
rs757500	45679467	rs2532240	6.02123e-4	1	0	0	0	0	0	0	0	0	0	chr17
rs757501	45679319	rs2532240	5.73208e-4	1	0	0	0	0	0	0	0	0	0	chr17
rs7583634	48198896	rs12713008	3.60467e-4	0	0	1	0	0	0	0	0	0	0	chr2
rs7584565	37323760	rs3770752	0.0374591	0	1	1	0	1	1	1	0	0	1	chr2
rs758749	56678350	rs758749	0.346108	0	0	0	0	0	0	0	0	1	0	chr19
rs75903170	139637905	rs9687282	0.00748514	0	0	0	0	0	0	0	0	1	0	chr5
rs76017264	43660472	rs11210892	5.73872e-4	0	0	0	0	0	0	1	0	0	1	chr1
rs76070078	131853159	rs1593304	0.00464291	0	0	0	0	0	0	0	1	0	0	chr7
rs7612643	30036923	rs1506297	0.0901397	0	1	0	0	0	0	0	1	0	0	chr3
rs76172775	58594897	rs9569820	1.50684e-4	1	0	0	0	0	0	0	0	0	0	chr13
rs76240476	25280659	rs141216273	0.00106144	0	0	0	1	0	0	0	0	0	0	chr2
rs7624770	80688935	rs28490262	0.00386436	1	0	0	0	0	0	1	0	0	0	chr3
rs76247948	27548000	rs73229090	2.32288e-4	1	0	0	0	0	0	0	0	0	0	chr8
rs7626087	2517767	rs17194490	0.017632	0	0	1	0	0	0	0	0	0	0	chr3
rs7630428	117809835	rs55929115	0.00630321	1	0	0	0	0	1	0	0	0	0	chr3
rs76324150	45895867	rs2532240	2.77728e-4	1	1	1	0	1	1	1	1	1	1	chr17
rs763263	41919786	rs5751191	0.0351502	0	1	1	1	0	1	1	0	1	1	chr22
rs76329216	45861133	rs2532240	3.78409e-4	1	0	0	0	0	0	0	1	0	0	chr17
rs76457036	174176956	rs9287971	1.81427e-4	1	0	0	0	0	0	0	0	0	0	chr2
rs76462269	42284195	rs5751191	0.921501	1	1	0	0	0	1	1	1	0	1	chr22
rs7648309	53257966	rs2710323	0.00606199	0	0	0	0	0	0	0	0	1	0	chr3
rs765275	153404837	rs10515678	3.24735e-5	0	0	1	0	0	0	1	1	0	1	chr5
rs7657155	117957465	rs28521069	0.00404033	0	0	0	0	1	0	0	0	0	0	chr4
rs76590489	47915746	rs12285419	1.10494e-4	0	0	0	0	0	0	0	1	0	0	chr11
rs76593596	96016752	rs6925964	0.0557723	1	1	1	0	1	1	1	0	1	1	chr6
rs76594404	45894091	rs2532240	2.77728e-4	0	0	0	0	0	1	0	0	0	0	chr17
rs76632685	45897111	rs2532240	2.63431e-4	1	1	1	0	1	1	1	1	0	1	chr17
rs76641465	55319930	rs9636107	0.021367	1	0	0	0	0	0	0	0	0	0	chr18
rs7665615	33724091	rs1454606	7.50067e-4	0	1	0	0	0	0	1	1	0	0	chr4
rs76667867	45722444	rs2532240	7.44577e-4	0	0	0	0	0	0	0	0	1	0	chr17
rs76728632	45740794	rs2532240	9.17342e-4	0	0	1	0	0	0	1	1	0	1	chr17
rs76729992	58593064	rs9569820	1.83491e-4	1	0	0	0	0	0	0	0	0	0	chr13
rs7681654	142953179	rs1510136	0.00871436	0	0	1	0	0	0	0	0	0	0	chr4
rs76901112	97566168	rs1198588	3.85304e-4	0	0	0	0	0	1	0	0	0	0	chr1
rs7701188	89448733	rs115325222	0.0162612	1	1	0	0	0	0	1	1	0	1	chr5
rs77047825	46296481	rs12285419	7.93534e-5	0	0	1	0	0	0	0	0	0	0	chr11
rs770525	88827733	rs115325222	0.12733	1	0	0	0	0	0	0	0	0	0	chr5
rs77165791	122183084	rs143116451	0.00220299	1	1	1	0	0	1	1	1	1	1	chr12
rs77247429	164690116	rs6919146	0.00824613	0	0	0	0	0	0	0	1	0	0	chr6
rs77310586	45688015	rs2532240	5.43054e-4	1	0	0	0	0	0	0	0	0	0	chr17
rs77336101	27617354	rs73229090	1.35297e-4	0	1	0	0	0	0	1	1	0	1	chr8
rs77360671	103333264	rs10873538	9.35102e-5	1	1	0	0	0	0	0	1	1	0	chr14
rs77403204	53327949	rs2710323	0.00254201	0	0	0	1	0	0	0	0	0	0	chr3
rs7747058	164756280	rs6919146	0.00201095	0	1	0	0	0	0	1	1	1	1	chr6
rs77482155	98021524	rs1198588	3.10258e-4	1	0	0	0	0	0	0	0	0	0	chr1
rs77509857	243443855	rs61833239	2.19805e-4	0	0	0	1	0	0	0	0	0	0	chr1
rs77671429	89379299	rs2238304	0.00223365	0	0	1	0	0	0	0	1	0	1	chr15
rs77767735	103730785	rs10873538	6.63769e-5	0	0	1	0	0	0	0	0	0	0	chr14
rs77819001	45722438	rs2532240	7.44577e-4	0	0	0	0	0	0	0	0	1	0	chr17
rs778371	232878399	rs778371	0.546141	0	0	0	0	0	1	0	0	0	0	chr2
rs7790439	128136087	rs35045093	0.0023341	1	1	1	1	1	1	1	1	1	1	chr7
rs7790858	128136107	rs35045093	0.00216763	0	1	0	1	0	0	1	1	0	0	chr7
rs7792971	128100939	rs35045093	0.0154093	0	0	0	0	1	0	0	0	0	0	chr7
rs7793071	128101265	rs35045093	0.0161038	0	0	0	0	1	0	0	0	0	0	chr7
rs77970149	103881741	rs10873538	1.10268e-4	0	0	1	0	0	0	0	0	0	0	chr14
rs77973161	243749141	rs61833239	2.35983e-4	1	0	1	0	0	0	0	1	0	0	chr1
rs78052495	45690981	rs2532240	4.28221e-4	1	0	0	0	0	0	0	0	0	0	chr17
rs7811971	128101173	rs35045093	0.0184924	0	0	0	0	1	0	0	0	0	0	chr7
rs78281202	55418042	rs9636107	0.0283249	1	0	0	0	0	0	0	0	0	0	chr18
rs7830315	64695804	rs10957321	0.0964983	0	1	0	0	0	0	1	1	1	1	chr8
rs78313351	128135850	rs35045093	0.0024266	1	1	1	1	1	1	1	1	1	1	chr7
rs7833512	33805366	rs79445414	6.9777e-5	0	1	0	0	0	0	0	1	0	1	chr8
rs7835270	102656092	rs7002992	0.134096	0	1	0	0	0	0	0	1	0	1	chr8
rs78405969	28553045	rs61786047	3.09292e-4	1	1	1	1	1	1	1	1	1	1	chr1
rs78406870	43545390	rs11210892	2.16649e-4	0	0	1	0	0	0	0	0	1	0	chr1
rs7844647	34646258	rs79445414	7.69379e-5	0	0	0	0	0	0	0	0	0	1	chr8
rs78471340	45690980	rs2532240	4.49418e-4	1	0	0	0	0	0	0	0	0	0	chr17
rs78489830	152608012	rs10515678	0.00417787	1	0	0	0	1	0	0	0	0	1	chr5
rs78530814	34518417	rs79445414	0.0120876	1	0	0	0	1	0	1	0	0	0	chr8
rs78556223	45949112	rs2532240	1.71726e-4	1	0	1	1	0	1	1	1	1	1	chr17
rs78564368	164795070	rs6919146	7.89073e-4	1	1	0	0	0	0	0	1	0	0	chr6
rs78641116	8314237	rs11121172	0.00332307	0	0	0	0	0	1	0	0	0	0	chr1
rs7866028	10235458	rs2890914	0.00427677	1	0	0	0	0	0	0	0	0	0	chr9
rs78719985	144379785	rs12991836	0.0622847	1	0	1	0	1	0	0	0	1	0	chr2
rs78720789	45896047	rs2532240	2.63431e-4	1	1	0	0	0	0	1	1	0	1	chr17
rs78728410	6602971	rs11122119	0.00896397	1	1	1	1	1	1	1	1	1	1	chr1
rs78770847	92546319	rs634940	0.00117208	0	0	0	1	0	0	0	0	0	0	chr6
rs78887304	243556644	rs61833239	7.39616e-4	1	0	0	0	0	0	0	0	0	0	chr1
rs79081071	103923930	rs10873538	5.92016e-5	0	1	0	0	0	0	0	1	0	0	chr14
rs79122681	49208281	rs12285419	4.85901e-5	1	1	1	0	1	1	1	1	1	1	chr11
rs79138320	131851558	rs1593304	0.00200943	0	1	0	0	0	0	0	1	0	0	chr7
rs79241281	152535014	rs10515678	0.00343005	1	1	0	0	0	0	1	1	0	0	chr5
rs79265289	43570649	rs11210892	0.00125836	1	0	0	0	0	0	0	0	0	0	chr1
rs7927176	123525156	rs77502336	0.306573	1	1	1	0	0	0	1	1	1	0	chr11
rs7927437	123525279	rs77502336	0.134263	1	1	1	0	0	0	1	0	1	0	chr11
rs7928017	113578040	rs2514218	0.160826	0	0	1	0	0	1	1	1	0	1	chr11
rs7928640	124758723	rs1940171	0.0148901	1	1	1	1	1	1	1	1	1	1	chr11
rs79338069	113628069	rs2514218	4.09149e-4	1	0	0	0	0	0	0	0	0	0	chr11
rs7934490	48308007	rs12285419	3.62316e-4	0	0	0	1	0	0	0	0	0	0	chr11
rs7934659	48044822	rs12285419	8.50769e-5	0	0	0	1	0	0	0	0	0	0	chr11
rs79395357	34600614	rs79445414	1.83604e-4	1	0	0	0	0	0	0	0	0	0	chr8
rs79436018	128053980	rs35045093	9.76589e-4	0	0	1	0	0	0	0	0	0	0	chr7
rs7944860	65638708	rs58950470	0.0249258	1	1	1	0	0	0	1	1	1	1	chr11
rs7948028	113457959	rs2514218	0.0158605	0	0	1	0	0	0	0	1	0	1	chr11
rs7949513	48308161	rs12285419	2.59651e-5	0	0	0	1	0	0	0	0	0	0	chr11
rs7951888	134725880	rs4937935	0.0350083	1	0	0	0	1	0	0	0	0	0	chr11
rs79520962	128031458	rs35045093	0.0493921	1	1	1	0	0	1	1	1	1	0	chr7
rs79589869	45852872	rs2532240	6.24143e-4	1	1	0	0	0	1	1	1	1	1	chr17
rs79600142	45820356	rs2532240	9.5532e-4	1	0	1	0	0	0	0	0	0	0	chr17
rs79666393	243313139	rs61833239	0.00611185	0	0	1	0	0	0	0	0	0	0	chr1
rs79707548	232876546	rs778371	0.0136713	1	1	1	0	1	1	1	1	0	1	chr2
rs79725992	104035362	rs10873538	1.00424e-4	1	1	1	0	1	0	1	1	1	1	chr14
rs79780963	103192742	rs79668541	0.00431877	1	0	1	0	0	1	1	1	0	0	chr10
rs7978610	123984025	rs12311848	0.0227755	0	0	1	1	0	1	1	0	1	0	chr12
rs79789534	152567698	rs10515678	0.00477059	0	1	0	0	0	0	1	0	0	1	chr5
rs80015997	89362349	rs2238304	0.0115812	1	1	1	0	1	1	1	1	1	1	chr15
rs8004780	103387023	rs10873538	2.99184e-4	1	0	0	0	0	0	0	0	0	0	chr14
rs80068158	243433450	rs61833239	1.68585e-4	0	0	0	1	0	0	0	0	0	0	chr1
rs8013911	103537886	rs10873538	1.69666e-4	0	0	0	0	0	0	1	0	0	0	chr14
rs80157557	45740532	rs2532240	9.69083e-4	0	0	1	0	0	0	1	1	0	1	chr17
rs80184151	45801942	rs2532240	0.00132085	1	0	0	0	0	0	0	0	0	0	chr17
rs8020199	103333358	rs10873538	1.92626e-4	1	1	1	0	1	1	1	1	1	1	chr14
rs8021359	103335237	rs10873538	2.4368e-4	1	0	1	0	0	1	0	0	0	0	chr14
rs80233201	45894115	rs2532240	2.77728e-4	0	0	0	0	0	1	0	0	0	0	chr17
rs80288268	48415496	rs12713008	2.37965e-4	1	1	1	0	0	0	1	1	1	1	chr2
rs8030116	89364808	rs2238304	0.00131827	1	0	0	0	0	0	0	0	0	0	chr15
rs80346216	45897110	rs2532240	2.63431e-4	1	1	1	0	1	1	1	1	0	1	chr17
rs8036512	89197142	rs2238304	5.4408e-4	0	0	0	0	0	0	0	0	0	1	chr15
rs8042607	89197153	rs2238304	7.42924e-4	0	0	0	0	0	0	0	0	0	1	chr15
rs8042649	89197238	rs2238304	6.69713e-4	0	0	0	0	0	0	0	0	0	1	chr15
rs8058276	9817505	rs9926049	0.0134467	0	1	0	0	0	0	0	0	0	0	chr16
rs8058295	9817529	rs9926049	0.0126379	0	1	0	0	0	0	0	0	0	0	chr16
rs8067545	20009397	rs9891739	0.030433	1	1	1	1	1	1	1	1	1	1	chr17
rs8089309	55408061	rs9636107	0.00786527	0	0	1	0	0	0	0	0	0	0	chr18
rs8091497	79872565	rs72980087	0.0819021	1	0	0	0	0	0	0	0	0	1	chr18
rs8100439	30492899	rs8104557	0.00298365	0	1	0	0	0	0	1	1	0	1	chr19
rs812383	232872422	rs778371	3.59836e-4	0	0	1	0	0	0	0	0	1	0	chr2
rs8135801	42079564	rs5751191	0.00102293	0	1	1	1	1	0	1	1	0	1	chr22
rs815633	154103223	rs11740474	0.00428827	1	0	1	0	0	0	0	0	0	0	chr5
rs832195	63878936	rs704364	0.0437293	0	0	1	0	0	0	0	0	0	0	chr3
rs8354	102676884	rs79668541	0.0448981	0	0	0	0	0	0	1	0	0	0	chr10
rs839752	43389875	rs11210892	0.00336162	1	1	1	1	1	1	1	1	1	1	chr1
rs839764	43367703	rs11210892	0.0066236	1	0	0	0	0	0	0	0	1	1	chr1
rs839995	43349193	rs11210892	0.00344013	1	1	1	1	0	1	1	1	1	1	chr1
rs867232	27609666	rs73229090	2.28888e-4	1	0	0	0	0	0	1	0	0	1	chr8
rs867743	59782088	rs6984242	0.105753	0	0	1	0	0	0	0	0	0	0	chr8
rs879714	89357121	rs2238304	0.00294152	1	1	1	0	1	1	1	1	1	1	chr15
rs880483	134036634	rs4936215	0.00120995	0	1	1	0	0	1	1	1	1	1	chr11
rs891398	27467305	rs73229090	0.00131841	0	0	1	0	0	0	0	0	0	0	chr8
rs891400	27468104	rs73229090	1.3324e-4	0	0	0	0	0	0	1	0	0	0	chr8
rs893949	134426490	rs1440480	0.665207	1	0	0	0	0	0	0	0	0	0	chr11
rs894875	8372076	rs11121172	0.0310272	1	0	0	0	0	0	0	0	1	0	chr1
rs897959	243734472	rs61833239	1.62793e-4	1	0	0	0	0	0	0	0	0	0	chr1
rs902356	8372593	rs11121172	0.00410333	0	1	1	0	0	0	1	0	0	1	chr1
rs903791	164693974	rs6919146	0.006064261	0	1	1	0	1	1	1	1	1	1	chr6
rs904628	120904281	rs2649999	0.00267443	1	1	1	1	1	1	1	1	1	1	chr12
rs911338	103886591	rs10873538	1.03414e-4	0	0	0	0	0	1	1	0	0	0	chr14
rs911549	103518200	rs10873538	2.54815e-4	0	1	1	0	0	0	0	0	1	1	chr14
rs9284579	33886427	rs1454606	3.36731e-4	0	0	0	0	0	0	0	0	1	0	chr4
rs9309322	60214049	rs4672366	0.00506973	0	0	1	0	0	0	0	0	1	0	chr2
rs931041	55776349	rs9636107	0.0237368	0	1	0	0	0	0	0	1	0	0	chr18
rs9317003	58618568	rs9569820	0.00509349	1	0	0	0	0	0	1	0	1	1	chr13
rs9324063	103540356	rs10873538	3.49712e-4	0	0	1	0	0	0	0	0	1	1	chr14
rs9324734	152633235	rs10515678	8.4993e-4	1	0	0	0	0	0	0	0	0	0	chr5
rs9331888	27611345	rs73229090	1.5395e-4	0	1	1	0	1	1	1	1	0	1	chr8
rs9331926	27603578	rs73229090	1.34923e-4	0	1	0	0	0	1	1	1	1	1	chr8
rs9331950	27597165	rs73229090	1.8069e-4	1	1	1	0	1	1	1	1	1	1	chr8
rs9347903	164693371	rs6919146	0.00759904	0	0	0	0	0	0	1	1	0	0	chr6
rs9347929	164795327	rs6919146	0.0017018	1	1	0	0	0	0	0	1	0	0	chr6
rs9356243	164690739	rs6919146	0.002159976	0	1	0	0	0	0	1	1	0	0	chr6
rs9359839	64226449	rs6925079	7.2028e-4	1	0	0	0	0	0	0	0	0	0	chr6
rs9365754	164695168	rs6919146	3.43823e-4	0	0	0	0	0	0	0	0	1	0	chr6
rs9365774	164794980	rs6919146	3.81361e-4	1	0	0	0	0	0	0	0	0	0	chr6
rs9426296	28648889	rs61786047	2.37581e-4	0	1	1	0	0	1	1	1	1	1	chr1
rs9426298	28664410	rs61786047	0.0374928	1	0	0	0	0	0	0	0	0	0	chr1
rs9454725	69279521	rs9454727	0.0097995	1	0	0	0	0	0	0	0	0	0	chr6
rs9459138	164555139	rs6919146	5.34164e-4	1	1	1	0	1	0	0	1	0	0	chr6
rs9459177	164692947	rs6919146	1.60505e-4	0	0	1	0	0	0	1	1	1	1	chr6
rs9527815	58502349	rs9569820	1.82756e-4	0	0	0	0	0	1	0	0	0	0	chr13
rs953102	43699249	rs11619756	0.100028	0	0	1	0	0	0	0	0	0	0	chr13
rs9537819	57813890	rs9569820	6.36791e-5	0	0	0	0	0	0	1	1	1	1	chr13
rs9538145	58620248	rs9569820	0.00315769	0	1	1	0	0	1	0	0	1	1	chr13
rs9545061	79310695	rs9545047	0.009832	0	0	0	0	0	1	0	0	0	0	chr13
rs9545101	79399806	rs9545047	0.019462900000000002	1	0	0	0	0	0	0	0	0	0	chr13
rs955234	58593125	rs9569820	5.15322e-4	1	0	0	0	0	0	0	0	0	0	chr13
rs955657	60274540	rs4672366	0.00267559	0	0	0	0	0	0	0	0	1	0	chr2
rs955658	60274286	rs4672366	0.0651404	0	0	1	0	0	0	0	0	1	0	chr2
rs9563548	57860925	rs9569820	1.05548e-4	0	0	1	0	0	0	0	0	0	0	chr13
rs9567243	43665632	rs11619756	0.0149312	1	0	0	0	0	0	0	0	0	0	chr13
rs9597709	58329818	rs9569820	6.92649e-5	0	0	1	0	1	0	1	1	1	1	chr13
rs9597792	58594827	rs9569820	1.95052e-4	1	0	0	0	0	0	0	0	0	0	chr13
rs9597793	58594828	rs9569820	1.91256e-4	1	0	0	0	0	0	0	0	0	0	chr13
rs9623017	39563052	rs732381	0.00174209	0	0	0	0	0	1	1	0	0	1	chr22
rs9623534	42169194	rs5751191	6.60679e-4	0	1	1	0	0	1	1	1	1	1	chr22
rs963135	48081352	rs12713008	0.00305442	0	0	0	1	0	0	0	0	0	0	chr2
rs9657294	27442418	rs73229090	0.00424542	0	0	0	0	0	0	0	0	1	0	chr8
rs9666924	47518455	rs12285419	3.3258e-5	1	0	0	0	0	0	0	0	0	0	chr11
rs9686540	140795037	rs10069930	0.00336077	1	1	0	0	0	0	1	1	0	0	chr5
rs9687282	139686403	rs9687282	0.131481	1	0	0	0	1	0	0	1	0	0	chr5
rs976560	89376714	rs2238304	7.20589e-4	1	1	1	0	0	1	1	0	1	0	chr15
rs978164	164751626	rs6919146	0.00126171	0	0	0	0	0	0	0	1	1	0	chr6
rs9792148	34046258	rs79445414	6.43647e-5	1	0	0	0	0	0	0	0	0	0	chr8
rs9792149	34046318	rs79445414	6.43648e-5	1	0	0	0	0	0	0	0	0	0	chr8
rs9803713	243508698	rs61833239	1.89443e-4	0	0	0	0	1	0	0	0	0	0	chr1
rs980796	137400504	rs13230189	0.00643855	0	0	1	0	0	0	0	0	0	0	chr7
rs982085	138439892	rs10117	0.0192999	1	0	0	0	1	0	0	1	1	0	chr5
rs9834970	36814539	rs75968099	0.0137967	0	0	0	0	0	1	1	0	0	0	chr3
rs9917108	19461976	rs1858999	0.00629697	0	0	1	1	0	0	1	0	0	0	chr19
rs992623	88544870	rs115325222	0.00268362	1	0	1	0	1	1	1	1	1	1	chr5
rs9929143	66751701	rs77463171	0.00435599	1	1	1	1	1	1	1	1	1	1	chr16
rs9936896	90002651	rs11076631	8.12994e-4	0	0	0	0	0	0	0	0	1	0	chr16
rs9938300	9828758	rs9926049	0.0110902	0	0	0	0	0	1	0	0	0	0	chr16
rs9952704	55780459	rs9636107	0.0698417	1	1	1	0	1	1	1	1	1	1	chr18
rs9990714	33722942	rs1454606	5.82266e-4	1	1	1	0	1	1	1	1	1	0	chr4
rs9997046	33724884	rs1454606	7.14423e-4	0	0	0	0	0	0	0	1	0	0	chr4
rs9998799	79297258	rs28454198	0.0357433	0	0	0	0	0	0	0	0	1	1	chr4
