chr	start	end
chr3	181050696	181051197
chr3	181050663	181051164
chr5	88089544	88090045
chr5	88089530	88090031
chr5	88089540	88090041
chr5	152632853	152633354
chr5	88139807	88140308
chr6	164749391	164749892
chr6	164749339	164749840
chr6	164749361	164749862
chr14	103847401	103847902
chr14	103847392	103847893
chr14	103847363	103847864
chr14	103847398	103847899
chr14	103847462	103847963
chr14	103847405	103847906
chr14	103847375	103847876
chr14	103847384	103847885
chr14	103847372	103847873
chr14	103847387	103847888
chr19	56670777	56671278
chr19	56671036	56671537
chr22	39612886	39613387
chr1	65844750	65845251
chr2	174197007	174197508
chr2	2321043	2321544
chr2	2321068	2321569
chr7	71308046	71308547
chr7	71308040	71308541
chr1	8476985	8477486
chr7	71313507	71314008
chr7	131848704	131849205
chr7	131848714	131849215
chr7	131848707	131849208
chr7	131848706	131849207
chr7	131848721	131849222
chr14	103839911	103840412
chr14	103839976	103840477
chr14	103839880	103840381
chr17	45838804	45839305
chr5	139648931	139649432
chr5	139648890	139649391
chr5	139648869	139649370
chr5	139649098	139649599
chr5	139648844	139649345
chr5	139649128	139649629
chr5	139648897	139649398
chr5	139648912	139649413
chr5	139648896	139649397
chr12	14258946	14259447
chr11	130953614	130954115
chr22	41938927	41939428
chr7	131889532	131890033
chr13	58329871	58330372
chr13	58329678	58330179
chr13	58329772	58330273
chr13	58329724	58330225
chr1	98179169	98179670
chr1	98179199	98179700
chr1	98179197	98179698
chr18	72147498	72147999
chr5	152930752	152931253
chr4	175823365	175823866
chr15	43769544	43770045
chr15	43769559	43770060
chr15	43769541	43770042
chr15	43769531	43770032
chr15	43769560	43770061
chr15	43769540	43770041
chr15	89335441	89335942
chr15	89335455	89335956
chr15	89335420	89335921
chr15	89335414	89335915
chr15	89335462	89335963
chr11	28621837	28622338
chr11	28621821	28622322
chr11	28621835	28622336
chr9	10236213	10236714
chr12	122123104	122123605
chr12	122123113	122123614
chr12	122123116	122123617
chr12	122123115	122123616
chr12	122123086	122123587
chr12	122123057	122123558
chr12	2259302	2259803
chr12	91862695	91863196
chr10	102627664	102628165
chr10	102627510	102628011
chr10	102627541	102628042
chr10	102627538	102628039
chr1	71687212	71687713
chr1	71687345	71687846
chr1	73500043	73500544
chr1	73499904	73500405
chr15	84633647	84634148
chr15	84633614	84634115
chr15	84633869	84634370
chr15	84633674	84634175
chr15	84633898	84634399
chr15	84633659	84634160
chr15	84633620	84634121
chr15	84633978	84634479
chr15	84633854	84634355
chr15	84633630	84634131
chr1	173714690	173715191
chr1	173714700	173715201
chr1	173714698	173715199
chr1	173714699	173715200
chr1	173714717	173715218
chr1	173714692	173715193
chr1	173714712	173715213
chr1	173714730	173715231
chr1	173714763	173715264
chr1	173714716	173715217
chr1	200994807	200995308
chr1	243273485	243273986
chr3	181210202	181210703
chr3	181210197	181210698
chr3	181210213	181210714
chr3	181210221	181210722
chr3	181210195	181210696
chr11	45896136	45896637
chr11	45896370	45896871
chr11	45895912	45896413
chr11	46315035	46315536
chr11	46315019	46315520
chr11	46314995	46315496
chr11	46315028	46315529
chr11	47406770	47407271
chr1	6625730	6626231
chr1	6625729	6626230
chr1	6625709	6626210
chr16	29974662	29975163
chr16	29974564	29975065
chr16	29974631	29975132
chr10	102660174	102660675
chr10	102660203	102660704
chr10	102917950	102918451
chr10	102917936	102918437
chr10	102917969	102918470
chr10	102917968	102918469
chr10	102917941	102918442
chr10	102917940	102918441
chr10	102917934	102918435
chr10	102917927	102918428
chr10	102917928	102918429
chr1	71687076	71687577
chr1	43565636	43566137
chr1	43565600	43566101
chr1	43565594	43566095
chr1	43565540	43566041
chr1	43565626	43566127
chr1	43565601	43566102
chr1	43565610	43566111
chr1	43565606	43566107
chr1	43565605	43566106
chr1	43764535	43765036
chr1	43764571	43765072
chr11	81472574	81473075
chr11	81472609	81473110
chr1	201011626	201012127
chr1	201011609	201012110
chr1	201011529	201012030
chr1	201011508	201012009
chr1	201011615	201012116
chr1	201011620	201012121
chr1	201011595	201012096
chr1	201011671	201012172
chr1	201011647	201012148
chr1	243287655	243288156
chr1	243329173	243329674
chr1	243394086	243394587
chr5	61432095	61432596
chr5	61431775	61432276
chr8	33812537	33813038
chr8	33812554	33813055
chr8	33812518	33813019
chr8	33812535	33813036
chr8	33812560	33813061
chr8	33812767	33813268
chr8	33812533	33813034
chr10	62631972	62632473
chr10	62636040	62636541
chr10	62637081	62637582
chr10	18618882	18619383
chr10	18618910	18619411
chr10	18618928	18619429
chr10	18618922	18619423
chr11	28444737	28445238
chr11	28627144	28627645
chr11	45859562	45860063
chr11	45859561	45860062
chr11	45859570	45860071
chr11	45859604	45860105
chr11	45859619	45860120
chr11	45859594	45860095
chr11	45859500	45860001
chr11	45996342	45996843
chr11	46006356	46006857
chr11	46006349	46006850
chr11	46006350	46006851
chr11	46006362	46006863
chr11	46006348	46006849
chr11	46006358	46006859
chr11	46006369	46006870
chr11	46006345	46006846
chr11	46006347	46006848
chr11	47565412	47565913
chr11	47565319	47565820
chr11	47565327	47565828
chr11	47565348	47565849
chr11	47565302	47565803
chr11	47565312	47565813
chr11	47565305	47565806
chr11	47565054	47565555
chr11	47565328	47565829
chr12	14257658	14258159
chr12	14257467	14257968
chr12	14257473	14257974
chr12	14257610	14258111
chr12	14257675	14258176
chr12	14257481	14257982
chr12	14257695	14258196
chr12	14257427	14257928
chr12	14257638	14258139
chr12	122130966	122131467
chr12	122130972	122131473
chr12	122130937	122131438
chr12	122130929	122131430
chr12	122130935	122131436
chr12	122130968	122131469
chr12	122130971	122131472
chr12	122130979	122131480
chr12	122130955	122131456
chr12	122130959	122131460
chr12	2239328	2239829
chr12	2239477	2239978
chr15	61541532	61542033
chr1	8312253	8312754
chr17	46192217	46192718
chr17	46192592	46193093
chr17	46192591	46193092
chr17	46192584	46193085
chr3	52685737	52686238
chr3	52685710	52686211
chr3	52685951	52686452
chr3	52685679	52686180
chr3	52685717	52686218
chr3	52685699	52686200
chr3	52685732	52686233
chr3	52685687	52686188
chr3	53258883	53259384
chr3	53258872	53259373
chr3	53259313	53259814
chr3	53258873	53259374
chr4	175944598	175945099
chr4	175944385	175944886
chr17	45775357	45775858
chr17	45774951	45775452
chr13	43776614	43777115
chr18	55398700	55399201
chr14	103525382	103525883
chr1	98133063	98133564
chr1	98132845	98133346
chr1	98133074	98133575
chr1	98132851	98133352
chr2	197500319	197500820
chr5	152277890	152278391
chr14	103881413	103881914
chr10	103013406	103013907
chr17	45895428	45895929
chr17	45895431	45895932
chr17	45895416	45895917
chr17	45895484	45895985
chr17	45895451	45895952
chr17	45895422	45895923
chr17	45895435	45895936
chr17	45895529	45896030
chr17	45895403	45895904
chr1	43932434	43932935
chr1	43634331	43634832
chr1	43766761	43767262
chr1	43766855	43767356
chr11	113137831	113138332
chr11	113137845	113138346
chr11	113137912	113138413
chr11	113137838	113138339
chr11	113173606	113174107
chr11	133945556	133946057
chr11	133945559	133946060
chr11	133945557	133946058
chr11	133970060	133970561
chr11	133971566	133972067
chr11	134036226	134036727
chr11	134036250	134036751
chr11	47442970	47443471
chr17	45965344	45965845
chr17	45681225	45681726
chr8	34500640	34501141
chr8	34500587	34501088
chr1	153968813	153969314
chr14	103540995	103541496
chr14	103541070	103541571
chr14	103541383	103541884
chr11	45913477	45913978
chr17	45895934	45896435
chr17	45895954	45896455
chr17	45895924	45896425
chr17	45895942	45896443
chr17	45895935	45896436
chr2	232948053	232948554
chr2	174074126	174074627
chr5	138458185	138458686
chr13	58144418	58144919
chr16	66895146	66895647
chr16	66895126	66895627
chr16	66895153	66895654
chr16	66895113	66895614
chr16	66895154	66895655
chr16	66895148	66895649
chr16	66895141	66895642
chr16	66895147	66895648
chr16	66895124	66895625
chr5	152595493	152595994
chr5	152595532	152596033
chr5	152595474	152595975
chr8	38268370	38268871
chr8	38268350	38268851
chr8	38268352	38268853
chr8	38268360	38268861
chr8	38268356	38268857
chr8	38268372	38268873
chr8	38268355	38268856
chr2	232741242	232741743
chr2	25229310	25229811
chr11	47565824	47566325
chr11	47565777	47566278
chr14	103385618	103386119
chr14	103385569	103386070
chr14	103385600	103386101
chr14	103385611	103386112
chr14	103385560	103386061
chr14	103385589	103386090
chr2	174081607	174082108
chr2	174081632	174082133
chr2	174081624	174082125
chr2	174081873	174082374
chr2	174081575	174082076
chr17	45894204	45894705
chr17	45894240	45894741
chr17	45894133	45894634
chr17	45894120	45894621
chr17	45894129	45894630
chr17	45894231	45894732
chr17	45894161	45894662
chr17	45894132	45894633
chr17	45894125	45894626
chr17	45894156	45894657
chr17	45894713	45895214
chr1	201034619	201035120
chr1	201034706	201035207
chr1	201013895	201014396
chr1	201014132	201014633
chr1	201014146	201014647
chr1	201013883	201014384
chr1	201014105	201014606
chr1	201014290	201014791
chr1	201013860	201014361
chr2	48439590	48440091
chr1	150066789	150067290
chr1	150066778	150067279
chr1	150066754	150067255
chr1	150066731	150067232
chr1	150066769	150067270
chr1	150066772	150067273
chr1	150066790	150067291
chr1	150066776	150067277
chr1	150066783	150067284
chr1	201005665	201006166
chr1	243746716	243747217
chr1	200973088	200973589
chr1	201020956	201021457
chr1	201020930	201021431
chr1	201020926	201021427
chr1	201020963	201021464
chr1	201020923	201021424
chr1	201020938	201021439
chr1	201020946	201021447
chr1	201020902	201021403
chr1	153898949	153899450
chr11	113569326	113569827
chr11	113569382	113569883
chr11	57667558	57668059
chr11	57667552	57668053
chr11	57667544	57668045
chr11	57667638	57668139
chr11	57667583	57668084
chr11	57667539	57668040
chr11	57667532	57668033
chr11	57667514	57668015
chr11	47415367	47415868
chr2	232927918	232928419
chr2	232927934	232928435
chr2	232927992	232928493
chr2	232927919	232928420
chr2	232927936	232928437
chr2	232927925	232928426
chr2	232927917	232928418
chr2	232927983	232928484
chr2	232927929	232928430
chr16	89534377	89534878
chr18	79870566	79871067
chr18	79870332	79870833
chr18	79870280	79870781
chr2	232925680	232926181
chr2	232925753	232926254
chr2	174078865	174079366
chr2	76169569	76170070
chr11	47106631	47107132
chr2	174080676	174081177
chr2	174080455	174080956
chr2	174080713	174081214
chr11	47552457	47552958
chr11	47552185	47552686
chr11	47552463	47552964
chr11	47552428	47552929
chr11	47552483	47552984
chr2	224532429	224532930
chr19	2168870	2169371
chr19	2168887	2169388
chr19	2168859	2169360
chr19	2168939	2169440
chr3	181139219	181139720
chr3	50254812	50255313
chr6	96015689	96016190
chr6	96015705	96016206
chr6	96015690	96016191
chr22	39520818	39521319
chr22	39520823	39521324
chr22	39520826	39521327
chr22	39520808	39521309
chr22	39520847	39521348
chr22	39520821	39521322
chr22	39520853	39521354
chr22	39520844	39521345
chr5	152424426	152424927
chr5	152424463	152424964
chr5	138466265	138466766
chr11	48018433	48018934
chr11	48018460	48018961
chr11	48018664	48019165
chr11	48018687	48019188
chr11	48018450	48018951
chr7	1987339	1987840
chr11	46336936	46337437
chr11	47516201	47516702
chr11	47516288	47516789
chr11	47516229	47516730
chr11	47516188	47516689
chr15	34367019	34367520
chr15	34367007	34367508
chr15	34367003	34367504
chr15	34366993	34367494
chr15	34367002	34367503
chr15	34366996	34367497
chr15	34367000	34367501
chr15	34367009	34367510
chr15	34367001	34367502
chr15	34367010	34367511
chr8	88263381	88263882
chrX	6094852	6095353
chrX	5998987	5999488
chr1	243453840	243454341
chr11	133996040	133996541
chr11	133996060	133996561
chr11	133996022	133996523
chr11	133996030	133996531
chr11	133996048	133996549
chr11	133996070	133996571
chr11	47484495	47484996
chr12	123946415	123946916
chr4	117746053	117746554
chr5	138504594	138505095
chr5	138504599	138505100
chr5	152632238	152632739
chr7	8509498	8509999
chr1	6601396	6601897
chr1	6601504	6602005
chr1	35724988	35725489
chr1	35725285	35725786
chr1	35724966	35725467
chr1	153883508	153884009
chr1	153881776	153882277
chr1	153881714	153882215
chr1	153881672	153882173
chr1	153881653	153882154
chr1	153881741	153882242
chr1	153881696	153882197
chr1	153881709	153882210
chr1	153881699	153882200
chr1	98131964	98132465
chr1	98133524	98134025
chr1	150038926	150039427
chr14	29035077	29035578
chr1	174051917	174052418
chr1	174051925	174052426
chr1	174051916	174052417
chr1	174052148	174052649
chr1	174051903	174052404
chr1	243850955	243851456
chr1	243850763	243851264
chr1	243850784	243851285
chr1	243850853	243851354
chr1	243850783	243851284
chr1	243850844	243851345
chr1	243850785	243851286
chr1	8421705	8422206
chr1	8421694	8422195
chr1	6600229	6600730
chr1	6625568	6626069
chr1	6625423	6625924
chr1	98221802	98222303
chr1	98221836	98222337
chr1	98221986	98222487
chr1	98221832	98222333
chr1	98221812	98222313
chr1	28664031	28664532
chr1	50105971	50106472
chr1	50105969	50106470
chr1	50105962	50106463
chr1	50105987	50106488
chr1	50105928	50106429
chr1	50105967	50106468
chr1	50105966	50106467
chr1	50105955	50106456
chr1	50105983	50106484
chr1	243559738	243560239
chr11	57741137	57741638
chr11	57741177	57741678
chr11	57741139	57741640
chr11	57741119	57741620
chr11	57741126	57741627
chr11	57741147	57741648
chr11	57741135	57741636
chr11	57741184	57741685
chr11	57741178	57741679
chr11	57741153	57741654
chr14	103540166	103540667
chr14	103539938	103540439
chr14	103539967	103540468
chr14	103384448	103384949
chr14	103384413	103384914
chr14	103384518	103385019
chr14	103384551	103385052
chr14	103384420	103384921
chr14	103384459	103384960
chr14	103384436	103384937
chr22	41928608	41929109
chr22	41928220	41928721
chr22	40721321	40721822
chr22	40721354	40721855
chr22	40721212	40721713
chr22	40721348	40721849
chr22	40721302	40721803
chr22	40721305	40721806
chr22	40721256	40721757
chr22	42268959	42269460
chr22	42268968	42269469
chr6	64233713	64234214
chr6	64233657	64234158
chr6	64233682	64234183
chr12	124007669	124008170
chr12	124007832	124008333
chr12	124007673	124008174
chr12	124007735	124008236
chr10	18582471	18582972
chr10	18514197	18514698
chr11	134032572	134033073
chr11	134032647	134033148
chr11	134032633	134033134
chr11	134032716	134033217
chr11	134032712	134033213
chr10	102869181	102869682
chr10	102869180	102869681
chr10	102869187	102869688
chr10	102869170	102869671
chr10	102869177	102869678
chr10	102869182	102869683
chr10	102869175	102869676
chr10	102869178	102869679
chr13	57760843	57761344
chr2	174072039	174072540
chr2	174072047	174072548
chr22	41560770	41561271
chr22	41560782	41561283
chr22	41560778	41561279
chr22	41560766	41561267
chr22	41560753	41561254
chr22	41560735	41561236
chr22	41560759	41561260
chr22	41560760	41561261
chr22	41620933	41621434
chr22	41620929	41621430
chr22	41620934	41621435
chr22	41620884	41621385
chr22	41620784	41621285
chr22	41620935	41621436
chr22	41620928	41621429
chr22	41620916	41621417
chr22	41620955	41621456
chr22	41620920	41621421
chr3	53259519	53260020
chr3	53259528	53260029
chr4	175809939	175810440
chr4	175809923	175810424
chr4	175810206	175810707
chr4	175809949	175810450
chr4	175810243	175810744
chr4	175943474	175943975
chr4	175943458	175943959
chr4	175943468	175943969
chr4	175943488	175943989
chr6	164764241	164764742
chr8	34663678	34664179
chr8	34663638	34664139
chr8	1080074	1080575
chr8	1080056	1080557
chr8	1080043	1080544
chr8	1080039	1080540
chr11	113123955	113124456
chr11	113137320	113137821
chr11	113137482	113137983
chr2	25214554	25215055
chr5	152694133	152694634
chr5	152694103	152694604
chr5	109741858	109742359
chr5	109741852	109742353
chr5	109741871	109742372
chr5	109741916	109742417
chr5	109741868	109742369
chr5	109741841	109742342
chr8	110585660	110586161
chr8	27654860	27655361
chr8	38382091	38382592
chr8	38382098	38382599
chr8	38382078	38382579
chr8	38382104	38382605
chr8	38382069	38382570
chr8	38382084	38382585
chr8	38382108	38382609
chr8	38382129	38382630
chr8	38382136	38382637
chr8	38382097	38382598
chr8	38378712	38379213
chr2	22499925	22500426
chr2	72940311	72940812
chr1	243851685	243852186
chr10	62681354	62681855
chr11	133933675	133934176
chr12	123973349	123973850
chr12	123973356	123973857
chr12	123973323	123973824
chr12	123973370	123973871
chrX	6120288	6120789
chr13	58078758	58079259
chr14	103540816	103541317
chr14	103540883	103541384
chr14	103541797	103542298
chr14	103541649	103542150
chr14	103541674	103542175
chr14	103568902	103569403
chr14	103568877	103569378
chr14	103568900	103569401
chr14	103568905	103569406
chr14	103568886	103569387
chr15	84658109	84658610
chr15	84658068	84658569
chr15	84658116	84658617
chr15	84658129	84658630
chr15	84658112	84658613
chr15	84658150	84658651
chr15	84658106	84658607
chr15	84658115	84658616
chr15	84658078	84658579
chr16	89565981	89566482
chr16	89565987	89566488
chr16	89565936	89566437
chr16	89565969	89566470
chr16	89565994	89566495
chr17	57665417	57665918
chr18	55084177	55084678
chr2	58237720	58238221
chr2	58237787	58238288
chr2	144383698	144384199
chr2	144404034	144404535
chr2	144444724	144445225
chr2	48530404	48530905
chr2	48530364	48530865
chr2	48530379	48530880
chr2	37323791	37324292
chr2	37323734	37324235
chr2	37323733	37324234
chr2	37323735	37324236
chr2	37323710	37324211
chr2	37323688	37324189
chr2	37323854	37324355
chr2	37323892	37324393
chr22	42074015	42074516
chr3	53254235	53254736
chr3	53254202	53254703
chr3	53254177	53254678
chr5	153197182	153197683
chr5	138504799	138505300
chr5	138504825	138505326
chr5	138504788	138505289
chr5	138504748	138505249
chr5	139701101	139701602
chr5	139701089	139701590
chr5	152907169	152907670
chr5	152907114	152907615
chr7	133575718	133576219
chr7	133575717	133576218
chr7	133575739	133576240
chr7	133575695	133576196
chr7	133575713	133576214
chr7	133575686	133576187
chr7	133575667	133576168
chr22	39592021	39592522
chr13	58549187	58549688
chr8	38411783	38412284
chr22	42069504	42070005
chr22	42069916	42070417
chr22	42070043	42070544
chr22	42070015	42070516
chr22	42070031	42070532
chr22	42070152	42070653
chr22	42070659	42071160
chr22	42070655	42071156
chr22	42070653	42071154
chr22	42070643	42071144
chr22	42070672	42071173
chr22	42070662	42071163
chr22	42070658	42071159
chr22	42070657	42071158
chr22	42071331	42071832
chr22	42074385	42074886
chr22	42074326	42074827
chr22	42074440	42074941
chr22	42074381	42074882
chr22	42074404	42074905
chr22	42074340	42074841
chr2	172092452	172092953
chr2	172092505	172093006
chr2	172092720	172093221
chr2	232945299	232945800
chr2	2325564	2326065
chr2	25230995	25231496
chr1	8360830	8361331
chr1	8360922	8361423
chr1	8360906	8361407
chr1	8360798	8361299
chr1	243316325	243316826
chr1	243316339	243316840
chr1	243316322	243316823
chr1	243316337	243316838
chr1	243316349	243316850
chr1	243316316	243316817
chr4	117815530	117816031
chr6	164554973	164555474
chr1	98057151	98057652
chr12	122097782	122098283
chr12	122097784	122098285
chr12	122097755	122098256
chr12	122097752	122098253
chr12	122097790	122098291
chr11	45908524	45909025
chr11	46293758	46294259
chr2	25376116	25376617
chr2	25376040	25376541
chr2	25376045	25376546
chr2	25376055	25376556
chr14	103871246	103871747
chr1	243505854	243506355
chr11	46489901	46490402
chr11	46489873	46490374
chr11	46489893	46490394
chr11	46489897	46490398
chr11	46489868	46490369
chr19	2165101	2165602
chr19	2165128	2165629
chr19	2165102	2165603
chr19	2165163	2165664
chr19	2165112	2165613
chr19	2165096	2165597
chr19	2165126	2165627
chr19	2165136	2165637
chr19	2165116	2165617
chr1	43651309	43651810
chr15	89369929	89370430
chr15	89370023	89370524
chr15	89369545	89370046
chr15	89369865	89370366
chr15	89369948	89370449
chr15	89369879	89370380
chr11	113120586	113121087
chr12	122102228	122102729
chr12	122102230	122102731
chr12	122102243	122102744
chr4	142953163	142953664
chr11	47540279	47540780
chr4	33715731	33716232
chr4	33715928	33716429
chr5	138491252	138491753
chr5	138491121	138491622
chr5	138490997	138491498
chr11	133987301	133987802
chr5	153313796	153314297
chr19	30547762	30548263
chr19	30547775	30548276
chr11	46339771	46340272
chr12	122100535	122101036
chr12	122100646	122101147
chr6	69128322	69128823
chr6	69128153	69128654
chr6	69128315	69128816
chr8	34287448	34287949
chr11	46119644	46120145
chr11	46119634	46120135
chr11	46119640	46120141
chr11	46119628	46120129
chr11	46119633	46120134
chr11	46119641	46120142
chr11	46119632	46120133
chr13	57734098	57734599
chr3	71522447	71522948
chr15	89392147	89392648
chr15	89391495	89391996
chr15	89391496	89391997
chr15	89391567	89392068
chr15	89391523	89392024
chr15	89387681	89388182
chr15	89398614	89399115
chr15	89399485	89399986
chr15	89399483	89399984
chr15	89399478	89399979
chr15	89399496	89399997
chr15	89400053	89400554
chr15	89399892	89400393
chr15	89402432	89402933
chr15	89402370	89402871
chr15	89402286	89402787
chr15	89402344	89402845
chr15	89403126	89403627
chr15	89403092	89403593
chr15	89403094	89403595
chr15	89403555	89404056
chr15	89403108	89403609
chr15	89403109	89403610
chr15	89387126	89387627
chr15	89387062	89387563
chr15	89402103	89402604
chr15	89401959	89402460
chr15	89402126	89402627
chr11	46011969	46012470
chr22	41562345	41562846
chr4	142961757	142962258
chr3	80535271	80535772
chr3	80745806	80746307
chr7	79724637	79725138
chr3	36819625	36820126
chr1	201040115	201040616
chr5	140966824	140967325
chr5	140966420	140966921
chr5	140966436	140966937
chr5	140966845	140967346
chr5	140966852	140967353
chr5	140966438	140966939
chr5	140966415	140966916
chr5	140966431	140966932
chr5	140966409	140966910
chr7	86374249	86374750
chr8	27460145	27460646
chr7	131934915	131935416
chr7	131934870	131935371
chr6	92404242	92404743
chr1	8424155	8424656
chr1	8423813	8424314
chr1	8424080	8424581
chr5	153350017	153350518
chr5	153350026	153350527
chr5	153352526	153353027
chr5	153352508	153353009
chr5	153352500	153353001
chr5	153353275	153353776
chr17	45679289	45679790
chr7	137395288	137395789
chr1	177302063	177302564
chr2	174160518	174161019
chr2	174160502	174161003
chr2	174160491	174160992
chr2	174160503	174161004
chr2	174160536	174161037
chr2	174160509	174161010
chr5	89447081	89447582
chr5	89447195	89447696
chr10	62637337	62637838
chr19	30492701	30493202
chrX	6059049	6059550
chrX	6059134	6059635
chrX	6059067	6059568
chrX	6059080	6059581
chr2	72936550	72937051
chr2	72936718	72937219
chr2	72936631	72937132
chr2	72936614	72937115
chr2	76019038	76019539
chr2	76019050	76019551
chr8	27595198	27595699
chr14	103333227	103333728
chr14	103333260	103333761
chr14	103333280	103333781
chr14	103333278	103333779
chr14	103333265	103333766
chr14	103333264	103333765
chr14	103333263	103333764
chr14	103333271	103333772
chr14	71961916	71962417
chr1	98111240	98111741
chr13	58328682	58329183
chr3	36852033	36852534
chr13	57740676	57741177
chr13	57740692	57741193
chr13	57740682	57741183
chr13	57740693	57741194
chr13	57740680	57741181
chr13	57740681	57741182
chr13	57740679	57741180
chr2	174161435	174161936
chr11	81459721	81460222
chr11	81484187	81484688
chr11	81484186	81484687
chr11	81484162	81484663
chr18	55399556	55400057
chr18	55399577	55400078
chr18	55401109	55401610
chr5	154271615	154272116
chr5	154271687	154272188
chr17	45740466	45740967
chr17	45740484	45740985
chr17	45740504	45741005
chr17	45740467	45740968
chr17	46013128	46013629
chr2	155022109	155022610
chr18	55409921	55410422
chr17	45960112	45960613
chr17	45966521	45967022
chr17	45967062	45967563
chr15	89370038	89370539
chr15	89370125	89370626
chr15	89375371	89375872
chr15	89375374	89375875
chr15	89375619	89376120
chr15	89375370	89375871
chr15	89375600	89376101
chr15	89375593	89376094
chr15	89375387	89375888
chr15	89378670	89379171
chr15	89378704	89379205
chr15	89378720	89379221
chr15	89378541	89379042
chr15	89378697	89379198
chr15	89378629	89379130
chr15	89395891	89396392
chr15	89395936	89396437
chr15	89396071	89396572
chr15	89395902	89396403
chr2	144461808	144462309
chr2	144461798	144462299
chr2	144461859	144462360
chr2	144461862	144462363
chr2	144461827	144462328
chr17	45687538	45688039
chr2	144438614	144439115
chr6	69331908	69332409
chr11	46000012	46000513
chr3	107690474	107690975
chr3	107690452	107690953
chr3	107690484	107690985
chr3	107690477	107690978
chr3	107690461	107690962
chr7	128073906	128074407
chr7	128073886	128074387
chr7	128073877	128074378
chr10	102901351	102901852
chr10	102901358	102901859
chr18	56107974	56108475
chr18	56107938	56108439
chr22	42090588	42091089
chr22	42090593	42091094
chr22	42090671	42091172
chr22	42090608	42091109
chr22	42090626	42091127
chr22	42090597	42091098
chr22	42090679	42091180
chr22	42090611	42091112
chr22	42090718	42091219
chr3	181057007	181057508
chr3	181056989	181057490
chr3	181056388	181056889
chr3	181056412	181056913
chr16	90019309	90019810
chr16	90019278	90019779
chr16	90019321	90019822
chr16	90019335	90019836
chr16	90019308	90019809
chr16	90019298	90019799
chr16	90019327	90019828
chr16	90019317	90019818
chr15	89400163	89400664
chr15	89400213	89400714
chr15	89400201	89400702
chr15	89400191	89400692
chr15	89400150	89400651
chr15	89400206	89400707
chr15	89400251	89400752
chr1	150160325	150160826
chr5	139674166	139674667
chr5	139674174	139674675
chr5	139673947	139674448
chr5	139674156	139674657
chr5	139674122	139674623
chr19	19386441	19386942
chr19	19386698	19387199
chr19	19386488	19386989
chr5	138439338	138439839
chr5	138439358	138439859
chr5	138438930	138439431
chr5	138439288	138439789
chr5	138439353	138439854
chr5	138439320	138439821
chr19	56671535	56672036
chr6	164795839	164796340
chr2	232926810	232927311
chr20	38685807	38686308
chr20	38685804	38686305
chr5	140868688	140869189
chr5	140868672	140869173
chr5	140868658	140869159
chr5	140868673	140869174
chr8	64378138	64378639
chr8	64378197	64378698
chr8	64378150	64378651
chr6	68967970	68968471
chr6	68968005	68968506
chr6	68967973	68968474
chr6	68967600	68968101
chr6	68968022	68968523
chr18	72107531	72108032
chr18	72107596	72108097
chr18	72107572	72108073
chr17	45902952	45903453
chr17	46770967	46771468
chr17	46770978	46771479
chr17	46770984	46771485
chr17	46770994	46771495
chr17	46770957	46771458
chr17	46770970	46771471
chr17	46759069	46759570
chr17	46759117	46759618
chr1	201036536	201037037
chr8	34516488	34516989
chr11	133968249	133968750
chr11	133968483	133968984
chr1	8510366	8510867
chr1	8510048	8510549
chr1	8510044	8510545
chr1	8510179	8510680
chr1	8510107	8510608
chr1	243714965	243715466
chr5	138595353	138595854
chr5	138595351	138595852
chr1	243254405	243254906
chr1	243254385	243254886
chr1	243254410	243254911
chr1	243254660	243255161
chr1	243254619	243255120
chr1	243254606	243255107
chr15	89384285	89384786
chr15	89384308	89384809
chr15	89384307	89384808
chr15	89384098	89384599
chr15	89383490	89383991
chr15	89383506	89384007
chr15	89383503	89384004
chr15	89383483	89383984
chr15	89383500	89384001
chr15	89383498	89383999
chr15	89383501	89384002
chr15	89383313	89383814
chr15	89383495	89383996
chr15	89398734	89399235
chr15	89398774	89399275
chr15	89398904	89399405
chr15	89398830	89399331
chr15	89398924	89399425
chr17	45841558	45842059
chr2	60273265	60273766
chr2	60273266	60273767
chr2	60273290	60273791
chr2	60273203	60273704
chr2	60273201	60273702
chr7	131940715	131941216
chr7	131940725	131941226
chr7	131940703	131941204
chr5	152994214	152994715
chr5	152994229	152994730
chr5	153130300	153130801
chr4	33723775	33724276
chr4	33723768	33724269
chr11	47607970	47608471
chr7	111223939	111224440
chr2	25229556	25230057
chr7	86356984	86357485
chr7	105012379	105012880
chr5	153491299	153491800
chr5	153491275	153491776
chr5	153491282	153491783
chr5	153491326	153491827
chr5	153459237	153459738
chr5	153459267	153459768
chr5	153459261	153459762
chr5	153459270	153459771
chr5	153459222	153459723
chr5	153459218	153459719
chr4	102869028	102869529
chr4	102868704	102869205
chr4	102868708	102869209
chr4	102868736	102869237
chr4	102868442	102868943
chr4	102868394	102868895
chr4	102868395	102868896
chr4	102868430	102868931
chr4	102828834	102829335
chr4	102828196	102828697
chr4	102828197	102828698
chr4	102828194	102828695
chr4	102828173	102828674
chr4	102828215	102828716
chr4	102828188	102828689
chr4	102827867	102828368
chr4	102827834	102828335
chr4	102827630	102828131
chr4	102827625	102828126
chr4	102827640	102828141
chr4	102827276	102827777
chr11	134033903	134034404
chr11	134033906	134034407
chr11	134033966	134034467
chr11	134033970	134034471
chr11	134033896	134034397
chr11	134033887	134034388
chr11	134033911	134034412
chr11	134033898	134034399
chr11	134033916	134034417
chr1	28835288	28835789
chr1	28835302	28835803
chr1	28835338	28835839
chr1	28835251	28835752
chr1	28835278	28835779
chr1	28835297	28835798
chr1	28835292	28835793
chr1	28834781	28835282
chr1	28813076	28813577
chr8	27442404	27442905
chr14	103517847	103518348
chr14	103517864	103518365
chr14	103517875	103518376
chr1	43451688	43452189
chr1	43451784	43452285
chr1	43451905	43452406
chr12	121016264	121016765
chr12	121016265	121016766
chr12	121016253	121016754
chr12	121016268	121016769
chr12	121016278	121016779
chr12	121016269	121016770
chr12	121016254	121016755
chr12	121016262	121016763
chr12	121016259	121016760
chr22	42079416	42079917
chr22	42079442	42079943
chr22	42079398	42079899
chr22	42079420	42079921
chr22	42079436	42079937
chr22	42079389	42079890
chr22	42079423	42079924
chr14	103562940	103563441
chr14	103562622	103563123
chr14	103562649	103563150
chr14	103562935	103563436
chr14	103562941	103563442
chr14	103562964	103563465
chr14	103333878	103334379
chr14	103333844	103334345
chr14	103333886	103334387
chr14	103333837	103334338
chr14	103333822	103334323
chr14	103333835	103334336
chr14	103333847	103334348
chr14	103333828	103334329
chr14	103333860	103334361
chr12	2189751	2190252
chr15	89332929	89333430
chr5	109740333	109740834
chr5	109740292	109740793
chr2	232884930	232885431
chr1	173900451	173900952
chr10	102919893	102920394
chr10	102920047	102920548
chr1	28839103	28839604
chr1	28839044	28839545
chr6	146423334	146423835
chr6	146423448	146423949
chr5	109748979	109749480
chr19	49665641	49666142
chr19	49665645	49666146
chr19	49665651	49666152
chr19	49665647	49666148
chr19	49665637	49666138
chr19	49665644	49666145
chr19	49665654	49666155
chr19	49665642	49666143
chr19	49665132	49665633
chr16	9828545	9829046
chr8	27465558	27466059
chr8	27465567	27466068
chr8	27465541	27466042
chr8	27465549	27466050
chr8	27465572	27466073
chr8	27465565	27466066
chr8	27465571	27466072
chr8	27465569	27466070
chr8	27465556	27466057
chr4	175946418	175946919
chr4	175947047	175947548
chr4	175947058	175947559
chr10	18260533	18261034
chr10	18260521	18261022
chr10	18260518	18261019
chr10	18260534	18261035
chr10	18260537	18261038
chr14	103544821	103545322
chr14	103544852	103545353
chr14	103545033	103545534
chr14	103544814	103545315
chr17	45948966	45949467
chr17	45948974	45949475
chr17	45948994	45949495
chr17	45948951	45949452
chr17	45948976	45949477
chr17	45949003	45949504
chr17	45948978	45949479
chr17	45910645	45911146
chr10	18257926	18258427
chr7	71349207	71349708
chr7	71349097	71349598
chr6	92504594	92505095
chr5	153299230	153299731
chr5	153299289	153299790
chr5	153299406	153299907
chr8	27467161	27467662
chr2	232927340	232927841
chr8	64417590	64418091
chr8	64417596	64418097
chr8	64417581	64418082
chr1	8409604	8410105
chr2	232927178	232927679
chr2	232927032	232927533
chr8	33472909	33473410
chr8	33472906	33473407
chr8	33472973	33473474
chr8	33472901	33473402
chr8	33472891	33473392
chr8	33472894	33473395
chr8	33472910	33473411
chr8	33472903	33473404
chr8	33472920	33473421
chr2	57886419	57886920
chr2	57886379	57886880
chr7	79789520	79790021
chr7	79789526	79790027
chr17	46192683	46193184
chr17	46192608	46193109
chr17	46192669	46193170
chr8	1053827	1054328
chr8	1053426	1053927
chr7	79742261	79742762
chr4	89757300	89757801
chr4	89757305	89757806
chr4	89757251	89757752
chr8	27468332	27468833
chr6	92405806	92406307
chr1	43435738	43436239
chr1	43435749	43436250
chr1	43454533	43455034
chr1	243310831	243311332
chr13	56365803	56366304
chr1	8437402	8437903
chr1	8437345	8437846
chr1	8437401	8437902
chr1	8437357	8437858
chr1	8440924	8441425
chr14	71891873	71892374
chr17	1400044	1400545
chr17	1400018	1400519
chr17	1400045	1400546
chr17	1399996	1400497
chr17	1399995	1400496
chr17	1400013	1400514
chr17	1400024	1400525
chr17	1400031	1400532
chr17	1400029	1400530
chr17	1400037	1400538
chr22	41620397	41620898
chr22	41620421	41620922
chr22	41620395	41620896
chr22	41620162	41620663
chr22	41620168	41620669
chr22	41620387	41620888
chr4	33724593	33725094
chr3	162018294	162018795
chr15	89334682	89335183
chr15	89334672	89335173
chr15	89334671	89335172
chr15	89334661	89335162
chr15	89334659	89335160
chr3	177050712	177051213
chr3	177050708	177051209
chr3	177050706	177051207
chr3	177050702	177051203
chr3	177050704	177051205
chr3	177050719	177051220
chr15	40277392	40277893
chr12	122116698	122117199
chr2	60274008	60274509
chr2	60273766	60274267
chr11	48088208	48088709
chr19	19364862	19365363
chr19	19364857	19365358
chr19	19364860	19365361
chr19	19364856	19365357
chr19	19364837	19365338
chr19	19366740	19367241
chr19	19366780	19367281
chr19	19366739	19367240
chr19	19366773	19367274
chr19	19373006	19373507
chr19	19384811	19385312
chr19	19384765	19385266
chr7	72336536	72337037
chr7	72336527	72337028
chr7	72336284	72336785
chr7	72336535	72337036
chr7	72336638	72337139
chr7	72335945	72336446
chr7	72335814	72336315
chr11	45993351	45993852
chr11	45993390	45993891
chr11	45993375	45993876
chr11	45993308	45993809
chr11	45993386	45993887
chr11	45993374	45993875
chr11	45993335	45993836
chr5	152556751	152557252
chr5	152556716	152557217
chr5	152556773	152557274
chr5	152556721	152557222
chr5	152556733	152557234
chr5	152556700	152557201
chr5	152556722	152557223
chr1	200975001	200975502
chr1	200974637	200975138
chr1	200974384	200974885
chr1	200974225	200974726
chr1	200974265	200974766
chr1	200974223	200974724
chr1	200974235	200974736
chr1	200972381	200972882
chr1	200972500	200973001
chr1	200971985	200972486
chr1	200971941	200972442
chr1	200971957	200972458
chr16	89453584	89454085
chr16	89475132	89475633
chr8	64384068	64384569
chr8	64384303	64384804
chr8	64384702	64385203
chr8	64384867	64385368
chr8	64384902	64385403
chr8	64385355	64385856
chr8	64379827	64380328
chr8	64379822	64380323
chr8	64379733	64380234
chr8	64380456	64380957
chr8	64380466	64380967
chr8	64380483	64380984
chr8	64380494	64380995
chr8	64382012	64382513
chr8	64382019	64382520
chr8	64382051	64382552
chr8	64382041	64382542
chr8	64382033	64382534
chr8	64381994	64382495
chr8	64382024	64382525
chr8	64382000	64382501
chr1	8409153	8409654
chr1	8408891	8409392
chr1	8409125	8409626
chr1	8408937	8409438
chr1	8409154	8409655
chr1	8409158	8409659
chr1	8409149	8409650
chr1	8408056	8408557
chr1	8407828	8408329
chr1	8408058	8408559
chr1	8408108	8408609
chr1	8408062	8408563
chr1	8408017	8408518
chr1	8424384	8424885
chr1	8424440	8424941
chr1	8424352	8424853
chr1	8424368	8424869
chr11	132692127	132692628
chr11	134636029	134636530
chr5	153341094	153341595
chr1	150187211	150187712
chr1	150187234	150187735
chr1	150186961	150187462
chr1	150187196	150187697
chr1	150187222	150187723
chr1	150187230	150187731
chr11	134035701	134036202
chr15	89335303	89335804
chr15	89335258	89335759
chr14	103696389	103696890
chr16	89917638	89918139
chr16	89917627	89918128
chr16	89917861	89918362
chr16	89917844	89918345
chr16	89917852	89918353
chr16	89917833	89918334
chr16	89917823	89918324
chr16	89917808	89918309
chr16	89918329	89918830
chr19	11290173	11290674
chr19	11290167	11290668
chr7	128077173	128077674
chr7	128077332	128077833
chr7	128077547	128078048
chr7	128075606	128076107
chr7	128075420	128075921
chr7	128075384	128075885
chr7	128075621	128076122
chr7	128075534	128076035
chr7	128075395	128075896
chr7	128075357	128075858
chr12	57093830	57094331
chr12	57093811	57094312
chr12	57093873	57094374
chr12	57093932	57094433
chr12	57093804	57094305
chr12	57093759	57094260
chr12	57093863	57094364
chr11	133935498	133935999
chr11	133941012	133941513
chr11	133942362	133942863
chr11	133942344	133942845
chr11	133941905	133942406
chr11	133987104	133987605
chr18	72100358	72100859
chr17	45756547	45757048
chr17	45756535	45757036
chr17	45756554	45757055
chr14	103538136	103538637
chr14	103538150	103538651
chr14	103538158	103538659
chr1	243469447	243469948
chr1	243469499	243470000
chr5	153148294	153148795
chr5	153148279	153148780
chr5	153148277	153148778
chr5	153148274	153148775
chr5	153148301	153148802
chr3	17686574	17687075
chr8	27547516	27548017
chr17	45873536	45874037
chr2	72913452	72913953
chr5	139684991	139685492
chr5	139685040	139685541
chr5	139684936	139685437
chr5	139684959	139685460
chr5	139684975	139685476
chr5	139684966	139685467
chr5	139684940	139685441
chr5	139684850	139685351
chr5	139685030	139685531
chr5	139684935	139685436
chr5	139679020	139679521
chr5	139678992	139679493
chr5	139678949	139679450
chr1	43706536	43707037
chr1	43706552	43707053
chr1	43706538	43707039
chr1	43706673	43707174
chr2	155145684	155146185
chr2	155145701	155146202
chr2	155145704	155146205
chr14	99265091	99265592
chr14	103543003	103543504
chr14	103543088	103543589
chr14	103543017	103543518
chr2	174284329	174284830
chr6	164554334	164554835
chr3	2512716	2513217
chr3	2512856	2513357
chr3	2512656	2513157
chr3	2512629	2513130
chr14	103561600	103562101
chr5	139685511	139686012
chr15	84134956	84135457
chr13	58055512	58056013
chr1	201001886	201002387
chr11	124740434	124740935
chr11	124740439	124740940
chr11	124740482	124740983
chr11	124740460	124740961
chr11	124740405	124740906
chr11	124740452	124740953
chr11	46380825	46381326
chr11	46380807	46381308
chr7	128103988	128104489
chr7	128103995	128104496
chr7	128104017	128104518
chr7	128104030	128104531
chr7	128104000	128104501
chr7	128104003	128104504
chr5	156414417	156414918
chr5	156414368	156414869
chr5	156414398	156414899
chr4	89753010	89753511
chr4	89753248	89753749
chr5	139653351	139653852
chr5	139653584	139654085
chr5	139653349	139653850
chr5	139653576	139654077
chr5	139653674	139654175
chr5	139653569	139654070
chr5	139653628	139654129
chr5	139653567	139654068
chr5	139652938	139653439
chr5	139653057	139653558
chr5	139652952	139653453
chr5	139653036	139653537
chr5	139675422	139675923
chr5	139675060	139675561
chr5	139675066	139675567
chr5	139675132	139675633
chr5	139673886	139674387
chr5	139673907	139674408
chr5	139633229	139633730
chr5	139633227	139633728
chr5	139633234	139633735
chr5	139633221	139633722
chr5	139633212	139633713
chr5	139633237	139633738
chr5	139633235	139633736
chr5	139633224	139633725
chr11	57779276	57779777
chr11	57779268	57779769
chr11	57779238	57779739
chr15	84634205	84634706
chr15	84634269	84634770
chr12	122104940	122105441
chr16	58630254	58630755
chr16	58630247	58630748
chr16	58630261	58630762
chr16	58630259	58630760
chr16	58630264	58630765
chr16	58630273	58630774
chr14	103279532	103280033
chr14	103279148	103279649
chr14	103279499	103280000
chr14	103279244	103279745
chr1	43828524	43829025
chr1	43812245	43812746
chr22	39687265	39687766
chr16	4412232	4412733
chr2	2331071	2331572
chr2	2331102	2331603
chr2	2331052	2331553
chr2	2330638	2331139
chr2	2331097	2331598
chr5	140800799	140801300
chr5	140800791	140801292
chr5	140800780	140801281
chr5	140800777	140801278
chr5	109739721	109740222
chr5	109739682	109740183
chr5	109739681	109740182
chr5	109739742	109740243
chr5	109739683	109740184
chr5	109739605	109740106
chr5	138334933	138335434
chr5	138337291	138337792
chr5	138337275	138337776
chr5	138337293	138337794
chr5	138337266	138337767
chr5	138337270	138337771
chr7	128066856	128067357
chr7	128066828	128067329
chr7	128066249	128066750
chr16	4473634	4474135
chr16	4473820	4474321
chr2	224585286	224585787
chr2	224585214	224585715
chr2	224585374	224585875
chr2	224585433	224585934
chr2	224585322	224585823
chr2	224585342	224585843
chr2	224585221	224585722
chr2	37348037	37348538
chr8	64606131	64606632
chr11	45900943	45901444
chr11	45900885	45901386
chr11	45900852	45901353
chr11	45900945	45901446
chr11	45900872	45901373
chr11	45900970	45901471
chr11	45900831	45901332
chr11	45900923	45901424
chr1	43689472	43689973
chr1	8371203	8371704
chr1	8371394	8371895
chr1	8371325	8371826
chr1	8371267	8371768
chr1	8371299	8371800
chr1	8371438	8371939
chr4	169619400	169619901
chr4	169619437	169619938
chr4	169619421	169619922
chr4	169619415	169619916
chr4	169619381	169619882
chr4	169619403	169619904
chr4	169619420	169619921
chr4	169619411	169619912
chr4	169619429	169619930
chr5	109741351	109741852
chr5	138446040	138446541
chr15	89361560	89362061
chr15	89361586	89362087
chr7	128027632	128028133
chr7	128027625	128028126
chr7	128027652	128028153
chr7	128027601	128028102
chr7	128027613	128028114
chr7	128027611	128028112
chr7	128027656	128028157
chr2	48440461	48440962
chr2	48440464	48440965
chr2	48440460	48440961
chr2	48440453	48440954
chr2	48440472	48440973
chr2	48440487	48440988
chr2	48440466	48440967
chr2	48440458	48440959
chr2	48440462	48440963
chr5	153492144	153492645
chr5	153492103	153492604
chr5	153492104	153492605
chr9	93450667	93451168
chr9	93450676	93451177
chr9	93450670	93451171
chr9	93450657	93451158
chr9	93450663	93451164
chr9	93450649	93451150
chr9	93450668	93451169
chr1	243286350	243286851
chr2	174248437	174248938
chr2	174248389	174248890
chr2	174248452	174248953
chr2	174248407	174248908
chr2	174248451	174248952
chr2	174248440	174248941
chr2	174248415	174248916
chr2	174248439	174248940
chr2	174248457	174248958
chr2	174248450	174248951
chr5	140807407	140807908
chr5	140807458	140807959
chr5	140807431	140807932
chr5	140807403	140807904
chr7	104983687	104984188
chr7	104983699	104984200
chr7	104983948	104984449
chr7	104983987	104984488
chr7	104983697	104984198
chr7	104983681	104984182
chr7	104983700	104984201
chr7	104983685	104984186
chr7	104983960	104984461
chr18	79873645	79874146
chr1	43584661	43585162
chr1	43584653	43585154
chr1	43584641	43585142
chr1	43584659	43585160
chr1	43584645	43585146
chr1	43584657	43585158
chr5	153491802	153492303
chr5	153491809	153492310
chr5	153491950	153492451
chr5	153491685	153492186
chr5	153491957	153492458
chr14	103855409	103855910
chr14	103855374	103855875
chr17	45824897	45825398
chr11	134036592	134037093
chr1	243255708	243256209
chr1	243255691	243256192
chr1	243255722	243256223
chr1	243255695	243256196
chr1	243255629	243256130
chr1	243255703	243256204
chr1	243255702	243256203
chr16	89508837	89509338
chr16	89508870	89509371
chr4	34076629	34077130
chr10	102669501	102670002
chr10	102669398	102669899
chr11	46049414	46049915
chr16	66751601	66752102
chr16	66751612	66752113
chr16	66751604	66752105
chr16	66751609	66752110
chr16	66751608	66752109
chr16	66751621	66752122
chr16	66751618	66752119
chr18	55079979	55080480
chr5	138574962	138575463
chr5	138574951	138575452
chr5	138574787	138575288
chr2	174217440	174217941
chr2	232697648	232698149
chr2	232697668	232698169
chr2	232697655	232698156
chr2	232697695	232698196
chr2	232696997	232697498
chr2	232697014	232697515
chr2	232696989	232697490
chr2	232697482	232697983
chr2	232697012	232697513
chr5	140806746	140807247
chr5	140806752	140807253
chr5	140806762	140807263
chr5	140806720	140807221
chr5	140806771	140807272
chr5	140806787	140807288
chr5	140806726	140807227
chr16	4487858	4488359
chr3	17841171	17841672
chr3	17841174	17841675
chr3	17841150	17841651
chr3	17841130	17841631
chr3	17841169	17841670
chr3	17841129	17841630
chr3	17841163	17841664
chr17	63476347	63476848
chr17	63476502	63477003
chr17	63476383	63476884
chr17	63476410	63476911
chr17	63476454	63476955
chr17	63476837	63477338
chr17	63476855	63477356
chr3	30029708	30030209
chr3	30029773	30030274
chr3	30029748	30030249
chr3	30029669	30030170
chr3	30029688	30030189
chr3	30029702	30030203
chr17	63478835	63479336
chr17	63478832	63479333
chr17	63478819	63479320
chr17	63478863	63479364
chr17	63478789	63479290
chr17	63478822	63479323
chr16	29973340	29973841
chr16	29973470	29973971
chr16	29973469	29973970
chr16	29973457	29973958
chr16	29973395	29973896
chr16	29973358	29973859
chr16	29973464	29973965
chr16	29973407	29973908
chr16	29973486	29973987
chr16	29973477	29973978
chr15	89358790	89359291
chr15	89358788	89359289
chr15	89358791	89359292
chr1	43660384	43660885
chr1	43660383	43660884
chr6	64224848	64225349
chr8	33805672	33806173
chr8	33805637	33806138
chr8	33805612	33806113
chr8	33805635	33806136
chr8	33805666	33806167
chr8	33805633	33806134
chr8	33805661	33806162
chr8	33805629	33806130
chr8	33805622	33806123
chr19	11293671	11294172
chr5	152532595	152533096
chr5	152532592	152533093
chr5	152532585	152533086
chr5	152532606	152533107
chr5	152532594	152533095
chr5	152532603	152533104
chr5	152532579	152533080
chr5	152532610	152533111
chr11	28475871	28476372
chr11	28475927	28476428
chr11	28475742	28476243
chr11	28475780	28476281
chr11	28475852	28476353
chr11	28475931	28476432
chr11	28475954	28476455
chr11	28475972	28476473
chr13	58238675	58239176
chr13	58238643	58239144
chr3	162019552	162020053
chr3	162019192	162019693
chr13	58637669	58638170
chr7	128135598	128136099
chr7	128135611	128136112
chr7	128135594	128136095
chr7	128135586	128136087
chr7	128135592	128136093
chr7	128135622	128136123
chr7	128135632	128136133
chr7	128135605	128136106
chr4	117783680	117784181
chrX	5998431	5998932
chrX	5998407	5998908
chr11	28628304	28628805
chr17	45647577	45648078
chr4	117908220	117908721
chr6	164859715	164860216
chr3	50259854	50260355
chr7	131869333	131869834
chr1	2443197	2443698
chr1	2443213	2443714
chr1	2443150	2443651
chr1	2443088	2443589
chr1	2443204	2443705
chr1	2443235	2443736
chr1	2443195	2443696
chr1	2443207	2443708
chr1	71689957	71690458
chr1	71689971	71690472
chr1	243448387	243448888
chr2	27796037	27796538
chr2	60267055	60267556
chr2	60267100	60267601
chr4	103009053	103009554
chr4	103009046	103009547
chr4	103009076	103009577
chr4	103009048	103009549
chr4	103009061	103009562
chr4	103009035	103009536
chr4	103009049	103009550
chr4	103009050	103009551
chr4	103009032	103009533
chr15	90882861	90883362
chr15	90883050	90883551
chr6	164794547	164795048
chr6	64204813	64205314
chr8	102657412	102657913
chr8	102657345	102657846
chr8	1068435	1068936
chr8	1068104	1068605
chr8	1068121	1068622
chr8	1068242	1068743
chr8	1068194	1068695
chr8	1068178	1068679
chr11	46976898	46977399
chr11	46976947	46977448
chr11	46976950	46977451
chr11	46977301	46977802
chr11	46976925	46977426
chr11	46976921	46977422
chr11	46976952	46977453
chr11	46976940	46977441
chr12	123945705	123946206
chr16	58515833	58516334
chr16	58515872	58516373
chr16	58515974	58516475
chr16	58515919	58516420
chr16	90082384	90082885
chr16	90082459	90082960
chr16	4435263	4435764
chr16	29961141	29961642
chr3	161747034	161747535
chr18	79911423	79911924
chr18	79911361	79911862
chr18	79911769	79912270
chr18	79911371	79911872
chr19	30547202	30547703
chr19	30547164	30547665
chr19	30547138	30547639
chr19	19460968	19461469
chr19	19460908	19461409
chr15	84144989	84145490
chr1	153923499	153924000
chr1	153923481	153923982
chr1	153923462	153923963
chr1	153923474	153923975
chr1	28828373	28828874
chr1	8465694	8466195
chr1	200968995	200969496
chr1	200965468	200965969
chr10	102628600	102629101
chr10	102623841	102624342
chr1	150165925	150166426
chr1	150165916	150166417
chr1	150165939	150166440
chr1	150165919	150166420
chr1	150165912	150166413
chr1	150165907	150166408
chr1	150165899	150166400
chr1	150165920	150166421
chr12	123943763	123944264
chr12	123943772	123944273
chr12	123943777	123944278
chr15	89358543	89359044
chr15	89358515	89359016
chr15	89358552	89359053
chr15	89358531	89359032
chr15	89358548	89359049
chr15	89358532	89359033
chr15	89358544	89359045
chr11	133982574	133983075
chr11	133982888	133983389
chr11	113289495	113289996
chr11	113289486	113289987
chr11	113289501	113290002
chr11	113289459	113289960
chr11	113289499	113290000
chr11	113289481	113289982
chr11	113289483	113289984
chr11	113289482	113289983
chr12	108192410	108192911
chr2	232897003	232897504
chr11	57666508	57667009
chr9	74743333	74743834
chr11	133947298	133947799
chr11	133947266	133947767
chr11	133947253	133947754
chr11	133947329	133947830
chr11	133947327	133947828
chr11	133947292	133947793
chr11	133947302	133947803
chr11	133947270	133947771
chr11	133947276	133947777
chr1	43650422	43650923
chr1	43650423	43650924
chr1	43650428	43650929
chr1	43650437	43650938
chr1	43650624	43651125
chr1	43649145	43649646
chr5	153493234	153493735
chr5	153492919	153493420
chr5	153492958	153493459
chr2	25215999	25216500
chr2	25215949	25216450
chr2	25215987	25216488
chr2	25215859	25216360
chr2	25216057	25216558
chr2	25216008	25216509
chr2	25215895	25216396
chr2	25216001	25216502
chr2	25215967	25216468
chr2	25215923	25216424
chr17	45861034	45861535
chr17	45722135	45722636
chr17	45814923	45815424
chr17	45690718	45691219
chr17	13001781	13002282
chr17	13001885	13002386
chr17	13001853	13002354
chr17	13001809	13002310
chr17	13001907	13002408
chr17	13001930	13002431
chr8	38295645	38296146
chr8	38295657	38296158
chr8	38295855	38296356
chr3	117815237	117815738
chr6	69166490	69166991
chr6	69166576	69167077
chr6	69166538	69167039
chr6	69166570	69167071
chr14	103562428	103562929
chr14	103562431	103562932
chr14	103562422	103562923
chr14	103562434	103562935
chr14	103562416	103562917
chr14	103562440	103562941
chr14	103562441	103562942
chr17	45775414	45775915
chr8	38385545	38386046
chr8	38385554	38386055
chr8	38385579	38386080
chr8	38385571	38386072
chr8	38385567	38386068
chr8	38385563	38386064
chr17	13002373	13002874
chr17	13002379	13002880
chr11	45922123	45922624
chr11	45922122	45922623
chr8	143823356	143823857
chr8	143823382	143823883
chr8	143823359	143823860
chr8	143823153	143823654
chr8	143823172	143823673
chr8	143823169	143823670
chr8	143823329	143823830
chr8	143823352	143823853
chr17	45794779	45795280
chr5	152534625	152535126
chr1	201058940	201059441
chr4	142960056	142960557
chr17	45719726	45720227
chr17	45719688	45720189
chr19	30510992	30511493
chr17	45841851	45842352
chr17	45841834	45842335
chr17	45841879	45842380
chr17	45841754	45842255
chr17	45841846	45842347
chr17	45841820	45842321
chr17	45841829	45842330
chr17	45841830	45842331
chr18	79873138	79873639
chr3	117884933	117885434
chr15	40274641	40275142
chr15	40274626	40275127
chr15	40274638	40275139
chr15	40274640	40275141
chr15	40274635	40275136
chr15	40274624	40275125
chr15	40274604	40275105
chr15	40274621	40275122
chr7	131843795	131844296
chr7	131843871	131844372
chr7	131843918	131844419
chr7	131843852	131844353
chr7	131843862	131844363
chr7	131843879	131844380
chr3	117892952	117893453
chr3	117892943	117893444
chr3	117892948	117893449
chr5	152814238	152814739
chr5	152770636	152771137
chr5	152770642	152771143
chr5	152986229	152986730
chr11	46026473	46026974
chr17	45841185	45841686
chr17	45841094	45841595
chr17	45841136	45841637
chr17	45841122	45841623
chr17	45841184	45841685
chr17	45841099	45841600
chr15	89361018	89361519
chr15	89360713	89361214
chr15	89360682	89361183
chr15	89360708	89361209
chr5	152560483	152560984
chr5	152560471	152560972
chr5	152560482	152560983
chr5	152560513	152561014
chr5	152560499	152561000
chr17	12987194	12987695
chr17	12987184	12987685
chr17	12987164	12987665
chr17	12986988	12987489
chr17	12987114	12987615
chr2	48480428	48480929
chr2	48480373	48480874
chr7	128106282	128106783
chr22	41974734	41975235
chr18	55347144	55347645
chr18	55347362	55347863
chr18	55347180	55347681
chr18	55347355	55347856
chr18	55347156	55347657
chr18	55347177	55347678
chr18	55347343	55347844
chr18	55347165	55347666
chr18	55347161	55347662
chr22	39691316	39691817
chr22	41979515	41980016
chr22	41979388	41979889
chr22	41979273	41979774
chr8	27592214	27592715
chr14	103257185	103257686
chr14	103257205	103257706
chr14	103257140	103257641
chr7	1989801	1990302
chr5	139678580	139679081
chr16	66728613	66729114
chr6	108562337	108562838
chr6	108562473	108562974
chr6	108562339	108562840
chr6	164832384	164832885
chr6	164832332	164832833
chr5	139677731	139678232
chr5	139677636	139678137
chr5	139677618	139678119
chr5	139677688	139678189
chr5	139677656	139678157
chr5	139677713	139678214
chr5	139677626	139678127
chr5	139677652	139678153
chr11	65615884	65616385
chr11	65615965	65616466
chr11	65615959	65616460
chr11	65615996	65616497
chr6	164660742	164661243
chr15	89361352	89361853
chr15	89361281	89361782
chr15	89361321	89361822
chr15	89361312	89361813
chr15	89361324	89361825
chr15	89361313	89361814
chr15	89361355	89361856
chr6	64347382	64347883
chr1	43643056	43643557
chr6	64330818	64331319
chr6	64330805	64331306
chr6	64330839	64331340
chr6	64330836	64331337
chr13	58408288	58408789
chr13	58408325	58408826
chr18	55304772	55305273
chr22	39610181	39610682
chr22	41946615	41947116
chr22	41946613	41947114
chr22	41946594	41947095
chr22	41946620	41947121
chr22	41946616	41947117
chr22	41946608	41947109
chr22	41946617	41947118
chr22	41946601	41947102
chr22	42080252	42080753
chr22	42080527	42081028
chr7	128105077	128105578
chr5	139677001	139677502
chr5	139677007	139677508
chr5	139677025	139677526
chr5	139677026	139677527
chr5	139677006	139677507
chr5	139677012	139677513
chr7	131851545	131852046
chr7	131851557	131852058
chr8	38382765	38383266
chr8	38382775	38383276
chr8	38382761	38383262
chr8	38382739	38383240
chr8	38382769	38383270
chr8	38382762	38383263
chr8	38382766	38383267
chr8	38382755	38383256
chr8	38382777	38383278
chr4	34076531	34077032
chr20	38692314	38692815
chr20	38805413	38805914
chr20	38805418	38805919
chr20	38805426	38805927
chr20	38805423	38805924
chr20	38805435	38805936
chr20	38805410	38805911
chr20	38805449	38805950
chr20	38805425	38805926
chr20	38805419	38805920
chr20	38805430	38805931
chr11	134031585	134032086
chr8	33554627	33555128
chr9	132054003	132054504
chr3	117921353	117921854
chr3	117921339	117921840
chr5	139660081	139660582
chr11	47848112	47848613
chr11	47848098	47848599
chr11	47848110	47848611
chr11	47848101	47848602
chr11	47848118	47848619
chr11	47848119	47848620
chr11	47848113	47848614
chr11	47848115	47848616
chr11	47848105	47848606
chr1	200959418	200959919
chr1	200959539	200960040
chr1	243256191	243256692
chr11	46330417	46330918
chr11	46330377	46330878
chr11	46330330	46330831
chr11	46330448	46330949
chr11	46330515	46331016
chr11	46617681	46618182
chr11	46617673	46618174
chr11	46617696	46618197
chr11	46617671	46618172
chr11	46617676	46618177
chr11	46617683	46618184
chr11	46617660	46618161
chr11	113474114	113474615
chr13	58544147	58544648
chr14	103910261	103910762
chr14	103910257	103910758
chr14	103910284	103910785
chr14	103910170	103910671
chr14	103910269	103910770
chr14	103910220	103910721
chr14	103910244	103910745
chr14	103910243	103910744
chr14	103910249	103910750
chr15	89362819	89363320
chr15	89362889	89363390
chr15	89362859	89363360
chr17	45747951	45748452
chr17	45852606	45853107
chr17	45852578	45853079
chr17	45852614	45853115
chr17	45852605	45853106
chr17	45852623	45853124
chr17	45852586	45853087
chr17	45860829	45861330
chr17	45688253	45688754
chr17	45688228	45688729
chr17	45688277	45688778
chr17	45688200	45688701
chr17	45688241	45688742
chr17	45688229	45688730
chr17	45688243	45688744
chr17	45771164	45771665
chr17	45896658	45897159
chr17	45896687	45897188
chr17	45896665	45897166
chr17	45896656	45897157
chr17	45896863	45897364
chr17	45896859	45897360
chr17	45896910	45897411
chr17	45897076	45897577
chr17	45897290	45897791
chr17	45897332	45897833
chr17	45897402	45897903
chr17	45897518	45898019
chr17	45905876	45906377
chr17	45906145	45906646
chr17	45906181	45906682
chr17	45906167	45906668
chr17	46019848	46020349
chr17	45942084	45942585
chr17	45942259	45942760
chr17	45942124	45942625
chr17	45942230	45942731
chr17	45942151	45942652
chr17	45942678	45943179
chr17	45946916	45947417
chr17	45946902	45947403
chr17	45946850	45947351
chr17	45965876	45966377
chr17	45973297	45973798
chr17	45983236	45983737
chr17	46002486	46002987
chr17	46002452	46002953
chr17	46002465	46002966
chr17	46002459	46002960
chr17	46002481	46002982
chr17	46002478	46002979
chr17	46002443	46002944
chr17	46002480	46002981
chr17	46003924	46004425
chr17	46003922	46004423
chr17	46003899	46004400
chr17	46003898	46004399
chr17	46003920	46004421
chr18	55779974	55780475
chr18	53198393	53198894
chr2	48528102	48528603
chr2	174247877	174248378
chr2	174247909	174248410
chr2	174247783	174248284
chr2	172090680	172091181
chr2	172090517	172091018
chr2	172090668	172091169
chr2	172090705	172091206
chr2	172090406	172090907
chr2	172090692	172091193
chr2	172091653	172092154
chr2	172091233	172091734
chr2	172103786	172104287
chr2	172103775	172104276
chr2	172103791	172104292
chr2	172103785	172104286
chr2	172103764	172104265
chr2	172103756	172104257
chr2	172103758	172104259
chr2	172103769	172104270
chr2	161948057	161948558
chr3	71498127	71498628
chr3	71498128	71498629
chr3	71498088	71498589
chr3	71498122	71498623
chr3	117922319	117922820
chr3	117922009	117922510
chr3	117922253	117922754
chr3	117922007	117922508
chr3	117921933	117922434
chr3	117921991	117922492
chr3	117922310	117922811
chr3	117811728	117812229
chr5	109853766	109854267
chr5	89447703	89448204
chr5	89447690	89448191
chr5	89447760	89448261
chr5	89447710	89448211
chr5	89447706	89448207
chr5	152349643	152350144
chr5	152349637	152350138
chr7	128106899	128107400
chr7	128106810	128107311
chr3	80677287	80677788
chr5	139633969	139634470
chr5	139633939	139634440
chr1	73310692	73311193
chr1	201026734	201027235
chr1	201026730	201027231
chr1	201026593	201027094
chr7	128102418	128102919
chr8	64699853	64700354
chr11	28504675	28505176
chr11	28504613	28505114
chr11	28504680	28505181
chr11	48081141	48081642
chr12	122355159	122355660
chr15	89199725	89200226
chr15	89199751	89200252
chr4	117965563	117966064
chr4	117965622	117966123
chr4	117965577	117966078
chr4	117965530	117966031
chr8	27580468	27580969
chr13	58165562	58166063
chr13	58165581	58166082
chr13	58165572	58166073
chr13	58165561	58166062
chr13	58165556	58166057
chr16	29962366	29962867
chr16	29962400	29962901
chr16	29962394	29962895
chr1	8474249	8474750
chr1	8516803	8517304
chrX	12172648	12173149
chrX	12172706	12173207
chrX	12172659	12173160
chrX	12172670	12173171
chr8	88590810	88591311
chr5	89449323	89449824
chr5	89449310	89449811
chr1	243246809	243247310
chr1	98102911	98103412
chr1	243253457	243253958
chr1	243253458	243253959
chr1	243253476	243253977
chr1	28822849	28823350
chr2	25215167	25215668
chr2	25215236	25215737
chr2	25215174	25215675
chr2	25215235	25215736
chr2	25215241	25215742
chr2	25215212	25215713
chr1	6602664	6603165
chr1	6602670	6603171
chr1	6602692	6603193
chr1	6602684	6603185
chr1	6602733	6603234
chr1	6602660	6603161
chr1	6602668	6603169
chr1	6602640	6603141
chr1	6602681	6603182
chr1	6602688	6603189
chr11	113278860	113279361
chr11	113278822	113279323
chr1	2444404	2444905
chr6	92320671	92321172
chr1	43453722	43454223
chr1	43453675	43454176
chr1	43453697	43454198
chr1	43453667	43454168
chr1	43453715	43454216
chr1	43453712	43454213
chr1	43453658	43454159
chr1	43453703	43454204
chr1	114757298	114757799
chr1	114757329	114757830
chr1	114757310	114757811
chr1	114757287	114757788
chr1	114757306	114757807
chr1	114757296	114757797
chr1	114757332	114757833
chr1	114757289	114757790
chr8	27601982	27602483
chr8	27601956	27602457
chr8	27602003	27602504
chr8	27601969	27602470
chr1	201014480	201014981
chr1	201014522	201015023
chr1	201038491	201038992
chr1	201038475	201038976
chr1	201038436	201038937
chr1	201038489	201038990
chr1	201038425	201038926
chr1	201038453	201038954
chr1	201038471	201038972
chr1	201038470	201038971
chr1	201038485	201038986
chr2	2326175	2326676
chr2	2326011	2326512
chr2	2325961	2326462
chr2	2325984	2326485
chr2	2325959	2326460
chr2	48111929	48112430
chr2	48111911	48112412
chr2	48111891	48112392
chr2	48111711	48112212
chr2	48111965	48112466
chr2	48111982	48112483
chr12	122190806	122191307
chr2	48070381	48070882
chr2	48070377	48070878
chr2	48070361	48070862
chr2	193052493	193052994
chr2	193052422	193052923
chr2	27735491	27735992
chr16	89565340	89565841
chr16	89565417	89565918
chr16	89565426	89565927
chr16	89565408	89565909
chr11	134022732	134023233
chr11	134022708	134023209
chr11	134022703	134023204
chr4	79272142	79272643
chr5	45135482	45135983
chr5	152376774	152377275
chr5	88401620	88402121
chr5	88401630	88402131
chr5	88401635	88402136
chr5	88401425	88401926
chr5	88401562	88402063
chr5	88401568	88402069
chr5	88401596	88402097
chr5	88401615	88402116
chr5	152631733	152632234
chr7	128027140	128027641
chr1	43450512	43451013
chr1	200952772	200953273
chr5	58458042	58458543
chr7	133165193	133165694
chr8	38386173	38386674
chr8	38386182	38386683
chr8	38386229	38386730
chr8	38385928	38386429
chr8	38385893	38386394
chr8	38386195	38386696
chr8	38386204	38386705
chr8	38385868	38386369
chr8	38386218	38386719
chr8	38386203	38386704
chr8	38430589	38431090
chr8	38431033	38431534
chr12	50070413	50070914
chr12	50070425	50070926
chr12	50070399	50070900
chr12	50070385	50070886
chr12	50070393	50070894
chr12	50070407	50070908
chr12	50070396	50070897
chr12	50070414	50070915
chr12	50070418	50070919
chr12	50070408	50070909
chr10	102625934	102626435
chr3	50320225	50320726
chr3	50320176	50320677
chr3	50320391	50320892
chr3	50320396	50320897
chr22	41996554	41997055
chr11	45922087	45922588
chr11	45921988	45922489
chr11	134376849	134377350
chr11	45920060	45920561
chr11	113168183	113168684
chr11	28627831	28628332
chr11	113565043	113565544
chr11	113565215	113565716
chr11	46478123	46478624
chr11	47163034	47163535
chr11	47163123	47163624
chr12	123954147	123954648
chr12	2193930	2194431
chr12	2194002	2194503
chr14	103561809	103562310
chr14	103561755	103562256
chr14	103561831	103562332
chr8	33895598	33896099
chr5	139690373	139690874
chr14	103518078	103518579
chr14	103535429	103535930
chr15	78620193	78620694
chr15	43746111	43746612
chr15	43746094	43746595
chr15	43746130	43746631
chr15	43746090	43746591
chr15	43746087	43746588
chr15	43746107	43746608
chr15	43746098	43746599
chr15	43746109	43746610
chr15	43746176	43746677
chr15	89243677	89244178
chr15	89243682	89244183
chr15	89243676	89244177
chr15	89243659	89244160
chr15	89243694	89244195
chr15	89243668	89244169
chr15	89243698	89244199
chr15	89243688	89244189
chr15	89243672	89244173
chr15	89242204	89242705
chr15	89242123	89242624
chr15	89242183	89242684
chr16	4417165	4417666
chr17	1351930	1352431
chr18	55407181	55407682
chr18	55407173	55407674
chr18	55407163	55407664
chr18	55407192	55407693
chr18	55407172	55407673
chr18	55407200	55407701
chr19	19514290	19514791
chr19	19514266	19514767
chrX	12137665	12138166
chrX	12137671	12138172
chrX	12137733	12138234
chrX	12137717	12138218
chrX	12137792	12138293
chr20	38680476	38680977
chr20	38680478	38680979
chr1	8318426	8318927
chr1	8318387	8318888
chr1	8318466	8318967
chr1	8318405	8318906
chr1	8318473	8318974
chr1	8318376	8318877
chr1	35718626	35719127
chr1	35718610	35719111
chr1	35718674	35719175
chr1	35718612	35719113
chr1	35718611	35719112
chr1	35718620	35719121
chr1	35718619	35719120
chr1	28648941	28649442
chr1	28648642	28649143
chr1	28648779	28649280
chr1	28648794	28649295
chr1	28648652	28649153
chr1	28648828	28649329
chr1	28648816	28649317
chr1	28648698	28649199
chr1	150050509	150051010
chr1	150050497	150050998
chr1	150050508	150051009
chr1	150050507	150051008
chr1	150050499	150051000
chr1	150050514	150051015
chr1	150151330	150151831
chr1	150151230	150151731
chr1	150161997	150162498
chr1	150163067	150163568
chr1	150163054	150163555
chr1	150163041	150163542
chr1	150162999	150163500
chr1	150163070	150163571
chr1	150163021	150163522
chr1	150163069	150163570
chr1	150163055	150163556
chr1	150163039	150163540
chr1	150163052	150163553
chr1	97381209	97381710
chr16	58580632	58581133
chr5	152769391	152769892
chr5	152808895	152809396
chr5	152816822	152817323
chr5	152816766	152817267
chr5	152817103	152817604
chr5	152953652	152954153
chr11	45924308	45924809
chr18	55900338	55900839
chr18	55900446	55900947
chr18	55900806	55901307
chr18	55900844	55901345
chr18	55900987	55901488
chr18	55918376	55918877
chr2	224507404	224507905
chr19	11738754	11739255
chr19	11738756	11739257
chr19	11738742	11739243
chr19	11738780	11739281
chr19	11738740	11739241
chr19	11738763	11739264
chr19	11738755	11739256
chr19	11738797	11739298
chr19	11738750	11739251
chr12	50187506	50188007
chr12	50187491	50187992
chr12	50187444	50187945
chr12	50187435	50187936
chr12	50187438	50187939
chr12	50187464	50187965
chr12	50187461	50187962
chr19	30511317	30511818
chr19	30511299	30511800
chr19	30511319	30511820
chr19	30511583	30512084
chr11	133971698	133972199
chr12	94792955	94793456
chr12	94793144	94793645
chr22	41382229	41382730
chr22	41382460	41382961
chr22	41382215	41382716
chr22	41382466	41382967
chr22	41382222	41382723
chr22	41382343	41382844
chr7	71348490	71348991
chr7	71348775	71349276
chr7	71348699	71349200
chr7	71348726	71349227
chr7	71348773	71349274
chr7	128122570	128123071
chr7	128122595	128123096
chr5	154272886	154273387
chr13	79281352	79281853
chr13	38264354	38264855
chr13	38264345	38264846
chr18	55417729	55418230
chr18	55425703	55426204
chr18	55317809	55318310
chr18	55317844	55318345
chr18	55317820	55318321
chr18	55317815	55318316
chr18	55385683	55386184
chr18	55385680	55386181
chr18	55389268	55389769
chr11	112962833	112963334
chr11	112962849	112963350
chr11	112962839	112963340
chr11	112962822	112963323
chr11	112962762	112963263
chr11	112962829	112963330
chr11	112962847	112963348
chr11	112962796	112963297
chr11	112962859	112963360
chr16	66920133	66920634
chr11	124800839	124801340
chr11	124800420	124800921
chr11	124800838	124801339
chr11	124800422	124800923
chr11	124800861	124801362
chr11	124800822	124801323
chr8	33920938	33921439
chr22	41977194	41977695
chr22	41977205	41977706
chr22	41977196	41977697
chr22	41977215	41977716
chr22	41977207	41977708
chr22	41977235	41977736
chr22	41977244	41977745
chr1	72956472	72956973
chr1	73096879	73097380
chr1	73009876	73010377
chr1	73009839	73010340
chr1	73009842	73010343
chr1	73010036	73010537
chr1	73010026	73010527
chr1	115090920	115091421
chr20	49482603	49483104
chr20	49482650	49483151
chr20	49482621	49483122
chr20	49482686	49483187
chr8	34295337	34295838
chr8	34295365	34295866
chr8	34295368	34295869
chr8	34295399	34295900
chr8	27548186	27548687
chr22	41699208	41699709
chr22	41699190	41699691
chr22	41699157	41699658
chr22	41699254	41699755
chr22	41699217	41699718
chr22	41699239	41699740
chr22	41699211	41699712
chr17	45894913	45895414
chr17	45894813	45895314
chr7	127535524	127536025
chr7	127535535	127536036
chr7	127535253	127535754
chr8	88678331	88678832
chr8	59800732	59801233
chr11	47305647	47306148
chr11	47305671	47306172
chr8	34495002	34495503
chr7	131920978	131921479
chr12	120903079	120903580
chr12	120903077	120903578
chr12	120903287	120903788
chr12	120903094	120903595
chr12	120903092	120903593
chr12	120903091	120903592
chr6	164690657	164691158
chr6	164690644	164691145
chr6	164690662	164691163
chr3	181176526	181177027
chr3	181176539	181177040
chr3	181176551	181177052
chr3	181176531	181177032
chr3	181176537	181177038
chr3	181176538	181177039
chr3	181176536	181177037
chr3	181176525	181177026
chr2	25306672	25307173
chr2	25306717	25307218
chr2	25306692	25307193
chr2	25306668	25307169
chr2	25306316	25306817
chr18	55355514	55356015
chr11	113014126	113014627
chr2	174282905	174283406
chr2	174282895	174283396
chr2	174282912	174283413
chr2	174282976	174283477
chr2	174282881	174283382
chr2	174282884	174283385
chr6	96014136	96014637
chr11	47153523	47154024
chr1	73114754	73115255
chr11	46443358	46443859
chr8	34511776	34512277
chr2	48198879	48199380
chr19	56678143	56678644
chr5	139637680	139638181
chr7	131852761	131853262
chr3	30036537	30037038
chr3	30036596	30037097
chr13	58594554	58595055
chr2	25280232	25280733
chr3	80688780	80689281
chr3	80688775	80689276
chr3	2517526	2518027
chr3	117809654	117810155
chr3	117809681	117810182
chr22	41919304	41919805
chr22	41919769	41920270
chr22	41919689	41920190
chr22	41919728	41920229
chr22	41919757	41920258
chr22	41919715	41920216
chr22	41919699	41920200
chr2	174176929	174177430
chr22	42283919	42284420
chr22	42283888	42284389
chr22	42283887	42284388
chr22	42283796	42284297
chr22	42283764	42284265
chr22	42283909	42284410
chr3	53257570	53258071
chr5	153404760	153405261
chr5	153404812	153405313
chr5	153404612	153405113
chr5	153404727	153405228
chr4	117957149	117957650
chr11	47915299	47915800
chr6	96016341	96016842
chr6	96016560	96017061
chr6	96016342	96016843
chr6	96016322	96016823
chr6	96016369	96016870
chr6	96016320	96016821
chr6	96016357	96016858
chr6	96016434	96016935
chr17	45893689	45894190
chr18	55319774	55320275
chr4	33724039	33724540
chr13	58592742	58593243
chr1	97565683	97566184
chr5	89448499	89449000
chr5	89448256	89448757
chr5	89448267	89448768
chr5	89448263	89448764
chr5	89448258	89448759
chr11	46296084	46296585
chr5	88827234	88827735
chr12	122183019	122183520
chr12	122182876	122183377
chr12	122182906	122183407
chr12	122182897	122183398
chr12	122183011	122183512
chr12	122183045	122183546
chr12	122182885	122183386
chr12	122183053	122183554
chr6	164689976	164690477
chr8	27616951	27617452
chr8	27616892	27617393
chr8	27617203	27617704
chr8	27616988	27617489
chr3	53327913	53328414
chr6	164756080	164756581
chr6	164756089	164756590
chr6	164756111	164756612
chr6	164756086	164756587
chr6	164756108	164756609
chr1	98021404	98021905
chr1	243443461	243443962
chr15	89379271	89379772
chr15	89379250	89379751
chr15	89378806	89379307
chr14	103730530	103731031
chr2	232878170	232878671
chr7	128135848	128136349
chr7	128100916	128101417
chr1	243748660	243749161
chr1	243748668	243749169
chr1	243748650	243749151
chr8	64695514	64696015
chr8	64695505	64696006
chr8	64695480	64695981
chr8	64695513	64696014
chr8	64695516	64696017
chr8	33805071	33805572
chr8	33805102	33805603
chr8	33804947	33805448
chr8	102655890	102656391
chr8	102655942	102656443
chr8	102655836	102656337
chr1	28552727	28553228
chr1	28552791	28553292
chr1	28552744	28553245
chr1	28552662	28553163
chr1	28552694	28553195
chr1	28552716	28553217
chr1	28552679	28553180
chr1	28552741	28553242
chr1	28552714	28553215
chr1	43545062	43545563
chr1	43545007	43545508
chr8	34646202	34646703
chr5	152607645	152608146
chr5	152607779	152608280
chr5	152607854	152608355
chr8	34518273	34518774
chr8	34518135	34518636
chr8	34518214	34518715
chr6	164795069	164795570
chr6	164794984	164795485
chr6	164794983	164795484
chr1	8314228	8314729
chr9	10235323	10235824
chr2	144379780	144380281
chr2	144379768	144380269
chr2	144379767	144380268
chr2	144379705	144380206
chr6	92545872	92546373
chr1	243556269	243556770
chr14	103923807	103924308
chr14	103923831	103924332
chr11	49208160	49208661
chr11	49208150	49208651
chr11	49208159	49208660
chr11	49208093	49208594
chr11	49208075	49208576
chr11	49208100	49208601
chr11	49208076	49208577
chr11	49208131	49208632
chr5	152534600	152535101
chr5	152534610	152535111
chr5	152534585	152535086
chr1	43570510	43571011
chr11	123524848	123525349
chr11	123524820	123525321
chr11	123525019	123525520
chr11	123525045	123525546
chr11	123524752	123525253
chr11	123525033	123525534
chr11	113578005	113578506
chr11	113577789	113578290
chr11	113577999	113578500
chr11	113577947	113578448
chr11	113578024	113578525
chr11	124758297	124758798
chr11	124758271	124758772
chr11	124758295	124758796
chr11	124758267	124758768
chr11	124758256	124758757
chr11	124758276	124758777
chr11	124758272	124758773
chr11	124758288	124758789
chr11	124758278	124758779
chr11	124758277	124758778
chr11	113627937	113628438
chr11	48307727	48308228
chr11	48044496	48044997
chr8	34600246	34600747
chr7	128053932	128054433
chr11	65638580	65639081
chr11	65638619	65639120
chr11	65638644	65639145
chr11	65638610	65639111
chr11	65638608	65639109
chr11	65638643	65639144
chr11	65638639	65639140
chr11	113457611	113458112
chr11	113457672	113458173
chr11	113457627	113458128
chr11	134725697	134726198
chr11	134725400	134725901
chr7	128031155	128031656
chr7	128031096	128031597
chr7	128031443	128031944
chr7	128031170	128031671
chr7	128031106	128031607
chr7	128031093	128031594
chr7	128031104	128031605
chr17	45820298	45820799
chr17	45820269	45820770
chr1	243312888	243313389
chr2	232876223	232876724
chr2	232876401	232876902
chr2	232876366	232876867
chr2	232876469	232876970
chr2	232876224	232876725
chr2	232876368	232876869
chr2	232876407	232876908
chr2	232876343	232876844
chr14	104035280	104035781
chr14	104035249	104035750
chr14	104035275	104035776
chr14	104035335	104035836
chr14	104035292	104035793
chr14	104035284	104035785
chr14	104035270	104035771
chr14	104035289	104035790
chr10	103192480	103192981
chr10	103192372	103192873
chr10	103192296	103192797
chr10	103192465	103192966
chr10	103192401	103192902
chr12	123983759	123984260
chr12	123983794	123984295
chr12	123983793	123984294
chr12	123983788	123984289
chr12	123983798	123984299
chr5	152567427	152567928
chr5	152567444	152567945
chr5	152567458	152567959
chr15	89362226	89362727
chr15	89362224	89362725
chr15	89362213	89362714
chr15	89362204	89362705
chr15	89362231	89362732
chr15	89362230	89362731
chr15	89362196	89362697
chr14	103386888	103387389
chr1	243433115	243433616
chr14	103537448	103537949
chr17	45801516	45802017
chr14	103335193	103335694
chr14	103335149	103335650
chr14	103334981	103335482
chr2	48415188	48415689
chr2	48415224	48415725
chr2	48415225	48415726
chr2	48415212	48415713
chr2	48415219	48415720
chr2	48415227	48415728
chr2	48415247	48415748
chr15	89364380	89364881
chr15	89196859	89197360
chr16	9817442	9817943
chr17	20009029	20009530
chr17	20009053	20009554
chr17	20009058	20009559
chr17	20009097	20009598
chr17	20009025	20009526
chr17	20009046	20009547
chr17	20009065	20009566
chr17	20009039	20009540
chr17	20009074	20009575
chr17	20009064	20009565
chr18	55408034	55408535
chr18	79872426	79872927
chr18	79872460	79872961
chr19	30492447	30492948
chr19	30492434	30492935
chr19	30492451	30492952
chr2	232872079	232872580
chr2	232872077	232872578
chr5	154103141	154103642
chr5	154103189	154103690
chr3	63878545	63879046
chr10	102676784	102677285
chr1	43389579	43390080
chr1	43389601	43390102
chr1	43389644	43390145
chr1	43389667	43390168
chr1	43389573	43390074
chr1	43389613	43390114
chr1	43389589	43390090
chr1	43389622	43390123
chr1	43367654	43368155
chr1	43367557	43368058
chr1	43367256	43367757
chr1	43348844	43349345
chr1	43348836	43349337
chr1	43348774	43349275
chr1	43348880	43349381
chr1	43348862	43349363
chr1	43348795	43349296
chr1	43348820	43349321
chr1	43348839	43349340
chr8	27609309	27609810
chr8	27609381	27609882
chr8	27609365	27609866
chr8	59782035	59782536
chr15	89356669	89357170
chr15	89356689	89357190
chr15	89356668	89357169
chr15	89356678	89357179
chr15	89356661	89357162
chr15	89356665	89357166
chr15	89356691	89357192
chr15	89356680	89357181
chr15	89356685	89357186
chr11	134036370	134036871
chr11	134036375	134036876
chr11	134036397	134036898
chr11	134036373	134036874
chr8	27468036	27468537
chr11	134426008	134426509
chr1	8372021	8372522
chr1	8371945	8372446
chr1	243734113	243734614
chr1	8372485	8372986
chr1	8372500	8373001
chr1	8372524	8373025
chr1	8372235	8372736
chr6	164693847	164694348
chr6	164693783	164694284
chr6	164693730	164694231
chr6	164693816	164694317
chr6	164693880	164694381
chr6	164693931	164694432
chr6	164693832	164694333
chr6	164693864	164694365
chr12	120904203	120904704
chr12	120904252	120904753
chr12	120904102	120904603
chr12	120904039	120904540
chr12	120904056	120904557
chr12	120904162	120904663
chr12	120904073	120904574
chr12	120904147	120904648
chr12	120904069	120904570
chr12	120904180	120904681
chr14	103886239	103886740
chr14	103886247	103886748
chr4	33886194	33886695
chr2	60213576	60214077
chr2	60213612	60214113
chr18	55775925	55776426
chr18	55775905	55776406
chr13	58618475	58618976
chr13	58618230	58618731
chr13	58618318	58618819
chr13	58618070	58618571
chr8	27611253	27611754
chr8	27611214	27611715
chr8	27610881	27611382
chr8	27610976	27611477
chr8	27611227	27611728
chr8	27611304	27611805
chr8	27611283	27611784
chr8	27603223	27603724
chr8	27603163	27603664
chr8	27603435	27603936
chr8	27603240	27603741
chr8	27603112	27603613
chr8	27603225	27603726
chr8	27597071	27597572
chr8	27597082	27597583
chr8	27597069	27597570
chr8	27597101	27597602
chr8	27597049	27597550
chr8	27597063	27597564
chr8	27597040	27597541
chr8	27597081	27597582
chr8	27597088	27597589
chr6	164693302	164693803
chr6	164692916	164693417
chr6	64226306	64226807
chr6	164695138	164695639
chr6	69279069	69279570
chr6	164554889	164555390
chr6	164554931	164555432
chr6	164554902	164555403
chr6	164554897	164555398
chr6	164692755	164693256
chr6	164692762	164693263
chr6	164692731	164693232
chr6	164692703	164693204
chr13	58501954	58502455
chr13	43698833	43699334
chr13	57813576	57814077
chr13	57813599	57814100
chr13	57813560	57814061
chr13	57813572	57814073
chr13	58620060	58620561
chr13	58620132	58620633
chr13	58620244	58620745
chr13	58620111	58620612
chr13	58620120	58620621
chr13	79310694	79311195
chr13	79399789	79400290
chr2	60274175	60274676
chr13	57860673	57861174
chr13	43665367	43665868
chr13	58329612	58330113
chr13	58329671	58330172
chr13	58329626	58330127
chr22	39562841	39563342
chr22	39562816	39563317
chr22	39562871	39563372
chr22	42168949	42169450
chr22	42168904	42169405
chr22	42168929	42169430
chr22	42168894	42169395
chr22	42168913	42169414
chr22	42168906	42169407
chr2	48080871	48081372
chr11	47518335	47518836
chr5	140794568	140795069
chr5	140794574	140795075
chr5	140794548	140795049
chr5	140794561	140795062
chr5	139686130	139686631
chr5	139685985	139686486
chr5	139685924	139686425
chr15	89376226	89376727
chr15	89376354	89376855
chr15	89376662	89377163
chr15	89376451	89376952
chr15	89376477	89376978
chr15	89376319	89376820
chr6	164751591	164752092
chr6	164751306	164751807
chr8	34045880	34046381
chr1	243508199	243508700
chr7	137400050	137400551
chr5	138439544	138440045
chr5	138439632	138440133
chr5	138439662	138440163
chr5	138439677	138440178
chr3	36814303	36814804
chr3	36814194	36814695
chr19	19461705	19462206
chr19	19461711	19462212
chr19	19461507	19462008
chr5	88544514	88545015
chr5	88544469	88544970
chr5	88544650	88545151
chr5	88544740	88545241
chr5	88544689	88545190
chr5	88544731	88545232
chr5	88544544	88545045
chr5	88544630	88545131
chr16	66751367	66751868
chr16	66751363	66751864
chr16	90002266	90002767
chr18	55780092	55780593
chr18	55780113	55780614
chr18	55780164	55780665
chr18	55780084	55780585
chr18	55780080	55780581
chr18	55780106	55780607
chr18	55780121	55780622
chr18	55780132	55780633
chr4	33722803	33723304
chr4	33722779	33723280
chr4	33722783	33723284
chr4	33722774	33723275
chr4	33722807	33723308
chr4	33722816	33723317
chr4	33722801	33723302
chr4	79297110	79297611
chr4	79296968	79297469
