rsid	chr	hg38_base_position	FC.ExN	FC.InN	FC.RG	FC.MG	FC.undef	LGE.InN	MGE.InN	CGE.InN	GE.RG	GE.Proj
rs10000285	chr4	117784291	0	0	0	0	1	0	0	0	0	0
rs1000237	chr19	19407507	1	0	1	1	0	0	0	0	0	0
rs10007382	chr4	117783513	0	0	0	0	1	0	0	0	0	0
rs1001416	chr3	181050532	0	0	0	0	0	0	1	0	0	1
rs1001417	chr3	181050854	0	0	0	0	0	0	1	0	0	1
rs10019304	chr4	117783505	0	0	0	0	1	0	0	0	0	0
rs10024875	chr4	117966371	0	1	0	0	0	0	0	0	0	0
rs10029073	chr4	103006991	0	0	0	0	1	0	0	0	0	0
rs10029445	chr4	117745868	0	0	0	0	1	0	0	0	0	0
rs10034159	chr4	117918140	0	0	0	0	1	0	0	0	0	0
rs10037952	chr5	88089847	1	0	1	0	1	0	0	0	0	0
rs10053277	chr5	152534475	1	1	0	0	0	0	1	1	0	0
rs10056647	chr5	152906917	0	0	0	0	0	0	1	0	0	0
rs10059371	chr5	139684682	0	1	0	0	0	0	0	1	0	0
rs10060095	chr5	153517847	0	0	0	0	0	0	1	0	0	1
rs10061873	chr5	152534573	1	1	0	0	0	0	1	1	0	0
rs1006354	chr6	164749758	1	0	1	0	0	1	0	1	1	1
rs10083367	chr14	103847846	1	1	1	1	1	1	1	1	1	1
rs10083370	chr14	103847845	1	1	1	1	1	1	1	1	1	1
rs1008677	chr22	39613331	0	0	0	0	0	1	0	0	0	0
rs10095753	chr8	38379372	0	0	0	0	0	1	0	0	0	0
rs1012174	chr6	164749916	1	0	1	0	0	1	0	0	0	0
rs10127957	chr1	65845006	1	0	0	0	1	0	0	0	0	0
rs10129265	chr14	103274101	1	0	0	0	0	0	0	0	0	0
rs10154646	chr22	41935405	1	0	1	0	0	0	0	0	0	0
rs1017875	chr11	47977666	0	1	0	0	0	0	0	0	0	0
rs10189326	chr2	174161093	0	1	0	0	0	1	1	1	0	1
rs10195351	chr2	2321462	1	0	0	0	0	1	0	0	0	1
rs10202231	chr2	60273009	0	0	0	0	0	0	1	0	1	1
rs10213876	chr5	88135291	0	0	0	0	0	0	0	1	0	0
rs10214259	chr5	88135129	0	0	0	0	0	0	0	1	0	0
rs10215459	chr7	86406974	0	0	1	0	0	0	0	0	0	0
rs10238960	chr7	71308285	0	0	1	0	0	0	0	0	1	0
rs1024197	chr1	8476998	0	0	1	0	0	0	0	0	0	0
rs1024582	chr12	2293080	0	0	1	0	0	0	0	0	0	0
rs10256635	chr7	71313962	0	0	1	0	0	0	0	0	0	0
rs10264040	chr7	131849010	0	1	0	0	0	1	1	1	0	1
rs1036449	chr13	57991742	0	0	0	0	1	0	0	0	0	0
rs1036450	chr13	57990967	0	0	0	0	1	0	0	0	0	0
rs1040813	chr14	103840359	1	1	0	0	0	0	1	0	0	0
rs1040898	chr20	38681211	0	0	1	0	0	0	0	0	1	0
rs10429558	chr9	93574508	0	0	0	0	0	0	0	1	0	0
rs10445333	chr17	45839143	1	0	0	0	0	0	0	0	0	0
rs10445364	chr17	45838990	1	0	0	0	0	0	0	0	0	0
rs10447226	chr5	139649225	0	1	0	0	0	0	1	1	1	1
rs10455536	chr6	92546484	0	0	0	1	0	0	0	0	0	0
rs1046576	chr5	138446646	0	0	0	0	0	0	1	0	0	0
rs10466547	chr11	130953681	0	0	0	0	0	1	0	0	0	0
rs1047361	chr19	19495825	0	0	0	0	0	1	0	0	0	0
rs1047997	chr22	41938949	1	0	0	0	0	0	0	0	0	0
rs10492604	chr13	58330179	0	1	1	0	1	0	1	1	1	1
rs10493900	chr1	98179657	1	0	0	0	1	0	0	0	0	0
rs10501100	chr11	28518012	0	0	1	0	1	0	0	1	1	0
rs10502169	chr11	113147686	1	1	1	0	0	1	1	1	1	1
rs10502170	chr11	113169396	0	0	0	0	0	1	0	1	0	0
rs10514040	chr18	72147878	0	0	0	0	0	1	0	0	0	0
rs10515674	chr5	152631082	1	0	0	0	1	0	0	0	0	0
rs10515676	chr5	152634327	1	1	1	0	1	1	1	1	1	1
rs10515677	chr5	152931201	0	0	0	0	0	1	0	0	0	0
rs10515679	chr5	152994073	1	0	0	0	1	0	0	0	0	0
rs10520313	chr4	175823388	1	0	0	0	0	0	0	0	0	0
rs1053492	chr15	43769604	1	1	1	0	0	1	1	1	1	1
rs1054875	chr15	89335895	0	1	0	0	0	0	1	0	0	0
rs10742197	chr11	28622320	1	0	1	0	1	0	0	0	0	0
rs10750456	chr11	130949739	0	0	0	0	0	1	0	0	0	0
rs10753888	chr1	201037057	0	0	0	0	1	0	0	0	0	0
rs10756010	chr9	10236246	1	0	0	0	1	0	0	0	0	0
rs10764369	chr10	18262225	1	1	0	0	0	0	0	0	0	0
rs10764493	chr10	18439070	0	0	0	0	1	0	0	0	0	0
rs10767736	chr11	28622491	1	0	1	0	1	0	0	0	0	0
rs10773037	chr12	122123369	1	1	1	0	0	1	1	1	1	1
rs10774035	chr12	2259508	0	0	0	0	0	1	0	0	0	0
rs10777340	chr12	91863036	1	0	0	0	0	0	0	0	0	0
rs10777341	chr12	91863042	1	0	0	0	0	0	0	0	0	0
rs10777342	chr12	91863357	1	0	0	0	0	0	0	0	0	0
rs10777617	chr12	94783625	1	0	0	0	0	0	0	0	0	0
rs10779702	chr1	8363450	0	0	0	1	0	0	0	0	0	0
rs10786700	chr10	102627978	0	0	1	0	1	1	0	0	0	0
rs10789321	chr1	71687651	0	1	1	0	1	0	0	0	0	0
rs10789373	chr1	73500186	1	0	1	0	1	0	0	0	0	0
rs10791338	chr11	133918974	0	0	0	0	0	0	1	0	0	1
rs10795	chr15	84634066	1	1	0	1	0	1	1	0	1	1
rs10798295	chr1	173714815	1	1	1	1	1	1	1	1	1	1
rs10800749	chr1	200995209	0	0	0	0	1	1	0	0	0	0
rs10800750	chr1	200995450	0	0	0	0	1	1	0	0	0	0
rs10803132	chr1	243273964	1	0	0	0	0	0	0	0	0	0
rs10804885	chr3	181210678	0	1	0	0	1	1	1	0	0	1
rs10835368	chr11	28621752	1	0	1	0	1	0	0	0	0	0
rs10835371	chr11	28622330	1	0	1	0	1	0	0	0	0	0
rs10835372	chr11	28622366	1	0	1	0	1	0	0	0	0	0
rs10835373	chr11	28622395	1	0	1	0	1	0	0	0	0	0
rs10835374	chr11	28622424	1	0	1	0	1	0	0	0	0	0
rs10835375	chr11	28622480	1	0	1	0	1	0	0	0	0	0
rs10838528	chr11	45896403	0	1	1	0	0	1	1	0	1	1
rs10838530	chr11	45921444	0	0	1	0	0	0	0	0	0	0
rs10838596	chr11	46315444	0	0	1	0	0	0	1	0	0	1
rs10838707	chr11	47406818	0	0	0	0	0	0	0	1	0	0
rs10838802	chr11	48080926	0	0	0	1	0	0	0	0	0	0
rs10864356	chr1	8509812	0	0	0	0	0	1	1	0	0	0
rs10864634	chr1	6720588	0	0	0	0	0	0	1	1	0	1
rs10871451	chr16	29974884	0	0	0	0	0	1	0	1	0	0
rs10875130	chr1	98179473	1	0	0	0	1	0	0	0	0	0
rs10875131	chr1	98179636	1	0	0	0	1	0	0	0	0	0
rs10883761	chr10	102660261	0	0	0	0	0	1	0	0	0	0
rs10883801	chr10	102918130	1	1	1	1	1	1	1	1	1	1
rs10889929	chr1	71687461	0	1	1	0	1	0	0	0	0	0
rs10890255	chr1	43565822	1	1	1	0	1	1	1	1	1	1
rs10890270	chr1	43634837	0	0	0	0	0	0	1	0	0	0
rs10890279	chr1	43764587	0	0	0	0	0	0	1	0	0	1
rs10891517	chr11	113147128	1	1	1	0	0	1	1	1	1	1
rs10897821	chr11	81473071	0	0	0	0	0	0	0	1	0	1
rs10920085	chr1	200995154	0	0	0	0	1	1	0	0	0	0
rs10920086	chr1	200995588	0	0	0	0	1	0	0	0	0	0
rs10920088	chr1	200996473	1	0	0	0	0	0	0	0	0	0
rs10920094	chr1	201011868	1	1	1	0	1	1	1	1	1	1
rs10920099	chr1	201034478	1	0	0	0	1	0	0	0	0	0
rs10926981	chr1	243288103	0	0	0	1	0	0	0	0	0	0
rs10926991	chr1	243329265	1	0	0	0	0	0	0	0	0	0
rs10927006	chr1	243394357	1	0	0	0	0	0	0	0	0	0
rs10930634	chr2	174077998	0	1	0	0	0	0	1	0	0	0
rs10939902	chr5	61432163	0	0	1	0	0	0	0	0	1	0
rs10954935	chr8	33812861	1	1	0	0	1	1	1	1	1	1
rs10958670	chr8	38400636	0	0	0	0	0	0	0	0	0	1
rs10995249	chr10	62637156	0	0	0	1	0	0	0	0	0	0
rs10995250	chr10	62637161	0	0	0	1	0	0	0	0	0	0
rs11014797	chr10	18548748	1	0	0	0	0	0	0	0	0	0
rs11015180	chr10	18619328	1	0	1	0	1	0	0	0	1	0
rs11027838	chr11	24367332	0	0	0	0	0	1	0	0	0	0
rs11030336	chr11	28445134	0	0	0	0	1	0	0	0	0	0
rs11030380	chr11	28569621	1	0	0	0	0	0	0	0	0	0
rs11030388	chr11	28622565	1	0	1	0	1	0	0	0	0	0
rs11038697	chr11	45859998	0	1	1	0	0	1	1	1	1	1
rs11038739	chr11	45996344	1	0	0	0	0	0	0	0	0	0
rs11038742	chr11	46006730	1	1	1	0	1	1	1	1	1	1
rs11039114	chr11	47164129	0	0	0	0	0	1	0	0	0	0
rs11039300	chr11	47565510	1	1	1	1	1	1	1	1	1	1
rs11055880	chr12	14257700	1	1	1	1	1	1	1	1	1	1
rs11055882	chr12	14259826	1	1	0	0	0	1	0	0	1	1
rs11055883	chr12	14259872	1	1	0	0	0	1	0	0	1	1
rs11057184	chr12	122122834	0	0	0	0	0	0	1	1	0	0
rs11061602	chr12	122131417	1	1	1	1	1	1	1	1	1	1
rs11062170	chr12	2239678	1	0	0	0	1	0	0	0	0	0
rs11065358	chr12	120946692	1	0	0	0	0	0	0	0	0	0
rs11071612	chr15	61542028	1	0	1	0	0	1	0	0	0	0
rs1107284	chr1	8312476	1	0	0	0	0	0	0	0	0	0
rs1107286	chr1	8312268	1	0	0	0	0	0	0	0	0	0
rs11079733	chr17	46192598	0	0	0	0	1	0	1	1	1	1
rs1108842	chr3	52686064	1	1	1	1	1	1	1	1	1	1
rs11121194	chr1	8509847	0	0	0	0	0	1	1	0	0	0
rs11125166	chr2	48235785	0	0	0	0	0	0	0	0	1	1
rs11130367	chr3	53259357	0	1	1	0	0	0	1	1	1	1
rs11133120	chr4	175944615	1	1	1	0	1	1	1	1	1	1
rs111370985	chr17	45775376	0	0	1	0	0	0	1	0	1	0
rs11150577	chr16	29975204	0	0	0	0	0	1	0	1	0	0
rs111523535	chr8	34516437	0	0	0	0	0	1	0	0	0	0
rs11152369	chr18	55399097	1	0	0	0	0	0	0	0	0	0
rs11160752	chr14	103525759	0	0	1	0	0	0	0	0	0	0
rs11165952	chr1	98133079	1	0	1	0	1	0	0	0	1	0
rs111667565	chr1	243505710	0	0	0	1	0	0	0	0	0	0
rs1116734	chr2	197500319	1	1	1	1	1	1	1	1	1	1
rs11167575	chr5	152278240	1	0	0	0	0	0	0	0	0	0
rs11167600	chr5	140795280	0	1	0	0	0	0	1	1	0	0
rs11167629	chr5	153341040	0	0	0	0	0	0	1	0	0	0
rs111768794	chr13	58332061	0	0	1	0	0	0	0	0	0	0
rs1118090	chr6	92482376	0	0	0	0	0	0	1	0	0	1
rs111819270	chr8	34633649	0	0	0	0	0	0	1	0	0	0
rs11191359	chr10	102641729	0	0	1	0	1	0	0	1	0	0
rs11191365	chr10	102670494	1	0	0	0	0	0	0	0	0	0
rs11191513	chr10	103013227	0	0	1	0	0	0	0	0	0	0
rs11191514	chr10	103013607	0	0	1	0	0	0	0	0	0	0
rs11191582	chr10	103153896	0	0	1	0	0	0	0	0	1	0
rs111972148	chr17	45895755	1	1	1	0	1	1	1	1	1	1
rs11210274	chr1	73517390	1	1	1	0	1	0	1	1	0	0
rs11210892	chr1	43634413	0	0	0	0	0	0	1	0	0	0
rs11210916	chr1	43767255	0	0	0	0	0	0	0	0	1	1
rs11210926	chr1	43795851	0	1	1	0	0	1	1	1	1	1
rs11214511	chr11	113138050	1	1	1	0	0	1	1	1	0	1
rs11214512	chr11	113138699	1	0	0	0	0	0	1	1	0	0
rs11214514	chr11	113147770	1	1	1	0	0	1	1	1	1	1
rs11214524	chr11	113166247	0	0	0	0	0	1	0	0	0	0
rs11223635	chr11	133945897	0	1	0	0	0	1	1	1	1	1
rs11223648	chr11	133970517	0	0	0	0	0	0	1	0	0	0
rs11223649	chr11	133970576	0	0	0	0	0	0	1	0	0	0
rs11223650	chr11	133970752	0	0	0	0	0	0	1	0	0	0
rs11223654	chr11	133971684	1	0	0	0	0	0	0	1	0	0
rs11223659	chr11	133974813	0	1	0	0	0	0	1	1	0	1
rs11223661	chr11	133981517	0	0	0	0	0	0	0	1	0	0
rs11223668	chr11	134036369	0	0	0	0	0	1	0	0	0	0
rs112261189	chr11	47443161	1	0	0	0	1	1	0	0	0	0
rs11229116	chr11	57767070	0	0	1	0	0	1	1	0	1	1
rs112318300	chr11	47715848	1	1	1	1	1	1	1	1	1	1
rs112415880	chr17	45965502	1	0	0	0	0	0	0	0	0	0
rs112431991	chr17	45681519	1	0	0	0	0	0	0	0	0	0
rs112476302	chr8	34501054	0	0	0	0	0	0	1	1	0	0
rs112583797	chr17	45841052	1	0	0	0	0	0	0	0	1	0
rs11264743	chr1	153969038	1	0	0	0	0	0	1	0	0	0
rs112729989	chr2	25216670	1	1	1	0	0	0	0	1	1	1
rs112759622	chr2	174259758	0	0	0	0	0	0	1	0	0	1
rs113044050	chr14	103541414	0	1	1	0	0	0	1	0	1	0
rs113131069	chr10	18591015	0	0	0	0	0	0	0	1	0	0
rs1132349	chr11	45913833	0	0	1	0	0	0	0	0	0	0
rs113347741	chr17	45896042	1	1	1	0	1	1	1	1	1	1
rs113593461	chr2	232948057	1	0	0	0	0	1	0	0	0	0
rs113871181	chr17	45775367	0	0	1	0	0	0	1	0	1	0
rs113894932	chr17	46003042	1	1	1	0	1	1	1	1	1	1
rs114227716	chr2	174074409	0	0	0	0	0	0	0	0	1	0
rs114318690	chr5	138458257	1	0	0	0	0	0	1	0	0	0
rs114374937	chr13	58144635	0	0	0	0	0	0	0	0	0	1
rs114403845	chr5	88045669	0	1	0	0	0	0	0	1	1	1
rs114488519	chr16	66895292	1	1	1	0	1	1	1	1	1	1
rs114515538	chr1	243730405	0	0	0	0	0	0	0	1	0	0
rs114852555	chr5	152595880	0	0	1	0	0	0	0	1	1	1
rs1149	chr8	38268841	1	1	1	1	1	1	1	1	1	1
rs11492557	chr10	18591856	0	0	0	0	0	0	0	1	0	0
rs115255027	chr2	232741493	0	0	0	1	0	0	0	0	0	0
rs115265285	chr2	25229444	1	1	1	0	1	1	0	1	1	1
rs11537751	chr11	47565900	1	1	1	1	1	1	1	1	1	1
rs11541718	chr14	103385827	1	0	0	0	1	1	1	1	1	1
rs11558990	chr2	174082032	0	1	0	0	0	1	1	0	0	1
rs1156934	chr5	152386526	0	0	0	0	0	0	0	1	0	0
rs11570054	chr11	47349579	1	0	0	0	0	0	0	0	0	0
rs11570057	chr11	47348209	0	0	1	0	0	0	0	0	0	0
rs11575895	chr17	45894419	1	1	1	1	1	1	1	1	1	1
rs11575896	chr17	45894776	1	1	1	1	1	1	1	1	1	1
rs11576681	chr1	201034923	1	0	0	0	1	0	0	0	0	0
rs115769016	chr11	113579682	0	0	0	0	0	1	0	0	0	0
rs11580407	chr1	43829248	0	0	1	0	0	0	0	0	0	0
rs11580823	chr1	201014361	1	1	1	1	1	1	1	1	1	1
rs11584527	chr1	201005760	1	0	0	0	1	0	0	0	0	0
rs11586029	chr1	243746765	1	0	0	0	1	0	0	0	0	1
rs11586032	chr1	200973257	0	0	0	0	0	0	0	0	1	1
rs11587290	chr1	201021210	1	0	1	0	1	0	0	1	1	0
rs11589573	chr1	201005987	1	0	0	0	0	0	0	0	0	0
rs11589857	chr1	153899116	0	0	0	0	0	0	0	1	0	0
rs11590619	chr1	43661038	0	0	0	0	0	0	1	0	0	1
rs115990434	chr11	113569572	1	0	0	0	0	1	0	0	0	0
rs115995640	chr1	243443975	0	0	0	1	0	0	0	0	0	0
rs11601200	chr11	47373658	1	1	1	0	1	1	1	1	1	1
rs11602109	chr11	57667824	1	1	1	1	1	1	1	1	1	1
rs11602837	chr11	47415482	0	0	1	0	0	0	0	0	0	0
rs116047451	chr5	152595882	0	0	1	0	0	0	0	1	1	1
rs11606396	chr11	57667739	1	1	1	1	1	1	1	1	1	1
rs11607186	chr11	48035043	0	0	0	0	0	0	0	0	0	1
rs11608788	chr12	122123608	1	1	1	0	0	1	1	1	1	1
rs11608792	chr12	122123662	1	1	1	0	0	1	1	1	1	1
rs11616223	chr13	58238547	0	0	0	0	1	0	0	0	1	0
rs11619485	chr13	58238621	0	0	0	0	1	0	0	0	1	0
rs11625397	chr14	103561220	1	0	0	0	0	0	0	0	0	0
rs11626316	chr14	103260636	0	0	0	0	0	0	1	1	0	1
rs11629804	chr15	89357431	1	1	1	0	1	0	0	1	1	1
rs116332744	chr2	232928393	1	1	1	0	1	1	1	1	1	1
rs11642764	chr16	9829322	0	0	0	0	0	1	0	0	0	0
rs11643271	chr16	89525645	0	0	0	1	0	0	0	0	0	0
rs11643561	chr16	89475718	0	0	0	0	0	1	0	0	0	0
rs11644192	chr16	89535076	0	0	0	1	0	0	0	0	0	0
rs11644193	chr16	89535084	0	0	0	1	0	0	0	0	0	0
rs11647494	chr16	89475876	0	0	0	0	0	1	0	0	0	0
rs11649090	chr16	89534826	0	0	0	1	0	0	0	0	0	0
rs11660941	chr18	79870600	1	0	0	0	0	0	1	1	0	0
rs116692556	chr5	153263086	0	0	0	0	0	0	0	1	0	0
rs11675082	chr2	232925772	0	1	0	0	0	1	0	0	0	0
rs11675247	chr2	174078957	0	1	0	0	0	0	0	1	0	1
rs11678895	chr2	76169708	1	0	0	0	1	0	0	0	0	0
rs11679751	chr2	193052413	0	0	0	0	0	0	0	0	0	1
rs11681373	chr2	184921064	0	0	0	0	0	0	0	0	1	0
rs116841564	chr11	47106661	0	1	1	0	0	0	1	1	1	0
rs116858698	chr2	174080778	0	0	0	0	1	0	1	1	0	0
rs11689535	chr2	145666235	0	0	1	0	0	0	0	0	0	0
rs116897926	chr22	42284649	1	0	0	0	0	0	0	1	0	0
rs11694987	chr2	224532692	0	0	0	0	0	1	0	0	0	0
rs116965803	chr19	2169181	0	0	1	1	0	0	0	0	1	1
rs11703341	chr22	39617862	0	0	0	0	0	1	0	0	0	0
rs11703414	chr22	39538516	0	0	0	0	0	0	0	1	0	1
rs11707463	chr3	53328538	0	0	0	1	0	0	0	0	0	0
rs117103177	chr14	104037783	0	0	1	0	0	0	0	0	0	0
rs11715758	chr3	50254892	0	0	0	1	0	0	0	0	0	0
rs117178087	chr6	96016184	1	1	1	0	1	1	1	1	1	1
rs11725757	chr4	169595068	0	0	1	0	0	0	0	0	0	0
rs11739168	chr5	152424598	1	0	1	0	0	0	0	1	0	0
rs11743810	chr5	138466715	1	0	0	0	0	1	0	1	1	1
rs117503747	chr11	48018709	1	1	1	0	0	1	1	1	1	1
rs11752770	chr6	64416630	0	0	0	0	1	0	0	0	0	0
rs117531183	chr8	27466316	0	1	0	0	0	1	1	1	0	0
rs117564303	chr11	48088023	0	0	1	0	0	0	0	0	0	0
rs11759853	chr6	64416420	1	0	1	0	1	0	0	0	0	0
rs117622709	chr14	103273150	1	0	1	0	0	0	1	0	0	0
rs11763870	chr7	1987813	0	0	0	0	0	0	0	0	0	1
rs117671462	chr11	46337065	0	0	0	1	0	0	0	0	0	0
rs11777067	chr8	38441129	1	1	1	0	0	1	1	1	1	1
rs117784947	chr11	47516550	0	1	0	0	0	1	1	1	0	1
rs117799466	chr15	34367316	1	1	1	1	1	1	1	1	1	1
rs11782646	chr8	88263849	1	0	0	0	0	0	0	0	0	0
rs117861955	chr22	41521689	1	0	0	0	0	0	0	0	0	0
rs11796499	chrX	6094919	1	0	0	0	0	0	0	0	0	0
rs11810833	chr1	243453886	1	0	0	0	0	0	0	0	0	0
rs118151645	chr11	133996191	0	1	0	0	0	1	1	1	1	1
rs11821860	chr11	47533451	0	0	1	0	0	1	0	0	1	0
rs11835839	chr12	123946502	0	0	0	0	0	0	0	1	0	0
rs1187415	chr12	124006982	0	0	0	0	0	0	0	1	0	0
rs11892	chr1	6635271	0	0	1	0	0	0	0	0	0	1
rs1191547	chr14	29531826	0	1	0	0	0	0	0	1	0	0
rs1191551	chr14	29531199	0	1	0	0	0	0	0	1	0	0
rs11945758	chr4	117746079	0	0	0	0	1	0	0	0	0	0
rs11956240	chr5	138504604	1	1	1	0	0	1	0	1	0	0
rs11956651	chr5	152632254	1	0	1	0	1	0	0	0	0	0
rs11972718	chr7	8509557	0	0	0	0	0	0	1	0	0	0
rs12022730	chr1	153900139	0	0	1	0	0	0	1	0	1	1
rs12023132	chr1	8416360	1	0	0	0	0	0	0	0	0	0
rs12028517	chr1	6601672	0	0	1	1	0	0	0	1	1	0
rs12029086	chr1	243401420	1	0	0	0	0	0	0	0	0	0
rs12033249	chr1	98179116	1	0	0	0	1	0	0	0	0	0
rs12034163	chr1	35725429	1	1	1	0	0	1	1	1	1	1
rs12035002	chr1	200968644	0	0	0	0	0	0	1	0	0	0
rs12042562	chr1	153883888	0	0	0	0	0	1	0	0	0	0
rs12043350	chr1	153881904	0	0	0	0	0	0	1	0	0	0
rs12044342	chr1	98133588	1	0	1	0	1	0	0	0	1	0
rs12046836	chr1	98133189	1	0	1	0	1	0	0	0	1	0
rs12052908	chr2	22280172	0	0	0	0	0	0	0	1	0	0
rs12058090	chr1	150039173	0	0	0	0	0	1	0	0	0	0
rs12060211	chr1	150039351	0	0	0	0	0	1	0	0	0	0
rs12061565	chr1	150039388	0	0	0	0	0	1	0	0	0	0
rs12062670	chr1	28360186	1	1	0	0	0	1	1	1	0	1
rs12083902	chr1	35809511	1	1	1	0	0	0	1	0	0	1
rs1209174	chr14	29035194	1	0	0	0	0	0	0	0	0	0
rs1209175	chr14	29035149	1	0	0	0	0	0	0	0	0	0
rs12092774	chr1	174052172	0	1	1	0	0	0	0	1	1	1
rs12094774	chr1	243851261	1	0	0	1	0	0	0	0	0	0
rs12095124	chr1	8421972	0	0	0	0	0	0	1	0	0	1
rs12096785	chr1	174052556	0	1	1	0	1	0	0	1	1	1
rs12104791	chr2	25308338	0	0	0	0	0	0	0	0	1	0
rs12122573	chr1	243264546	0	0	0	0	0	0	1	0	0	0
rs12124126	chr1	6600289	1	0	0	0	0	0	0	0	0	0
rs12124898	chr1	150182112	0	1	1	0	0	1	1	0	1	1
rs12126806	chr1	200994697	0	0	0	0	1	1	0	0	0	0
rs12129731	chr1	98222135	0	0	0	0	0	1	1	0	0	1
rs12130117	chr1	28664141	1	0	0	0	0	0	0	0	0	0
rs12133192	chr1	28812628	0	1	1	0	0	1	1	0	0	0
rs12138061	chr1	50106424	0	1	1	0	1	1	1	1	1	1
rs12142704	chr1	200988569	0	0	0	0	0	0	0	0	1	0
rs12146541	chr11	57741206	1	1	1	1	1	1	1	1	1	1
rs12147596	chr14	103540379	1	1	1	0	0	1	0	1	0	1
rs12158335	chr22	41928618	0	0	0	0	0	0	1	0	1	1
rs12160628	chr22	40721437	1	1	1	0	0	1	1	1	0	1
rs12168969	chr22	42269111	1	1	0	1	0	1	1	1	0	0
rs12175973	chr6	64233998	1	0	1	0	1	0	0	0	0	0
rs12248123	chr10	102975609	0	1	0	0	0	0	1	0	0	0
rs12273290	chr11	46340428	0	0	0	1	0	0	0	0	0	1
rs12292297	chr11	48308242	0	0	0	1	0	0	0	0	0	0
rs12303671	chr12	124008063	1	1	0	0	1	0	1	0	0	0
rs12355452	chr10	18582521	0	0	1	0	0	0	0	0	0	0
rs12356125	chr10	18618998	1	0	1	0	1	0	0	0	1	0
rs12357063	chr10	18514409	0	0	0	0	0	1	0	0	0	0
rs12360345	chr10	18582520	0	0	1	0	0	0	0	0	0	0
rs12361880	chr11	134033017	1	1	1	0	1	1	1	1	1	1
rs12366611	chr12	122122940	1	1	1	0	0	1	1	1	1	1
rs12416687	chr10	102869254	1	1	1	0	1	1	1	1	1	1
rs12429906	chr13	58231239	0	0	0	0	0	1	0	0	0	0
rs12466788	chr2	174072123	0	0	0	0	0	0	1	0	0	1
rs12469319	chr2	172092378	0	1	0	0	0	1	1	1	1	1
rs12474587	chr2	161946483	1	0	0	0	1	0	0	0	0	0
rs12484315	chr22	41561212	1	1	1	0	1	1	1	1	1	1
rs12485198	chr22	41621056	1	1	1	1	1	1	1	1	1	1
rs12490667	chr3	53259970	0	0	0	0	0	0	0	1	1	1
rs12498839	chr4	175810250	1	0	0	0	0	1	0	0	0	0
rs12500012	chr4	175943850	0	1	0	0	1	0	0	1	0	1
rs12519134	chr5	152277536	1	0	0	0	0	0	0	0	0	0
rs12529170	chr6	164764492	0	0	0	0	0	0	0	1	0	0
rs12536382	chr7	127588674	1	1	1	1	1	1	1	1	1	1
rs12540215	chr7	131928294	0	0	0	0	0	1	0	0	0	0
rs12541	chr11	124753596	0	0	0	0	0	1	0	0	1	0
rs12545278	chr8	34663764	0	0	0	0	0	0	0	0	1	1
rs12547489	chr8	34663805	0	0	0	0	0	0	0	0	1	1
rs12548518	chr8	64761482	1	0	0	0	0	0	0	0	0	0
rs12549337	chr8	1080187	0	1	0	0	0	1	1	0	1	1
rs12563240	chr1	201016820	1	1	1	0	0	1	1	1	1	1
rs12575519	chr11	46370052	1	1	1	0	1	1	1	1	1	1
rs12593363	chr15	89241885	0	0	0	0	0	0	1	0	0	0
rs1261877	chr11	113123959	0	0	0	0	0	0	1	0	0	0
rs1261878	chr11	113137598	0	1	1	0	0	0	0	0	0	1
rs12624309	chr2	25215016	0	0	0	0	0	0	0	0	0	1
rs12638716	chr3	162072577	0	0	1	0	0	0	0	0	0	0
rs12642628	chr4	33722640	1	0	1	0	1	1	1	1	1	0
rs12655993	chr5	152694529	0	0	0	0	0	0	0	1	0	1
rs12656571	chr5	109742339	0	1	1	0	0	0	1	1	1	1
rs12675948	chr8	110585867	1	0	0	0	0	0	0	0	0	0
rs12677898	chr8	27655269	0	1	0	0	0	1	0	1	0	1
rs12678205	chr8	38382490	1	1	1	1	1	1	1	1	1	1
rs12681196	chr8	38379076	0	0	0	0	0	1	0	0	0	0
rs12712498	chr2	22500415	1	0	0	0	1	0	0	0	0	0
rs12713779	chr2	72940421	0	0	0	0	0	0	0	0	1	0
rs12740031	chr1	71756804	0	0	0	0	1	0	0	0	0	0
rs12742848	chr1	243285298	0	0	0	1	0	0	0	0	0	0
rs12752825	chr1	243851993	1	0	1	0	0	0	0	0	0	0
rs12759771	chr1	71756643	0	0	0	0	1	0	0	0	0	0
rs12792040	chr11	124754254	0	0	0	0	0	1	0	0	0	0
rs12792462	chr11	133933740	0	0	0	0	0	1	1	0	0	1
rs12823740	chr12	123973455	1	1	1	1	1	1	0	1	1	1
rs12834723	chrX	6120393	0	0	0	0	0	1	0	0	0	0
rs12866015	chr13	58079231	0	0	0	0	0	0	0	1	0	0
rs12880077	chr14	103540005	0	0	1	0	0	0	0	0	0	0
rs12880224	chr14	103540077	0	0	1	0	0	0	0	0	0	0
rs12883668	chr14	103391613	1	0	0	0	0	0	1	0	0	1
rs12885878	chr14	103541218	1	1	1	0	0	1	1	1	1	1
rs12891288	chr14	103533413	0	0	0	0	0	1	0	0	0	0
rs12891360	chr14	103541822	1	1	1	0	1	0	0	0	0	0
rs12893668	chr14	103551456	0	0	0	0	0	1	0	0	0	0
rs12894657	chr14	103722583	0	0	1	0	0	0	0	0	0	0
rs12894729	chr14	103568955	0	1	0	0	0	1	1	1	0	1
rs12904605	chr15	84658188	1	1	1	1	1	1	1	1	1	1
rs12932628	chr16	89566317	1	0	0	0	0	1	1	0	0	1
rs12938078	chr17	57665916	0	1	0	0	0	0	1	0	0	1
rs12943085	chr17	45757116	0	1	0	0	0	1	0	1	0	0
rs1296346	chr6	69350333	1	0	0	0	0	0	0	0	0	0
rs12966547	chr18	55084786	0	0	0	0	0	0	1	0	0	0
rs12969453	chr18	55084477	0	0	0	0	0	0	1	0	0	0
rs12986980	chr2	27807570	0	0	0	0	0	1	0	0	0	0
rs12988249	chr2	58238103	0	0	1	0	0	0	0	0	0	0
rs12991836	chr2	144383974	1	0	0	0	0	0	0	0	0	0
rs12996247	chr2	22451350	0	1	0	0	0	0	1	1	0	1
rs13002074	chr2	48280001	0	0	1	0	0	0	0	0	0	0
rs13009259	chr2	144404335	0	1	0	0	0	0	1	0	0	0
rs13013418	chr2	144444808	1	1	0	0	1	0	1	1	1	1
rs13015195	chr2	48530444	1	1	1	0	1	1	1	1	1	1
rs13018418	chr2	174158640	0	1	0	0	0	0	1	1	0	1
rs13057094	chr22	42074313	1	1	1	0	0	1	1	1	1	1
rs13059189	chr3	53254459	0	0	0	1	0	0	0	1	0	0
rs13072361	chr3	162054681	0	0	0	0	0	1	0	0	0	0
rs13092557	chr3	181051359	0	0	0	0	0	0	1	0	0	1
rs13133476	chr4	33936388	0	0	0	0	1	0	0	0	0	0
rs13142920	chr4	175807463	1	0	0	0	0	0	1	0	0	0
rs13149360	chr4	34108823	0	0	1	0	0	0	0	0	0	0
rs13156828	chr5	153197356	0	0	0	0	0	1	0	0	0	0
rs13164092	chr5	138505171	1	1	1	0	0	1	0	1	0	0
rs13174863	chr5	139701160	0	1	1	0	0	1	1	1	1	1
rs13187261	chr5	152907179	0	0	0	0	0	1	1	0	0	0
rs1320781	chr7	86407121	0	0	1	0	0	0	0	0	1	0
rs13227554	chr7	2008585	1	0	0	0	1	0	0	0	0	0
rs13230189	chr7	137388513	1	0	0	0	0	0	0	0	0	0
rs13234894	chr7	137384089	1	0	0	0	0	0	0	0	0	0
rs13244007	chr7	133576071	1	1	1	0	1	0	0	1	1	1
rs132582	chr22	39592170	1	0	0	0	0	0	0	0	0	0
rs1328488	chr6	92557812	1	0	0	0	0	0	0	0	0	0
rs1328489	chr6	92558073	1	0	0	0	0	0	0	0	0	0
rs13293831	chr9	126902860	1	0	0	0	0	0	0	0	0	0
rs1330748	chr13	58592441	0	0	0	0	1	0	0	0	0	0
rs13317	chr8	38411996	0	0	1	0	0	0	0	0	0	0
rs133303	chr22	41999238	0	1	1	0	0	1	1	0	0	0
rs133375	chr22	42070505	1	1	1	1	1	1	1	1	1	1
rs133377	chr22	42070946	1	1	1	1	1	1	1	1	1	1
rs133381	chr22	42074604	1	1	1	0	0	1	1	1	1	1
rs13376011	chr1	174106636	0	0	0	0	1	0	0	0	0	0
rs13390935	chr2	232930724	0	0	0	0	1	0	0	0	0	0
rs13400104	chr2	232945489	1	0	0	0	0	0	0	0	0	0
rs13419191	chr2	2325568	0	1	1	0	0	0	0	0	0	0
rs13420827	chr2	25231099	0	0	1	0	0	0	0	0	0	0
rs13427202	chr2	25273971	0	0	0	1	0	0	0	0	0	0
rs13435212	chr4	117918748	0	0	0	0	1	0	0	0	0	0
rs13436896	chr5	139687513	0	0	1	0	0	1	1	1	1	1
rs13439478	chr8	33554518	0	0	0	1	0	0	0	0	0	0
rs1350616	chr4	117778480	0	0	0	0	0	1	0	0	0	0
rs1352162	chr1	243554380	1	0	0	0	0	0	0	0	0	0
rs13596	chr1	8361143	1	0	1	0	0	0	1	0	0	1
rs1365312	chr12	108194353	0	0	0	0	0	0	1	0	0	0
rs1371832	chr18	55415005	1	1	1	0	1	1	1	1	1	1
rs1378042	chr4	33650027	0	0	0	0	0	0	1	0	0	0
rs137903012	chr1	243316734	0	0	1	0	0	1	1	1	1	1
rs1380373	chr4	117815840	0	0	0	0	0	1	0	0	0	0
rs1382573	chr1	150160129	0	0	0	1	0	0	0	0	0	0
rs138886812	chr5	153136892	0	0	0	0	1	0	0	0	0	0
rs1391239	chr6	164555447	1	1	1	0	1	0	0	1	0	0
rs139631958	chr13	57741206	1	1	1	0	1	1	1	1	1	1
rs1396862	chr17	45825631	0	0	1	0	0	0	0	0	0	0
rs139889128	chr1	98057231	0	0	0	0	0	0	0	1	0	0
rs140025566	chr12	122097946	0	0	1	0	1	1	1	1	1	0
rs140163079	chr11	45908733	1	0	1	0	0	1	0	0	1	0
rs140310911	chr1	243554633	1	0	0	0	0	0	0	0	0	0
rs140572040	chr11	46667632	0	0	1	0	0	0	0	0	0	0
rs140589352	chr1	201008899	0	0	0	0	0	1	0	0	0	0
rs140805448	chr5	153299974	1	0	0	0	0	1	1	0	0	1
rs140887381	chr11	46294028	0	0	1	0	0	0	0	0	0	0
rs1417121	chr1	243506048	1	0	0	1	0	0	1	0	0	0
rs141758483	chr11	46489927	1	0	1	0	1	1	0	0	0	1
rs141803204	chr1	243760575	1	0	0	0	0	0	0	0	0	0
rs141958336	chr19	2165384	1	1	1	1	0	1	1	1	1	1
rs1420045	chr16	9820562	0	1	1	0	0	0	0	1	1	1
rs142710744	chr1	43651505	0	0	0	0	0	0	1	0	1	1
rs143590968	chr15	89370026	1	0	1	0	0	1	1	1	1	1
rs143679453	chr12	122102430	0	1	0	0	0	0	1	0	0	1
rs1438566	chr3	80980187	0	1	0	0	1	0	0	0	0	0
rs14403	chr1	243500591	1	0	0	0	0	0	0	0	0	0
rs1441423	chr4	142953532	0	0	1	0	0	0	0	0	0	0
rs1441428	chr4	142883863	0	0	0	0	1	0	0	0	0	0
rs144358463	chr11	47540689	0	0	0	0	0	1	0	0	0	0
rs1444377	chr4	33716198	1	0	0	0	1	0	0	0	0	0
rs1445183	chr8	34422537	0	0	0	0	0	0	0	0	1	0
rs145224448	chr11	47768845	0	0	0	0	0	0	1	1	0	0
rs145312369	chr2	174260571	0	0	0	0	0	0	1	0	0	1
rs146202776	chr11	133987795	0	1	0	0	0	1	1	1	0	1
rs1462113	chr5	153313731	0	0	0	0	0	1	0	0	0	0
rs1462114	chr5	153313807	0	0	0	0	0	1	0	0	0	0
rs1462115	chr5	153313873	0	0	0	0	0	1	0	0	0	0
rs1467013	chr1	8317768	1	1	1	1	1	1	1	1	1	1
rs1467966	chr17	45907033	0	1	0	0	1	0	0	0	0	0
rs146885144	chr1	28590782	0	0	0	1	0	0	0	0	0	0
rs146913300	chr1	44012661	0	0	0	0	1	0	0	0	0	0
rs1474056	chr11	47611155	0	0	0	1	0	0	0	0	0	0
rs147666686	chr11	46339795	1	1	0	1	0	0	0	0	0	1
rs147802020	chr12	122101036	0	0	0	0	0	0	0	1	0	1
rs1482327	chr6	69128502	1	0	0	0	0	0	0	1	0	0
rs1483221	chr2	47984049	0	0	0	0	0	1	0	0	0	0
rs148683230	chr11	46119871	0	1	1	0	1	1	1	1	1	1
rs149234	chr15	89386376	1	1	0	0	0	1	1	0	0	0
rs149985924	chr13	57734206	1	0	0	0	0	0	0	1	0	0
rs1499894	chr3	71522545	0	0	0	0	0	1	0	0	0	0
rs1499895	chr3	71522516	0	0	0	0	0	1	0	0	0	0
rs150257832	chr11	46305977	1	0	0	0	0	0	0	0	0	0
rs150292	chr15	89392309	0	0	0	0	0	0	1	0	0	1
rs150293	chr15	89391586	1	1	1	0	0	0	1	0	0	0
rs150296	chr15	89398632	1	1	1	0	1	1	0	1	1	1
rs150297	chr15	89398648	1	1	1	0	1	1	0	1	1	1
rs150298	chr15	89399809	1	0	1	0	1	1	0	1	1	1
rs150299	chr15	89400106	1	1	1	0	1	1	1	1	1	1
rs150301	chr15	89402730	0	1	1	0	0	0	1	0	1	1
rs150302	chr15	89403558	1	1	1	0	0	1	1	1	0	0
rs150351	chr15	89387357	0	0	1	0	0	0	1	0	0	0
rs150353	chr15	89384958	0	1	0	0	0	0	1	0	0	0
rs150354	chr15	89402348	1	1	1	0	0	1	1	1	1	1
rs1507147	chr1	201042696	1	1	1	0	1	1	1	1	1	1
rs150956438	chr11	46012152	0	0	0	0	0	0	0	0	0	1
rs150975224	chr22	41562375	1	1	1	0	0	1	1	1	0	1
rs1510137	chr4	142961860	0	1	0	1	0	0	1	0	0	0
rs151239137	chr5	138459033	0	0	0	1	0	0	1	0	0	0
rs151290809	chr1	243722898	1	0	0	0	0	0	0	0	0	0
rs1516582	chr3	80535889	0	0	0	0	0	1	0	0	0	0
rs1516584	chr3	80535597	0	0	0	0	0	1	0	0	0	0
rs1520589	chr3	80746019	0	0	0	0	0	1	0	0	0	0
rs1520590	chr3	80746105	0	0	0	0	0	1	0	0	0	0
rs1523842	chr7	79724733	0	0	0	0	0	0	0	1	0	0
rs1538774	chr1	243381525	1	0	0	0	0	0	0	0	0	0
rs1540840	chr14	99267047	1	1	1	0	1	1	1	1	1	1
rs1541472	chr7	111292683	0	0	0	0	1	1	0	0	0	0
rs1546416	chr1	201040428	0	0	0	0	0	0	0	0	1	0
rs154665	chr16	89624280	0	0	0	1	0	0	0	0	0	0
rs155364	chr5	140966883	1	1	1	1	1	1	1	1	1	1
rs1593304	chr7	131935088	0	1	0	0	0	0	0	1	0	0
rs159960	chr1	8416368	1	0	0	0	0	0	0	0	0	0
rs159961	chr1	8424168	1	1	1	0	1	1	1	1	1	1
rs159969	chr5	153350495	0	1	0	0	0	1	1	1	0	1
rs159972	chr5	153352846	0	1	0	0	0	1	0	0	0	0
rs159973	chr5	153353281	0	1	0	0	0	0	0	0	0	0
rs1608511	chr7	79719704	0	0	0	0	0	0	1	0	0	0
rs1635288	chr17	45679603	1	0	0	0	0	0	0	0	0	0
rs1647181	chr7	137395300	1	0	1	0	0	1	0	1	1	1
rs167924	chr3	107660990	1	0	0	0	0	0	0	0	0	0
rs16830922	chr1	43571453	1	0	0	0	0	0	0	0	0	0
rs16851037	chr1	177302177	1	1	1	0	1	1	1	1	1	1
rs16862442	chr2	174160547	0	1	0	0	0	1	1	1	0	1
rs16866061	chr2	224575127	0	0	0	0	0	0	0	0	1	0
rs16867571	chr5	89447402	0	0	0	0	0	1	0	0	0	0
rs16874961	chr7	137395203	0	0	1	0	0	1	0	0	1	0
rs16917546	chr10	62637778	0	0	0	1	0	0	0	0	0	0
rs16964244	chr19	30493202	0	1	0	0	0	0	1	0	0	1
rs16997690	chrX	6059541	0	1	0	0	0	1	0	1	0	1
rs17008495	chr2	72936879	0	1	0	0	0	0	0	0	1	0
rs17012055	chr2	76019306	0	0	0	0	0	0	0	1	0	0
rs17054757	chr13	58078645	0	0	0	0	0	0	0	1	0	0
rs17057357	chr8	27548099	1	0	0	0	0	0	0	0	0	0
rs17062106	chr4	175823911	1	0	0	0	0	0	0	0	0	0
rs1706746	chr17	45644091	0	0	0	0	0	0	1	0	1	1
rs17104975	chr14	71961917	0	0	0	0	0	1	0	0	0	0
rs17110381	chr12	71908991	0	0	0	0	0	1	0	0	0	0
rs17113588	chr5	152676044	1	0	0	0	1	1	0	0	0	0
rs17114803	chr10	102627177	0	0	1	0	0	0	1	0	0	0
rs17193574	chr13	58328743	0	0	0	0	0	1	0	0	0	0
rs17195098	chr3	36852474	0	0	1	0	0	0	0	0	0	0
rs17197116	chr11	46498752	0	0	0	0	0	1	0	0	0	0
rs17207604	chr5	138595901	0	1	0	0	0	1	0	0	0	0
rs17221259	chr12	14257551	1	1	1	1	1	1	1	1	1	1
rs1724401	chr17	45678491	1	0	0	0	0	0	0	0	0	0
rs17263011	chr13	57741038	1	1	1	0	1	1	1	1	1	1
rs17317701	chr2	174109097	0	0	0	0	0	1	1	0	0	1
rs17319232	chr2	174161264	0	1	0	0	0	0	0	0	0	0
rs17382573	chr11	81465998	1	0	0	0	0	0	0	0	0	0
rs17384174	chr11	81484498	0	1	0	0	0	0	0	1	0	1
rs17452090	chr5	152534385	1	1	0	0	0	0	1	1	0	0
rs17455625	chr5	152676834	1	0	0	0	1	0	0	0	0	0
rs17471624	chr16	89565257	1	1	1	0	0	0	0	1	0	0
rs17509991	chr18	55399953	0	0	0	0	0	0	1	0	1	0
rs17510124	chr18	55401449	1	1	1	0	0	0	1	1	0	1
rs17552639	chr5	154271899	1	0	0	0	0	0	0	0	0	0
rs17563827	chr17	45740856	0	0	1	0	0	0	1	1	0	1
rs17573858	chr17	46013430	0	0	1	0	0	0	0	0	0	0
rs17582398	chr2	155022495	0	0	1	0	0	0	0	0	0	0
rs17592255	chr6	96012692	0	0	1	0	0	0	0	0	0	0
rs17594665	chr18	55396488	1	1	0	0	0	0	1	0	0	0
rs17594721	chr18	55398661	1	0	0	0	0	0	0	0	0	0
rs17609936	chr14	103333762	1	1	1	1	1	1	1	1	1	1
rs17617094	chr14	103427091	0	1	0	0	0	0	1	0	0	1
rs17643450	chr2	155022546	0	0	1	0	0	0	0	0	0	0
rs17650842	chr17	45960125	1	0	0	0	0	0	0	0	0	0
rs17650973	chr17	45966854	1	0	0	0	0	0	0	0	0	0
rs17650991	chr17	45967142	1	0	0	0	0	0	0	0	0	0
rs17651134	chr17	45972974	1	0	0	0	0	0	0	0	0	0
rs17659437	chr1	177337251	0	0	1	0	0	0	0	0	1	0
rs176644	chr15	89370401	1	1	1	0	0	1	1	1	1	1
rs176646	chr15	89375864	1	0	0	0	1	1	1	1	1	1
rs176647	chr15	89378738	1	0	0	0	0	0	0	0	0	0
rs176648	chr15	89396297	1	0	0	0	0	0	0	0	0	0
rs17677434	chr2	144462121	1	0	0	0	1	0	1	0	0	0
rs17687838	chr17	45681682	1	0	0	0	0	0	0	0	0	0
rs17688090	chr17	45687621	1	0	0	0	0	0	0	0	0	0
rs17688126	chr17	45687714	1	0	0	0	0	0	0	0	0	0
rs17688205	chr17	45688986	0	0	0	0	0	0	1	0	1	1
rs17689471	chr17	45815607	0	0	1	0	0	0	1	0	0	0
rs17689918	chr17	45832722	1	1	1	0	0	1	1	1	1	1
rs17690176	chr17	45839407	1	0	0	0	0	0	0	0	0	0
rs17690314	chr17	45842518	0	1	0	0	1	1	1	1	0	1
rs17726121	chr2	172110021	0	0	0	0	0	0	0	0	0	1
rs17731	chr10	3779369	0	0	0	1	0	0	0	0	0	0
rs17748715	chr6	69332153	1	0	0	0	0	0	0	0	0	0
rs17761046	chr17	45681016	1	0	0	0	0	0	0	0	0	0
rs17761387	chr17	45688084	1	1	0	0	0	1	1	1	1	1
rs17763199	chr17	45832817	0	0	1	0	0	0	0	0	1	0
rs17787304	chr11	46000155	1	0	0	0	0	0	0	0	0	0
rs17807744	chr3	36852557	0	0	1	0	0	0	0	0	0	0
rs17811616	chr3	107690541	1	1	0	0	1	1	1	0	0	0
rs1787034	chr11	65615093	1	1	1	1	1	1	1	1	1	1
rs178734	chr7	128074366	0	1	0	0	1	1	1	0	0	1
rs17884001	chr10	102901488	1	0	0	0	1	0	0	0	0	0
rs1789595	chr18	56108023	0	0	0	0	0	0	0	0	0	1
rs1801311	chr22	42090719	1	1	1	1	1	1	1	1	1	1
rs1805611	chr3	181057199	0	1	0	0	0	0	0	0	0	0
rs1805646	chr3	181056885	1	0	1	0	1	0	1	1	0	0
rs181678098	chr16	90019408	1	1	1	1	1	1	1	1	1	1
rs182317	chr15	89400370	1	1	1	0	1	1	1	1	1	1
rs1824849	chr1	150160432	0	0	0	1	0	0	0	0	0	0
rs1824850	chr1	150160235	0	0	0	1	0	0	0	0	0	0
rs183072	chr5	139674448	1	1	1	0	0	1	1	1	1	1
rs184094739	chr2	174248983	1	1	1	1	1	1	1	1	1	1
rs185251440	chr11	47393291	0	0	0	1	0	0	0	0	0	0
rs1858999	chr19	19386860	0	0	0	0	0	0	1	0	0	0
rs1859466	chr5	138439392	1	1	1	1	1	1	1	1	1	1
rs1861221	chr19	56671549	1	1	1	1	1	1	1	1	1	1
rs1862393	chr5	152289209	1	0	0	0	0	0	0	0	0	0
rs1862394	chr5	152289240	1	0	0	0	0	0	0	0	0	0
rs1865690	chr2	25318027	1	0	0	0	0	0	0	0	0	0
rs1870272	chr1	243761441	1	0	0	0	0	0	0	0	0	0
rs187167	chr5	139649415	1	1	1	1	1	1	1	1	0	1
rs187557	chr5	107430639	0	0	0	0	0	0	1	0	0	0
rs1877163	chr6	164796045	1	0	0	0	0	0	0	0	0	0
rs1877164	chr6	164795990	1	0	0	0	0	0	0	0	0	0
rs1877165	chr6	164795961	1	0	0	0	0	0	0	0	0	0
rs187807431	chr2	174072004	0	0	0	0	0	0	1	0	0	1
rs1878287	chr2	232925939	0	1	0	0	0	1	0	0	0	0
rs1878289	chr2	232926898	1	1	0	0	0	0	0	1	1	0
rs1884352	chr1	8477229	0	0	1	0	0	0	0	0	0	0
rs1885459	chr20	38686293	0	0	0	0	0	0	0	0	1	1
rs1885460	chr20	38685827	0	0	0	0	0	0	0	0	1	1
rs1893868	chr11	134662701	0	0	0	0	1	0	0	0	0	0
rs1894713	chr22	41939617	1	0	1	0	0	0	0	0	0	0
rs190163835	chr11	47588455	0	0	0	1	0	0	0	0	0	0
rs191143419	chr11	45866739	1	0	0	0	0	0	0	0	0	0
rs1912151	chr17	45825578	0	0	1	0	0	0	0	0	0	0
rs192230289	chr2	25231235	0	0	1	0	0	0	0	0	0	0
rs192231	chr5	140868954	1	0	0	0	0	0	1	1	0	1
rs1926034	chr10	103069345	1	1	1	0	0	1	0	0	0	0
rs192721	chr8	64378496	1	0	0	0	0	0	0	0	1	1
rs1940171	chr11	124763744	1	1	1	1	1	1	1	1	1	1
rs1953613	chr6	68968025	0	0	1	0	0	0	1	1	1	1
rs1970690	chr18	72107714	0	0	0	0	1	0	0	0	0	1
rs1971862	chr2	174063657	0	0	0	0	0	0	1	0	1	1
rs1975632	chr16	66729843	0	0	1	0	0	0	0	0	0	0
rs1979407	chr3	181458507	0	0	0	0	0	0	0	0	1	0
rs1979408	chr3	181458754	0	1	1	0	0	0	1	1	1	1
rs1984937	chr17	45903164	0	0	0	0	0	0	0	1	0	0
rs1993193	chr18	55489476	1	1	1	0	1	0	1	0	1	1
rs199523	chr17	46771151	0	1	1	0	1	1	1	1	1	1
rs199524	chr17	46771072	0	1	1	0	0	1	1	1	1	1
rs199530	chr17	46759287	1	0	0	0	0	0	0	1	0	0
rs1995681	chr1	201036678	0	0	0	0	1	0	0	0	0	0
rs199627764	chr8	34516519	0	0	0	0	0	1	0	0	0	0
rs1999087	chr13	58408179	0	1	0	0	0	0	1	0	0	0
rs2000852	chr11	133968326	1	0	1	0	0	0	0	1	1	0
rs2000853	chr11	133968522	1	0	1	0	0	0	0	1	1	0
rs2002917	chr10	102671514	0	1	0	0	0	0	0	0	0	0
rs2004202	chr2	232925579	0	1	0	0	0	1	0	0	0	0
rs2004203	chr2	232925737	0	1	0	0	0	1	0	0	0	0
rs2008280	chr1	73351062	1	0	0	0	0	0	0	0	0	0
rs2013233	chr1	200953458	0	0	0	0	0	1	0	0	0	0
rs2016840	chr15	43919670	1	0	0	0	0	0	0	0	0	0
rs2022265	chr6	83583552	0	0	1	0	1	0	0	0	0	0
rs2024774	chr1	8510397	1	0	0	0	0	1	1	1	0	1
rs2034915	chr1	243715201	0	0	0	0	0	0	0	0	0	1
rs2039530	chr1	43548150	0	0	1	0	0	0	0	1	1	1
rs2043273	chr5	138595402	0	1	0	0	0	1	0	0	0	0
rs2046846	chr1	243247516	0	0	0	1	0	0	0	0	0	0
rs2065216	chr13	58475782	0	0	1	0	1	0	0	0	0	0
rs2071305	chr11	47349406	1	1	0	0	0	0	0	0	0	1
rs2077586	chr2	72934422	0	0	0	0	0	0	0	0	1	0
rs2087563	chr1	243254761	1	1	1	1	1	1	1	1	1	1
rs208824	chr15	89384329	0	0	0	0	0	0	0	0	1	0
rs208826	chr15	89383568	1	1	1	0	0	1	1	1	1	1
rs208827	chr15	89399100	1	1	0	0	1	0	1	0	1	1
rs2089805	chr6	164764034	0	0	0	0	0	0	0	1	0	0
rs2106785	chr17	45841739	1	1	0	0	1	1	1	1	1	1
rs2110398	chr2	60273349	0	1	0	0	0	1	1	1	1	1
rs2113890	chr7	131941144	1	0	1	0	0	0	0	0	1	0
rs2118788	chr5	152994461	1	0	0	0	1	0	0	0	0	0
rs2118792	chr5	153130559	0	0	0	0	0	0	0	1	0	0
rs2120677	chr4	33723783	0	1	0	0	0	0	0	0	0	1
rs2123392	chr18	55547634	1	0	0	0	0	1	0	0	0	0
rs2123393	chr18	55547692	1	0	0	0	0	0	0	0	0	0
rs2138110	chr3	80605732	0	0	0	0	0	1	0	0	0	0
rs2138111	chr3	80605845	0	0	0	0	0	1	0	0	0	0
rs2160067	chr2	60273280	0	1	0	0	0	1	1	1	1	1
rs2161123	chr5	109805826	0	0	0	0	1	0	0	0	1	0
rs2176029	chr3	80550774	1	0	0	0	1	0	0	0	0	0
rs2192395	chr7	86357310	0	0	0	0	0	0	1	0	0	0
rs2192932	chr7	105012818	1	1	1	1	1	1	1	1	0	1
rs2195450	chr5	153491449	1	0	0	0	1	0	1	1	0	1
rs2195451	chr5	153459661	0	1	0	0	0	1	1	1	1	1
rs2197478	chr13	58144476	0	0	0	0	0	0	0	0	0	1
rs2209072	chr17	2302425	0	0	0	0	0	0	0	0	0	1
rs2209073	chr17	2302370	0	0	0	0	0	0	0	0	0	1
rs2218501	chr13	58144544	0	0	0	0	0	0	0	0	0	1
rs2220276	chr1	243554290	1	0	0	0	0	0	0	0	0	0
rs2224005	chr6	64286940	0	0	0	0	0	1	0	0	0	0
rs2224006	chr6	64286983	0	0	0	0	0	1	0	0	0	0
rs2224007	chr6	64287001	0	0	0	0	0	1	0	0	0	0
rs2224770	chr17	2302629	0	0	0	0	0	0	0	0	0	1
rs223332	chr4	102869029	1	1	1	1	1	1	1	1	1	1
rs223333	chr4	102868653	0	0	1	0	1	0	0	0	0	1
rs223387	chr4	102828359	1	1	1	1	1	1	1	1	1	1
rs223388	chr4	102828287	1	1	1	1	1	1	1	1	1	1
rs223390	chr4	102827640	1	1	1	1	1	1	1	1	1	1
rs2236657	chr11	134034290	0	1	1	1	1	1	1	1	1	1
rs2236855	chr1	28835487	1	1	1	0	0	1	1	1	1	1
rs2236856	chr1	28835313	1	1	1	0	0	1	1	1	1	1
rs2236857	chr1	28835097	1	1	1	0	0	1	1	1	1	1
rs2236861	chr1	28813244	0	1	0	0	0	0	0	0	0	0
rs2238051	chr12	2198009	1	0	1	0	0	1	0	0	0	0
rs2239030	chr12	2226775	0	0	0	0	0	1	0	0	0	0
rs2239286	chr15	89332812	0	0	0	0	0	0	1	0	0	0
rs2241659	chr8	27442571	0	0	0	0	0	0	0	0	1	0
rs2241660	chr8	27442604	0	0	0	0	0	0	0	0	1	0
rs2241661	chr8	27443104	0	0	0	0	0	0	0	0	1	0
rs2251802	chr1	43451966	0	0	0	0	0	1	1	0	0	1
rs2251804	chr1	43451738	0	0	0	0	0	1	1	0	0	1
rs225241	chr7	128074439	0	1	0	0	1	1	1	0	0	1
rs2258287	chr12	121016510	1	1	1	1	1	1	1	1	1	1
rs2268665	chr6	146424720	0	0	0	0	1	0	0	0	0	0
rs2269524	chr22	42079699	1	1	1	1	1	1	1	1	1	1
rs2271845	chr11	45913702	0	0	1	0	0	0	0	0	0	0
rs2274267	chr14	103563112	1	1	1	1	1	1	1	1	1	1
rs2275154	chr1	243270352	0	0	0	1	0	0	0	0	0	0
rs2275271	chr10	103054405	1	1	1	0	0	1	1	0	1	1
rs2277725	chr18	79934168	0	0	0	1	0	0	0	0	0	0
rs2278829	chr7	137388185	1	0	0	0	0	0	0	0	0	0
rs2279465	chr11	46377988	0	0	0	0	0	1	0	0	1	0
rs2280329	chr11	45909655	1	0	0	0	0	0	0	0	0	0
rs2280370	chr16	89561052	1	1	1	1	1	1	1	1	1	1
rs2280847	chr8	38318669	0	0	0	0	0	0	0	0	1	0
rs2281824	chr14	103333734	1	1	1	1	1	1	1	1	1	1
rs2281825	chr14	103333977	1	1	1	1	1	1	1	1	1	1
rs2281877	chr10	103106305	0	0	1	0	0	0	0	0	1	0
rs2283287	chr12	2189558	0	0	0	0	0	1	0	0	0	0
rs2283288	chr12	2189882	0	0	0	0	0	1	0	0	0	0
rs2283430	chr15	89333005	0	0	0	0	0	0	1	0	0	0
rs2284989	chr5	109740787	0	1	1	0	1	0	0	0	0	1
rs2284990	chr5	109743666	0	0	0	1	0	0	0	0	0	0
rs2292724	chr2	232884968	0	0	0	0	0	1	0	0	0	0
rs2292725	chr2	232885364	0	0	0	0	0	1	0	0	0	0
rs2297786	chr10	102920221	0	0	0	0	0	1	1	0	0	0
rs2297913	chr1	200973306	0	0	0	0	0	0	0	0	1	1
rs2298278	chr10	102630546	0	0	1	0	0	0	0	0	0	0
rs2298896	chr1	28839626	0	0	0	0	0	0	1	0	0	1
rs2298897	chr1	28839325	0	0	0	0	0	0	1	0	0	1
rs2300628	chr6	146423688	0	0	1	0	1	0	0	0	0	0
rs2300999	chr5	109749106	0	0	0	0	0	0	1	0	0	0
rs2303386	chr6	143333488	0	0	0	0	1	0	0	0	0	0
rs2304000	chr8	38429293	0	0	0	0	0	0	0	0	0	1
rs2304204	chr19	49665763	1	1	1	1	1	1	1	1	1	1
rs2304205	chr19	49665670	1	1	1	1	1	1	1	1	1	1
rs2304206	chr19	49665614	1	1	1	1	1	1	1	1	1	1
rs2315271	chr16	9828646	0	0	0	0	0	1	0	0	0	0
rs2322580	chr8	27466209	1	1	1	1	0	1	1	1	1	1
rs2322581	chr8	27466090	1	1	1	1	0	1	1	1	1	1
rs2322583	chr8	27465886	1	1	1	1	0	1	1	1	1	1
rs2322584	chr8	27465874	1	1	1	1	0	1	1	1	1	1
rs2322586	chr8	27465665	1	1	1	1	0	1	1	1	1	1
rs2333325	chr4	175947210	1	0	0	0	0	0	1	0	0	0
rs2333896	chr7	131849057	0	1	0	0	0	1	1	1	0	1
rs2340403	chr1	73370094	0	1	0	0	0	0	0	0	0	0
rs2348424	chr5	152385928	0	0	0	0	0	0	0	1	0	0
rs2350999	chr15	89359324	1	0	0	0	1	0	0	1	0	0
rs2357928	chr10	18260712	1	1	1	0	1	1	1	0	0	0
rs2373208	chr7	86347740	0	0	0	0	0	1	0	0	0	0
rs2373209	chr7	86348211	0	0	0	0	0	1	0	0	0	0
rs2373219	chr7	86407845	0	0	1	0	0	0	0	0	1	0
rs2403194	chr14	103545092	0	0	1	0	0	0	0	0	0	0
rs2411284	chr15	43746701	1	1	1	1	1	1	1	1	1	1
rs242561	chr17	45949182	1	0	1	1	0	1	1	1	1	1
rs2435204	chr17	45910839	1	0	0	0	0	0	0	0	0	0
rs244908	chr16	58631485	0	0	1	0	0	0	0	0	0	0
rs246192	chr16	58510391	0	0	0	0	0	0	0	0	1	0
rs2478978	chr1	43565986	1	1	1	0	1	1	1	1	1	1
rs2482107	chr10	18258402	0	0	0	0	0	1	0	0	0	0
rs2489221	chr10	18258449	0	0	0	0	0	1	0	0	0	0
rs2527312	chr7	71349417	1	1	1	0	0	0	1	1	1	0
rs2555738	chr6	92504872	0	0	0	0	0	1	0	0	0	0
rs2560231	chr5	153299616	1	0	0	0	0	1	1	0	0	1
rs2578303	chr3	81000005	0	0	1	0	0	0	0	0	0	0
rs2586142	chr18	72108264	0	0	0	0	1	0	0	0	0	1
rs2592118	chr2	232927715	1	1	0	0	1	1	1	1	0	1
rs2592127	chr2	232926938	1	1	0	0	0	0	0	1	1	0
rs2609666	chr5	153300106	0	0	0	0	0	0	0	0	0	1
rs2612604	chr8	64418059	1	0	0	0	0	1	1	1	0	0
rs2615152	chr5	153316547	0	0	0	0	0	1	0	0	0	0
rs2660301	chr1	98056029	0	0	0	0	0	1	0	0	0	0
rs2660304	chr1	98046571	1	1	1	0	0	1	1	1	0	0
rs2661868	chr1	8409729	1	0	1	0	1	0	1	1	0	1
rs2668662	chr17	46213393	1	1	1	0	0	1	1	1	1	1
rs2668665	chr17	46212681	1	1	1	0	0	1	1	1	1	1
rs2675959	chr2	232927278	0	1	0	0	0	0	0	1	1	0
rs2675960	chr2	232927399	0	1	0	0	0	0	0	1	1	0
rs2675964	chr2	232928966	0	0	0	0	0	1	0	0	0	0
rs2676415	chr8	33473094	1	1	1	1	1	1	1	1	1	1
rs2683634	chr2	57886860	0	1	1	0	0	0	0	0	0	0
rs2689806	chr7	79772543	0	0	0	0	0	0	1	0	0	0
rs2689810	chr7	79789657	1	0	0	0	1	0	0	0	0	0
rs2696633	chr17	46192693	0	0	0	0	1	0	1	1	1	1
rs2701903	chr8	1054029	1	0	0	0	1	0	0	0	0	0
rs2701905	chr8	1053482	0	0	0	0	1	0	0	0	0	0
rs2701906	chr8	1053316	0	0	0	0	1	0	0	0	0	0
rs2701907	chr8	1053292	0	0	0	0	1	0	0	0	0	0
rs2701908	chr8	1053250	0	0	0	0	1	0	0	0	0	0
rs2707870	chr7	79806130	0	0	0	0	0	0	1	0	0	0
rs2708573	chr7	86321304	0	0	0	0	0	1	0	0	0	0
rs2714640	chr7	79773352	0	0	0	0	0	0	1	0	0	0
rs2714652	chr7	79725143	0	0	0	0	0	0	0	1	0	0
rs2731840	chr5	107425435	0	0	0	0	0	1	1	0	0	0
rs2736990	chr4	89757390	1	0	0	0	1	1	0	0	0	0
rs2741343	chr8	27468610	0	0	0	0	0	0	1	0	0	1
rs2757022	chr6	92406329	0	0	0	0	0	0	1	0	0	0
rs2757023	chr6	92406194	0	0	0	0	0	0	1	0	0	0
rs2757024	chr6	92406184	0	0	0	0	0	0	1	0	0	0
rs2765041	chr14	103525141	0	0	1	0	0	0	0	0	0	0
rs2782638	chr1	43414453	1	0	1	0	0	0	1	0	1	1
rs2782647	chr1	43435787	0	0	0	0	0	0	0	0	0	1
rs2782651	chr1	43455015	1	0	0	0	1	0	0	1	0	0
rs2783971	chr1	243311234	0	0	0	0	0	0	0	0	0	1
rs2784002	chr13	56365881	0	0	0	0	0	1	0	0	0	0
rs2784739	chr1	8437498	0	1	0	0	0	0	1	1	0	1
rs2784740	chr1	8440997	0	0	1	0	0	0	1	0	0	0
rs28138	chr14	71891970	0	0	0	0	0	1	0	0	0	0
rs2819340	chr1	43574039	0	0	1	0	0	0	0	1	1	0
rs28365859	chr17	1400484	1	1	1	1	1	1	1	1	1	1
rs28384701	chr22	41620522	0	1	0	0	0	0	0	0	0	0
rs28394002	chr4	33725053	0	0	0	0	0	0	0	1	0	0
rs28409854	chr4	79271994	1	0	0	0	0	0	0	0	0	0
rs28413956	chr3	162018754	0	0	1	0	0	0	0	0	0	0
rs2842180	chr1	43436245	0	0	0	0	0	0	0	0	0	1
rs28442075	chr11	112963389	1	1	1	0	1	1	1	1	1	1
rs2856268	chr15	89335160	1	1	1	1	1	1	1	1	1	1
rs2859438	chr22	42070976	1	1	1	1	1	1	1	1	1	1
rs28624811	chr22	42131531	0	0	0	0	0	1	0	0	0	0
rs28649009	chr3	177051099	1	1	1	0	1	1	1	0	1	0
rs28676999	chr15	40277683	0	0	0	1	0	0	0	0	0	0
rs28696054	chr4	33726531	1	0	0	0	0	0	0	0	0	0
rs28711203	chr4	79271998	1	0	0	0	0	0	0	0	0	0
rs28737311	chr12	122116742	0	0	0	0	0	0	1	0	0	0
rs2877774	chr14	71973898	1	0	0	0	0	0	0	0	0	0
rs2880986	chr2	232925765	0	1	0	0	0	1	0	0	0	0
rs2882067	chr5	152994921	1	0	0	0	1	0	0	0	0	0
rs2885455	chr11	113165640	0	0	0	0	0	1	0	0	0	0
rs2885456	chr11	113165641	0	0	0	0	0	1	0	0	0	0
rs2888381	chr3	80565728	0	0	0	0	1	0	0	0	0	0
rs2901000	chr2	60274081	0	0	1	0	0	0	0	0	0	0
rs2902891	chr20	38681144	0	0	1	0	0	0	0	0	1	0
rs2904315	chr11	48088396	1	0	1	0	0	0	0	0	0	0
rs2905425	chr19	19364908	0	0	0	1	0	0	1	1	0	1
rs2905426	chr19	19367213	0	0	1	1	0	0	0	0	0	1
rs2905427	chr19	19367214	0	0	1	1	0	0	0	0	0	1
rs2905432	chr19	19373486	0	0	0	1	0	0	0	0	0	0
rs2921705	chr2	232927855	1	1	1	0	1	1	1	1	1	1
rs2926288	chr5	153264409	0	1	0	0	0	0	1	0	0	0
rs2939260	chr5	91669980	0	0	0	0	0	0	0	0	1	0
rs2944590	chr2	232927497	0	0	0	0	0	0	0	1	1	0
rs2944819	chr7	72336647	0	0	1	0	1	0	0	1	0	0
rs2944820	chr7	72336300	0	0	0	0	1	0	0	0	0	0
rs294969	chr5	152218804	0	0	0	0	1	0	0	0	0	0
rs2959100	chr11	45993587	1	1	1	0	1	0	0	1	1	1
rs2959101	chr11	45996588	1	0	0	0	0	0	0	0	0	0
rs2961747	chr5	152535371	0	0	0	0	0	0	0	1	0	0
rs2961757	chr5	152557157	1	1	1	0	1	1	1	1	1	1
rs296177	chr5	153212986	0	1	0	0	0	0	1	0	0	0
rs2964821	chr5	153273965	0	0	0	0	0	1	0	0	0	0
rs2965200	chr19	19365556	0	0	0	1	0	0	1	1	0	1
rs296557	chr1	200984435	1	0	0	0	0	0	0	0	0	0
rs296559	chr1	200983358	0	0	0	0	0	0	1	0	0	0
rs296564	chr1	200975036	1	0	1	0	0	1	0	0	0	0
rs296565	chr1	200974929	1	1	1	0	0	1	1	0	0	1
rs296566	chr1	200974422	1	1	1	0	0	1	1	0	0	1
rs296568	chr1	200972697	0	0	1	0	1	0	0	0	1	0
rs296569	chr1	200972627	1	1	1	0	1	1	1	1	1	1
rs296570	chr1	200972421	1	1	1	0	1	1	1	1	1	1
rs2965949	chr16	89454044	0	0	0	1	0	0	0	0	0	0
rs2965960	chr16	89475387	0	0	0	0	0	1	0	0	0	0
rs2973148	chr5	153264414	0	1	0	0	0	0	0	0	0	0
rs298196	chr8	64384045	1	0	0	0	0	0	0	0	0	0
rs298197	chr8	64384407	1	0	0	0	0	0	0	0	0	0
rs298199	chr8	64385043	0	1	0	0	1	0	0	0	0	0
rs298200	chr8	64385745	1	0	0	0	0	1	0	0	0	0
rs298213	chr8	64378709	1	1	0	0	0	1	1	1	1	1
rs298214	chr8	64380224	1	1	0	0	0	1	1	0	0	0
rs298215	chr8	64380498	1	1	0	0	0	1	1	0	0	0
rs298216	chr8	64380638	1	1	0	0	0	1	1	0	0	0
rs298218	chr8	64382115	1	1	1	0	1	1	1	1	1	1
rs301789	chr1	8409277	1	0	1	0	1	1	1	1	0	1
rs301790	chr1	8409224	1	0	1	0	1	1	1	1	0	1
rs301791	chr1	8408312	0	0	1	0	0	1	1	1	1	1
rs301792	chr1	8408218	0	0	1	0	0	1	1	1	1	1
rs3018003	chr11	134654769	0	0	0	0	0	0	0	0	0	1
rs301802	chr1	8437247	0	1	0	0	0	0	1	1	0	1
rs301803	chr1	8438620	0	1	1	0	0	1	1	1	1	1
rs301806	chr1	8422018	0	0	0	0	0	1	1	0	0	1
rs301807	chr1	8424763	0	1	0	1	0	0	0	0	0	0
rs301819	chr1	8441726	0	0	1	0	0	0	0	0	0	0
rs3018396	chr11	132692599	0	1	0	0	0	0	1	1	0	0
rs3019649	chr11	134636158	0	1	1	0	0	0	0	0	1	0
rs304864	chr5	153341302	0	0	0	0	0	0	1	0	0	0
rs304865	chr5	153341554	0	0	0	0	0	0	1	0	0	0
rs3118119	chr1	150187364	1	0	1	1	0	1	1	1	0	1
rs3132800	chr11	134036067	0	0	0	0	0	1	0	0	0	1
rs3132823	chr11	134036152	0	0	0	0	0	1	0	0	0	1
rs3176149	chr15	89335347	1	1	1	1	1	1	1	1	1	1
rs3198583	chr1	200971052	0	0	0	0	0	1	0	0	0	0
rs3208703	chr1	200970514	0	0	1	0	0	1	0	0	0	0
rs3212035	chr14	103712773	0	0	1	0	0	0	0	0	0	0
rs3212134	chr14	103696791	0	0	1	0	0	0	0	0	0	1
rs3212354	chr16	89917962	1	1	1	1	0	1	1	1	0	1
rs3212357	chr16	89918196	1	1	1	1	0	1	1	1	0	1
rs3212358	chr16	89918331	1	1	1	1	0	1	1	1	1	1
rs322129	chr19	11290429	1	0	0	0	0	0	1	0	0	0
rs322826	chr7	128080871	0	0	1	0	0	0	0	0	0	0
rs322827	chr7	128080472	0	0	1	0	0	0	0	0	0	0
rs322831	chr7	128077602	0	1	1	0	0	0	0	0	1	0
rs322832	chr7	128075850	1	1	0	0	0	1	1	1	0	0
rs322833	chr7	128075113	1	0	0	0	1	0	0	0	0	0
rs324017	chr12	57094031	0	1	0	0	0	1	0	1	0	1
rs329637	chr11	133935690	0	0	0	0	0	0	1	0	0	0
rs329641	chr11	133941501	0	0	1	0	0	0	0	0	1	0
rs329642	chr11	133942404	0	1	1	0	1	0	1	1	0	1
rs329685	chr11	133987583	0	1	0	0	0	0	1	0	0	1
rs33703	chr5	88270914	0	0	0	0	1	0	0	0	0	0
rs337738	chr18	72101018	0	0	1	0	1	0	0	0	0	0
rs337740	chr18	72100838	0	0	1	0	1	0	0	0	0	0
rs34008514	chr17	45756948	0	1	0	0	0	1	0	1	0	0
rs34123446	chr12	122073332	0	0	0	0	0	0	0	1	0	0
rs34130454	chr10	103143881	1	0	0	0	0	0	0	0	0	0
rs34161327	chr14	103390988	1	0	0	0	0	0	1	0	0	1
rs34181358	chr8	27465457	1	1	1	1	0	1	1	1	1	1
rs34186780	chr14	103561258	1	0	0	0	0	0	0	0	0	0
rs34195569	chr17	45756555	0	1	0	0	0	1	0	1	0	0
rs34211253	chr17	45756708	0	1	0	0	0	1	0	1	0	0
rs34235720	chr14	103538631	0	0	1	0	0	0	1	0	1	1
rs34244108	chr5	153148758	0	0	1	0	0	0	1	1	1	1
rs34283254	chr17	45825495	0	0	1	0	0	0	0	0	0	0
rs34297417	chr3	17686795	0	0	0	0	0	0	1	0	0	0
rs34319290	chr8	27547690	1	0	0	0	0	0	0	0	0	0
rs34357760	chr11	28068288	0	0	0	0	0	1	0	0	0	0
rs34381536	chr5	90961575	0	0	0	0	0	0	0	0	0	1
rs34406563	chr11	46377366	0	0	0	0	0	0	0	0	1	0
rs34416056	chr17	45873854	0	0	0	1	0	0	0	0	0	0
rs34419497	chr2	72913722	0	0	0	0	0	1	0	0	0	0
rs34434037	chr16	89564600	1	0	0	0	0	0	0	0	0	0
rs34510678	chr5	139685250	1	1	1	1	1	1	1	1	1	1
rs34530707	chr5	139679431	0	0	1	0	0	0	0	0	0	0
rs34578247	chr2	155145730	1	0	1	0	1	1	0	1	0	0
rs34579278	chr17	45756615	0	1	0	0	0	1	0	1	0	0
rs34611983	chr14	99265394	0	0	0	0	0	1	0	0	0	0
rs34633710	chr14	103543293	1	1	1	0	1	0	1	1	1	1
rs34774173	chr3	53260429	0	0	0	0	0	0	0	0	0	1
rs34799308	chr3	53300118	1	1	1	0	0	1	1	1	1	1
rs34837768	chr6	164554794	1	1	1	0	1	0	0	1	0	0
rs34877519	chr3	2512928	1	1	1	0	1	0	1	1	1	0
rs34888090	chr17	57664675	0	0	0	0	1	0	0	0	0	0
rs34896432	chr14	103561658	1	0	0	0	0	0	0	0	0	0
rs35026580	chr14	103576416	0	0	1	0	0	1	1	1	1	1
rs35032109	chr3	181111864	0	1	0	0	0	0	0	0	0	0
rs35065479	chr17	57659374	0	0	0	0	0	0	0	0	0	1
rs35123781	chr5	139685595	1	1	1	1	1	1	1	1	1	1
rs35125642	chr2	174282601	0	0	0	0	0	0	0	1	0	1
rs35151989	chr4	34080161	0	0	0	0	1	0	0	0	0	0
rs35159785	chr15	84135262	0	0	0	0	0	1	0	0	0	0
rs35298938	chr13	58055877	1	0	0	0	0	0	0	0	0	0
rs35304341	chr1	201001921	0	0	0	0	0	0	1	0	0	0
rs35324223	chr11	46381302	1	1	1	1	1	1	1	1	1	1
rs35347860	chr11	28517847	0	0	0	0	0	0	0	1	0	0
rs35360904	chr18	55084066	0	0	0	0	0	0	1	0	0	0
rs35361134	chr7	128104181	1	1	1	1	1	1	1	1	1	1
rs35414747	chr5	156414643	0	1	0	0	0	0	0	1	0	0
rs35498576	chr14	103559556	1	0	0	0	0	0	0	0	0	0
rs35524411	chr6	64049860	0	0	0	0	0	1	0	0	0	0
rs356168	chr4	89753280	1	0	1	0	1	1	0	0	0	0
rs356215	chr4	89715410	1	0	0	0	0	0	0	0	0	0
rs356447	chr5	139653694	1	0	1	0	1	1	1	1	1	1
rs356448	chr5	139653434	1	0	1	1	1	1	1	1	1	1
rs356450	chr5	139675424	1	0	0	0	0	1	0	0	0	1
rs356453	chr5	139673978	1	1	1	0	0	1	1	1	1	1
rs356461	chr5	139633592	1	1	1	1	1	1	1	1	1	1
rs356465	chr5	139645937	0	0	0	0	1	0	0	0	0	0
rs356470	chr5	139640337	1	1	1	0	1	0	1	1	0	1
rs35708928	chr5	153136850	0	0	0	0	1	0	0	0	0	0
rs35799018	chr14	103427138	0	1	0	0	0	0	1	1	0	1
rs35830319	chr1	28437781	0	0	0	0	0	0	0	0	1	0
rs35862113	chr14	103390892	1	0	0	0	0	0	1	0	0	1
rs35879086	chr17	45753016	0	0	0	0	0	1	0	0	0	0
rs35963522	chr6	164608786	0	1	0	0	0	0	0	1	0	0
rs36013966	chr8	88290219	0	0	1	1	0	0	0	0	0	0
rs36047693	chr17	45756458	0	1	0	0	0	1	0	1	0	0
rs36157560	chr12	122104807	0	0	0	1	0	0	0	0	0	0
rs36168754	chr12	122105278	0	0	0	1	0	0	0	0	0	0
rs366858	chr17	45649222	1	0	0	0	0	0	0	0	0	0
rs37037	chr16	58630698	1	0	0	0	1	0	0	0	0	0
rs3738255	chr1	200972588	1	1	1	0	1	1	1	1	1	1
rs3739152	chr2	174072739	0	0	0	0	0	0	1	0	0	1
rs3739252	chr8	38270250	0	0	0	0	0	0	0	0	1	0
rs3739554	chr9	127178366	0	0	0	1	0	0	0	0	0	0
rs3740400	chr10	102869708	1	1	1	0	1	1	1	1	1	1
rs3742457	chr14	103279636	0	0	0	0	0	1	1	0	0	1
rs3744345	chr17	12987955	0	1	0	0	0	0	0	0	0	0
rs37454	chr1	43828739	0	0	1	0	0	0	0	0	0	0
rs37455	chr1	43828556	0	0	1	0	0	0	0	0	0	0
rs3748848	chr1	153928826	0	0	1	0	0	0	0	0	0	0
rs3748849	chr1	153928673	0	0	1	0	0	0	0	0	0	0
rs3749051	chr2	2331105	0	1	1	0	0	1	1	1	0	1
rs3756338	chr5	140800976	0	1	0	0	0	1	1	1	0	1
rs3756339	chr5	140800952	0	1	0	0	0	1	1	1	0	1
rs3756340	chr5	140800866	0	1	0	0	0	1	1	1	0	1
rs3756597	chr5	109739808	1	0	0	0	0	0	1	1	1	0
rs3756761	chr5	138335369	0	0	0	0	0	0	0	0	1	0
rs3756764	chr5	138336865	0	0	0	0	0	0	1	0	0	0
rs3756766	chr5	138337478	0	1	0	0	0	0	1	0	0	0
rs3757753	chr7	128066983	0	0	0	0	0	0	0	0	1	0
rs3757755	chr7	128066629	0	0	0	0	0	0	0	0	1	0
rs3759579	chr14	103384935	1	1	1	1	1	1	1	1	1	1
rs3759921	chr15	89221389	0	0	1	0	0	0	0	0	1	0
rs3759922	chr15	89221341	0	0	1	0	0	0	0	0	1	0
rs3768886	chr2	224585444	1	1	1	1	1	1	1	1	1	1
rs3770752	chr2	37348993	0	0	0	0	0	0	0	0	1	0
rs3770754	chr2	37348238	0	0	0	0	1	0	0	0	0	0
rs3779870	chr8	64606609	0	0	1	0	1	0	0	0	0	0
rs3783400	chr14	103500708	1	1	1	0	1	1	1	1	1	1
rs3788566	chr22	39610019	0	0	0	0	0	0	0	1	0	0
rs3788567	chr22	39610030	0	0	0	0	0	0	0	1	0	0
rs3789023	chr11	45901139	1	1	1	0	1	0	1	1	1	1
rs3791036	chr1	43689712	1	0	0	0	0	0	0	0	0	0
rs3791045	chr1	43765214	0	0	0	0	0	0	1	0	0	1
rs3791046	chr1	43766136	0	0	0	0	0	0	1	0	0	0
rs3795310	chr1	8371547	1	0	0	0	0	0	0	0	0	1
rs3797695	chr5	109741816	0	1	1	0	0	0	1	1	1	1
rs3798153	chr5	138446515	0	0	0	0	0	0	1	0	0	0
rs3803526	chr15	89361961	1	0	0	0	1	1	0	0	0	1
rs3803527	chr15	89362063	1	1	1	0	1	1	1	1	1	1
rs3803528	chr15	89362102	1	1	1	0	1	1	1	1	1	1
rs3806845	chr5	140801152	0	1	0	0	0	1	1	1	0	1
rs3808058	chr7	128028018	1	1	1	0	1	0	1	1	1	1
rs3811522	chr2	48440605	1	1	1	1	1	1	1	1	1	1
rs3811983	chr5	153492525	0	1	1	0	0	1	0	0	0	0
rs3813567	chr15	78642209	0	1	0	0	0	0	0	1	0	1
rs3815563	chr9	93450864	0	0	0	0	0	1	0	0	1	0
rs3818802	chr1	243286579	0	0	0	1	0	0	0	0	0	0
rs3820898	chr2	174248784	1	1	1	1	1	1	1	1	1	1
rs3822346	chr5	140807737	1	0	1	0	0	0	0	0	0	0
rs3822742	chr5	139679432	0	0	1	0	0	0	0	0	0	0
rs3823752	chr7	104984179	1	1	1	1	1	1	1	1	1	1
rs3828149	chr1	43585125	0	1	0	0	0	1	1	1	1	1
rs3828150	chr1	43585185	0	1	0	0	0	1	1	1	1	1
rs3828595	chr5	153492161	1	1	1	0	1	1	1	1	0	1
rs3830078	chr11	124737639	1	0	0	0	0	0	0	0	0	0
rs3847503	chr11	47442967	1	0	0	0	1	1	0	0	0	0
rs385691	chr17	45648759	1	0	0	0	0	0	0	0	0	0
rs3861678	chr14	103855689	0	0	0	0	0	0	1	1	0	0
rs3885074	chr17	45825372	0	0	1	0	0	0	0	0	0	0
rs3885075	chr17	45825433	0	0	1	0	0	0	0	0	0	0
rs3893083	chr11	134036899	1	1	0	1	1	1	1	0	1	1
rs3904682	chr1	243256127	1	1	1	1	1	1	1	1	1	1
rs3904683	chr1	243253223	0	1	0	0	1	0	0	0	1	0
rs3924935	chr4	34077033	0	0	0	0	0	1	0	1	0	0
rs3959918	chr5	154271453	1	0	0	0	0	0	0	0	0	0
rs3961457	chr10	102669882	0	0	0	0	0	0	0	0	1	0
rs4073513	chr11	46049702	1	0	0	0	0	0	0	0	0	0
rs4078027	chr16	66751978	1	1	1	1	1	1	1	1	1	1
rs4078484	chr1	50115151	0	0	0	0	0	0	0	1	0	0
rs41266951	chr2	232776300	0	0	0	0	0	0	0	0	1	0
rs41267497	chr1	201043469	1	1	1	0	1	1	1	1	1	1
rs41267501	chr1	201061931	0	0	0	0	0	1	1	0	0	0
rs41267505	chr1	201085069	0	1	1	1	1	0	1	0	1	1
rs41270373	chr1	43452217	0	0	0	0	0	1	1	0	0	1
rs41280116	chr17	45825476	0	0	1	0	0	0	0	0	0	0
rs4128242	chr18	55080458	1	1	0	0	1	0	0	1	0	0
rs4131583	chr2	174217580	0	0	0	0	0	0	1	0	0	0
rs4131791	chr18	55080640	1	0	0	0	1	0	0	0	0	0
rs4132014	chr13	57734082	1	0	0	0	0	0	0	1	0	0
rs4141858	chr7	131935407	0	1	0	0	0	0	0	1	0	0
rs4144718	chr11	46012098	0	0	0	0	0	0	0	0	0	1
rs4144797	chr2	232697487	1	1	1	1	1	1	1	1	1	1
rs4146428	chr10	102641964	1	1	1	1	1	1	1	1	1	1
rs4146429	chr10	102641875	1	1	1	1	1	1	1	1	1	1
rs4151680	chr5	140807072	0	1	0	0	0	1	1	1	0	1
rs417051	chr1	28822623	0	1	0	0	0	0	1	0	0	1
rs4237089	chr8	34633875	0	0	0	0	0	0	1	0	0	0
rs4238849	chr16	4488113	0	0	0	0	0	0	0	0	0	1
rs4243834	chr3	17841176	1	1	1	1	1	1	1	1	1	1
rs427123	chr1	6727215	0	0	0	0	0	0	1	0	0	1
rs4291	chr17	63476833	0	1	1	0	1	1	0	0	1	1
rs4292	chr17	63476980	1	1	1	0	0	1	1	1	1	1
rs4293666	chr3	30029954	0	1	0	0	1	1	1	1	0	1
rs4295	chr17	63478937	0	0	1	0	0	1	1	1	1	1
rs4295021	chr2	161975246	0	0	0	1	0	0	0	0	0	0
rs4300086	chr9	36329303	0	1	1	0	0	0	1	0	0	1
rs4318227	chr16	29973518	1	1	1	1	1	1	1	1	1	1
rs4327090	chr17	45825175	0	0	1	0	0	0	0	0	0	0
rs4335754	chr15	89359151	1	1	1	1	1	1	1	1	1	1
rs4335809	chr17	45824850	0	0	1	0	0	0	0	0	0	0
rs4336891	chr1	43660769	0	0	0	0	0	0	1	0	0	1
rs4341787	chr17	45825139	0	0	1	0	0	0	0	0	0	0
rs434428	chr17	45648318	1	0	0	0	0	0	0	0	0	0
rs434598	chr17	45648396	1	0	0	0	0	0	0	0	0	0
rs4348166	chr4	117784325	0	0	0	0	1	0	0	0	0	0
rs434971	chr17	45648626	1	0	0	0	0	0	0	0	0	0
rs4351236	chr6	64225278	0	0	1	0	0	0	0	0	0	0
rs4380889	chr8	33805863	1	1	1	0	1	1	1	1	1	1
rs4391122	chr5	61302716	0	0	0	0	0	1	0	0	0	0
rs439151	chr19	11293694	1	1	1	1	1	1	1	1	1	1
rs4407620	chr5	152532875	1	1	1	0	1	1	1	1	0	1
rs4412719	chr11	48080108	0	0	0	1	0	0	0	0	0	0
rs4417256	chr11	28476092	0	1	1	0	1	0	0	1	1	1
rs4450280	chr13	58239029	0	0	0	0	1	0	0	0	1	0
rs4450831	chr3	162019605	0	1	0	0	0	0	0	1	1	1
rs4451855	chr13	58638024	0	0	0	0	0	0	1	0	0	0
rs4454232	chr7	128135676	1	1	1	1	1	1	1	1	1	1
rs4461585	chr4	117783765	0	0	0	0	1	0	0	0	0	0
rs4465094	chrX	5998718	1	0	0	0	1	0	0	0	0	0
rs4471400	chr11	28628549	0	0	0	0	0	1	0	0	0	0
rs4475248	chr5	152533138	1	1	1	0	1	1	1	1	0	1
rs448830	chr17	45647846	1	0	0	0	0	0	0	0	0	0
rs4505893	chr4	117908340	1	0	1	0	1	0	0	0	0	0
rs4506023	chr6	164859944	1	0	0	0	0	1	0	0	0	0
rs4523180	chr7	131934934	0	1	0	0	0	0	0	1	0	0
rs4523962	chr17	45825156	0	0	1	0	0	0	0	0	0	0
rs4531621	chr13	58144528	0	0	0	0	0	0	0	0	0	1
rs4547694	chr3	50259898	1	1	1	1	1	1	1	1	1	1
rs4548740	chr13	58239116	0	0	0	0	1	0	0	0	1	0
rs4548755	chr13	58300770	1	0	0	0	0	0	0	0	0	0
rs455028	chr17	45649208	1	0	0	0	0	0	0	0	0	0
rs4565870	chr11	46328319	0	0	0	0	0	0	0	1	0	1
rs4568305	chr4	117784084	0	0	0	0	1	0	0	0	0	0
rs4569857	chr5	152533184	1	1	1	0	1	1	1	1	0	1
rs4569942	chr6	164860326	1	0	0	0	0	1	0	0	0	0
rs4585377	chr4	117783849	0	0	0	0	1	0	0	0	0	0
rs4591014	chr13	58637987	0	0	0	0	0	0	1	0	0	0
rs4594793	chr4	117784121	0	0	0	0	1	0	0	0	0	0
rs4595575	chr11	113165779	0	0	0	0	0	1	0	0	0	0
rs4612286	chr7	131869369	1	0	0	0	0	0	0	1	0	1
rs4637136	chr2	161954676	1	0	0	0	1	0	1	0	0	0
rs4639310	chr6	164860259	1	0	0	0	0	1	0	0	0	0
rs4642079	chr3	30018105	0	0	0	0	1	0	0	0	0	0
rs4647907	chr8	38430037	0	1	0	0	0	0	0	1	1	1
rs4648844	chr1	2443319	0	0	0	0	0	0	0	0	0	1
rs4650118	chr1	71690397	0	1	0	0	0	0	0	1	0	0
rs4654375	chr1	28828321	0	0	0	0	0	0	0	0	0	1
rs4658570	chr1	243447999	0	0	0	0	0	0	0	1	0	1
rs4658571	chr1	243448644	0	0	0	1	0	0	0	0	0	0
rs4666013	chr2	27796239	0	0	0	0	0	1	0	0	0	0
rs4666014	chr2	27796308	0	0	0	0	0	1	0	0	0	0
rs4666015	chr2	27796500	0	0	0	0	0	1	0	0	0	0
rs4671378	chr2	60267177	0	0	0	0	0	0	0	0	0	1
rs4672375	chr2	60266350	0	0	0	0	0	0	0	0	1	1
rs4672376	chr2	60267210	0	0	0	0	0	0	0	0	0	1
rs4672378	chr2	60274722	0	0	1	0	0	0	0	0	0	0
rs4690740	chr4	142960579	1	0	0	0	0	0	0	0	0	0
rs4698874	chr4	103009354	1	1	1	0	1	1	1	1	1	1
rs4699046	chr4	103004514	0	0	0	0	0	0	1	0	0	1
rs4699047	chr4	103005385	0	0	0	0	1	0	1	0	0	1
rs4702	chr15	90883330	0	0	0	0	0	0	1	1	0	0
rs4709862	chr6	164564587	0	0	0	0	0	0	0	0	1	0
rs4709896	chr6	164793622	1	0	0	0	0	0	0	0	0	0
rs4709898	chr6	164794710	1	0	0	0	0	0	0	0	0	0
rs4709899	chr6	164794744	1	1	0	0	0	0	0	1	0	0
rs4710468	chr6	64204827	0	0	0	0	0	1	0	0	0	0
rs4710469	chr6	64204875	0	0	0	0	0	1	0	0	0	0
rs472792	chr5	153491624	1	1	0	0	1	1	1	1	0	1
rs4733459	chr8	33806275	1	1	1	0	1	1	1	1	1	1
rs4734654	chr8	102657763	0	1	1	1	0	1	0	1	0	1
rs4735981	chr8	1068437	0	1	1	0	0	1	1	1	0	1
rs4752786	chr11	47606984	1	0	0	0	0	0	0	0	0	0
rs4752817	chr11	46977396	1	1	1	0	1	1	1	1	1	1
rs4755346	chr11	45896229	0	1	1	0	0	1	1	0	1	0
rs4758688	chr12	122131552	1	1	1	1	1	1	1	1	1	1
rs4765305	chr12	123946065	1	0	0	0	0	0	0	0	0	0
rs4785781	chr16	90082571	1	1	1	1	1	1	1	1	1	1
rs478606	chr13	38286944	1	0	0	0	0	0	0	0	0	0
rs4786489	chr16	4435526	0	0	0	0	0	0	1	0	0	1
rs4786505	chr16	4487892	0	0	0	0	0	0	0	0	0	1
rs4793888	chr17	57660379	0	0	0	0	0	0	1	1	0	0
rs4793891	chr17	57675456	0	0	0	0	0	0	1	1	0	0
rs479750	chr3	161747307	0	0	0	0	0	0	1	0	0	0
rs4799108	chr18	79911830	0	1	0	0	0	1	1	1	0	0
rs4805577	chr19	30547313	0	1	0	0	0	0	0	1	0	0
rs4808959	chr19	19461299	1	1	1	1	1	1	1	1	0	1
rs4820451	chr22	41975329	0	0	0	0	0	1	0	0	0	0
rs4822074	chr22	41966453	1	1	0	0	1	1	1	1	0	1
rs4822088	chr22	42074585	1	1	1	0	0	1	1	1	1	1
rs482314	chr3	161747091	0	0	0	0	0	0	1	0	0	0
rs4833552	chr4	117746407	0	0	0	0	1	0	0	0	0	0
rs4834634	chr4	117746515	0	0	0	0	1	0	0	0	0	0
rs4835682	chr5	138448565	0	0	0	0	1	0	0	0	0	0
rs4835691	chr5	138602884	0	1	1	0	0	0	1	0	1	1
rs4835777	chr5	138334783	0	0	0	0	0	0	0	0	1	0
rs4835778	chr5	138335337	0	0	0	0	0	0	0	0	1	0
rs4835796	chr5	138446426	0	0	0	0	0	0	1	0	0	0
rs4842937	chr15	84145450	1	0	0	0	0	0	0	0	0	0
rs4856623	chr3	80535249	0	0	0	0	0	1	0	0	0	0
rs488002	chr3	161755186	0	0	0	0	1	0	0	0	0	0
rs4886051	chr13	57991277	0	0	0	0	1	0	0	0	0	0
rs489272	chr1	28828454	0	0	0	0	0	0	0	0	0	1
rs4906332	chr14	103513797	0	0	1	0	1	0	0	0	0	0
rs4906379	chr14	103849154	0	0	1	0	0	0	0	0	0	0
rs4908760	chr1	8466082	1	0	1	0	0	0	0	0	0	0
rs4908958	chr3	17686551	0	0	0	0	0	0	1	0	0	0
rs4915210	chr1	200969346	1	0	0	0	0	0	1	0	0	0
rs4917979	chr10	102628953	0	0	1	0	0	0	1	1	1	1
rs4919666	chr10	102624272	0	0	0	0	0	1	0	0	0	0
rs4924732	chr15	44015385	0	0	1	0	0	0	0	0	1	0
rs4926391	chr1	150168687	0	1	1	0	0	0	0	0	0	1
rs4926412	chr1	150166237	1	0	1	1	0	1	1	1	1	1
rs4930725	chr12	123943615	1	1	0	0	0	0	1	1	1	1
rs4930726	chr12	123943784	1	1	0	0	0	0	1	1	1	1
rs4932214	chr15	89197385	0	0	1	0	0	1	1	1	1	1
rs4932216	chr15	89358637	1	1	1	1	1	1	1	1	1	1
rs4932217	chr15	89358801	1	1	1	1	1	1	1	1	1	1
rs4936215	chr11	133982789	0	1	0	0	0	1	0	0	0	0
rs4936216	chr11	133983113	0	1	0	0	0	1	0	0	0	0
rs4936265	chr11	113167283	0	0	0	0	0	0	1	1	0	0
rs4938006	chr11	113289725	1	1	1	0	1	1	1	1	1	1
rs4958559	chr5	152535242	1	1	0	0	0	0	1	1	0	0
rs4958566	chr5	152634501	1	1	1	0	1	1	1	1	1	1
rs4964651	chr12	108190290	1	0	0	0	0	0	0	0	0	0
rs4973566	chr2	232897241	1	0	0	0	1	1	0	1	0	0
rs5002246	chr3	162055478	0	0	0	0	0	1	0	0	0	0
rs500298	chr3	80655819	0	0	0	0	0	0	1	1	0	0
rs501692	chr13	38287102	1	0	0	0	0	0	0	0	0	0
rs502834	chr11	133947438	1	0	1	0	0	1	0	0	1	0
rs514348	chr9	74727947	0	0	1	0	0	0	0	0	1	0
rs517191	chr1	43650795	0	0	0	0	0	1	1	0	1	1
rs518370	chr5	153505802	0	0	1	0	0	0	0	0	0	0
rs524610	chr5	153493420	1	0	1	0	1	0	0	0	0	0
rs527882868	chr2	25216094	1	1	1	1	1	1	1	1	1	1
rs55646970	chr17	45861430	0	0	0	0	0	0	0	1	0	0
rs55653963	chr17	45722143	0	0	0	0	0	0	0	0	1	0
rs55663539	chr19	30550747	0	0	0	0	0	0	0	1	0	0
rs55668363	chr17	45815422	0	0	1	0	0	0	1	0	1	0
rs55669046	chr17	45691135	1	0	0	0	0	0	0	0	0	0
rs55673092	chr17	45861516	0	0	0	0	0	0	0	1	0	0
rs55674356	chr17	13002257	0	1	1	0	0	0	1	1	1	1
rs55694714	chr11	112958606	0	0	0	0	0	0	1	0	0	0
rs55700449	chr19	30491258	0	1	0	0	0	0	1	0	0	0
rs55703821	chr8	38296053	1	0	1	0	0	0	0	0	1	0
rs55723265	chr14	103269377	1	0	0	0	0	0	0	0	0	0
rs55727434	chr6	69166974	0	1	0	0	0	0	1	1	0	1
rs55734908	chr3	117894421	0	0	1	0	0	0	0	0	0	0
rs55751606	chr14	103562469	1	1	1	1	1	1	1	1	1	1
rs55787105	chr17	45775743	0	0	1	0	0	0	0	0	1	0
rs55796824	chr8	38385610	1	1	1	1	1	1	1	0	1	1
rs55798317	chr14	103846205	1	0	0	0	0	1	0	0	0	0
rs55802315	chr1	150166511	1	0	1	1	0	1	1	1	1	1
rs55825263	chr17	13002426	0	1	1	0	0	0	1	1	1	1
rs55884539	chr11	45922610	1	0	0	0	0	1	1	1	1	1
rs55888391	chr17	45860741	0	0	0	0	0	0	0	1	0	0
rs55915917	chr17	45815418	0	0	1	0	0	0	1	0	1	0
rs55930529	chr8	143823571	1	1	1	0	0	1	1	1	1	1
rs55943044	chr17	45794862	0	0	0	0	0	0	0	1	0	0
rs55966277	chr3	181428777	0	0	0	0	0	0	0	1	0	0
rs55972157	chr17	45691337	1	0	0	0	0	0	0	0	0	0
rs55980621	chr17	45691130	1	0	0	0	0	0	0	0	0	0
rs55990599	chr1	243937892	0	0	0	0	0	1	0	0	0	0
rs55995218	chr8	27532511	0	0	0	0	0	0	0	0	1	0
rs56012817	chr5	152535119	1	1	0	0	0	0	1	1	0	0
rs56021911	chr1	201059171	0	0	0	0	0	0	0	0	1	0
rs56027920	chr4	142960157	1	0	0	0	0	0	0	0	0	0
rs56041971	chr12	123996319	0	0	1	0	0	0	0	0	1	1
rs56043078	chr17	45775869	0	0	1	0	0	0	0	0	1	0
rs56046792	chr17	45719880	0	0	0	0	0	0	0	1	0	1
rs56100013	chr17	45691101	1	0	0	0	0	0	0	0	0	0
rs56108300	chr17	46000485	1	0	0	0	0	0	0	0	0	0
rs56110538	chr17	45691361	1	0	0	0	0	0	0	0	0	0
rs56113217	chr17	45849582	0	0	0	0	0	0	0	0	1	0
rs56123858	chr19	30511255	0	1	0	0	0	0	0	1	0	0
rs56150806	chr17	45841935	0	1	0	0	1	1	1	1	0	1
rs56167344	chr17	45719721	0	0	0	0	0	0	0	1	0	1
rs56178230	chr17	45740466	0	0	1	0	0	0	1	1	0	1
rs56181785	chr18	79873629	0	0	0	0	0	0	0	1	0	0
rs56189701	chr17	45910435	1	0	0	0	0	0	0	0	0	0
rs56204450	chr3	117885368	0	0	0	0	0	1	0	0	0	0
rs56205728	chr15	40275036	1	1	1	1	0	1	1	1	1	1
rs56213452	chr7	131843943	0	1	0	0	0	1	1	1	1	1
rs56245849	chr8	27532185	0	0	0	0	0	0	0	0	1	0
rs56256009	chr19	30511275	0	1	0	0	0	0	0	1	0	0
rs56256549	chr3	117893255	0	0	0	0	0	1	0	0	0	0
rs56266951	chr17	13001822	0	1	1	0	0	0	1	1	1	1
rs56282503	chr15	40274558	1	1	1	1	0	1	1	1	1	1
rs56294117	chr17	45965417	1	0	0	0	0	0	0	0	0	0
rs56298562	chr8	27463119	0	1	1	0	0	0	0	1	0	1
rs56301633	chr17	46000484	1	0	0	0	0	0	0	0	0	0
rs56317483	chr17	13001678	0	1	1	0	0	0	1	1	1	0
rs56319902	chr17	45794616	0	0	0	0	0	0	0	1	0	0
rs56319958	chr11	112977446	0	1	1	0	0	1	1	1	0	1
rs56322953	chr8	38385709	0	0	0	1	0	0	0	1	0	0
rs56323832	chr17	45691267	1	0	0	0	0	0	0	0	0	0
rs56328473	chr18	79876101	0	0	0	0	1	0	0	0	0	0
rs56335113	chr1	29954792	1	0	0	0	0	0	0	0	0	0
rs56338821	chr17	13001808	0	1	1	0	0	0	1	1	1	1
rs56369392	chr17	13001611	0	1	0	0	0	0	1	1	0	0
rs56384960	chr17	45740242	0	0	1	0	0	0	1	0	0	1
rs56770229	chr1	201002393	0	0	0	0	0	0	1	0	0	0
rs56852527	chr11	46026833	1	1	0	0	0	1	0	0	0	0
rs56964148	chr5	154271792	1	0	0	0	0	0	0	0	0	0
rs56971664	chr17	45841247	1	0	0	0	0	0	0	0	1	0
rs56986198	chr2	72914569	1	0	0	0	0	0	0	0	0	0
rs57072929	chr4	34084830	0	0	0	0	1	0	0	0	0	0
rs57244653	chr18	55310835	0	0	1	0	0	0	0	0	0	0
rs57272144	chr15	89361137	1	1	0	0	0	1	0	1	0	0
rs57321508	chr11	124758081	1	1	1	1	1	1	1	1	1	1
rs57336534	chr5	152560677	0	1	1	0	0	0	1	0	1	1
rs57389307	chr17	12987398	0	1	1	0	1	0	1	1	0	1
rs57415181	chr2	48480702	1	0	0	0	0	0	0	1	0	1
rs57463770	chr7	128106341	0	0	0	0	1	0	0	0	0	0
rs57477424	chr7	131846616	0	1	1	0	0	0	0	0	1	1
rs5751191	chr22	41974987	0	0	0	0	0	1	0	0	0	0
rs57530083	chr18	55347402	1	1	1	0	1	0	1	1	1	1
rs5757717	chr22	39546229	0	0	1	0	0	0	0	0	0	0
rs5757773	chr22	39691384	1	1	1	0	0	1	1	1	1	1
rs5758527	chr22	41979757	1	0	1	0	0	0	1	0	0	0
rs57659462	chr8	27592713	1	1	1	1	1	1	1	1	1	1
rs57746378	chr14	103257419	1	0	0	0	0	0	0	0	0	1
rs57940266	chr17	12987334	0	1	1	0	1	0	1	1	0	1
rs58426216	chr1	150152425	0	0	1	0	0	0	0	1	0	1
rs585101	chr5	139678869	0	0	1	0	0	0	1	0	1	0
rs585652	chr1	43634239	0	0	0	0	0	0	1	0	0	0
rs585711	chr1	43634192	0	0	0	0	0	0	1	0	0	0
rs58578352	chr17	13003778	0	0	1	0	0	0	0	0	1	0
rs58590184	chr8	27584836	0	0	0	0	0	0	0	0	1	0
rs58644314	chr8	33555163	0	0	0	1	0	0	0	0	0	0
rs58775446	chr6	108562483	1	1	0	1	1	0	0	1	1	1
rs58842254	chr17	13002905	1	1	1	0	1	1	1	1	1	1
rs58896714	chr6	164832573	0	0	1	0	0	0	0	0	1	0
rs58926002	chr8	27592715	1	1	1	1	1	1	1	1	1	1
rs59183289	chr18	79871198	1	0	0	0	0	0	0	0	0	0
rs59321638	chr15	89361454	1	0	0	0	0	0	0	1	0	0
rs593628	chr6	64347688	1	0	0	0	0	0	0	0	0	0
rs594293	chr1	43643528	0	1	0	0	0	0	1	1	0	1
rs5943629	chrX	29257953	1	0	0	0	0	0	0	0	0	0
rs59630847	chr8	33921534	0	0	0	0	0	0	1	0	0	0
rs596677	chr6	64330821	0	0	1	1	1	0	0	0	1	0
rs596767	chr6	64330894	0	0	1	1	1	0	0	0	1	0
rs59682551	chr1	200992755	0	0	0	0	0	0	1	0	1	0
rs596940	chr12	123076184	1	1	0	0	1	0	0	0	1	0
rs59767996	chr13	58408628	0	1	0	0	0	0	1	0	0	0
rs59909085	chr18	55305218	0	0	0	0	0	1	0	0	0	0
rs59945804	chr7	24759020	1	0	0	0	0	0	0	0	0	0
rs5995759	chr22	39610621	0	0	0	0	0	0	0	1	0	0
rs5996087	chr22	41925587	0	0	0	0	0	0	0	0	0	1
rs6002548	chr22	41941036	1	1	1	1	1	1	1	1	1	1
rs6002555	chr22	41947087	1	1	1	1	1	1	1	1	1	1
rs6002592	chr22	42080750	1	0	0	0	0	0	0	0	0	0
rs600848	chr5	139677685	1	1	0	0	1	1	1	1	0	1
rs601324	chr5	139677594	1	1	0	0	1	1	1	1	0	1
rs601336	chr5	139677582	1	1	1	0	1	1	1	1	1	1
rs60150125	chr1	153881594	1	1	1	1	1	1	1	1	1	1
rs601728	chr5	139677491	1	1	1	0	1	1	1	1	1	1
rs60249782	chr14	103594947	1	0	1	0	1	1	1	1	1	1
rs6027258	chr20	38686031	0	0	0	0	0	0	0	0	1	1
rs6027273	chr20	38688467	0	0	0	0	0	0	0	1	0	0
rs6027274	chr20	38688536	0	0	0	0	0	0	0	1	0	0
rs60558877	chr8	38382980	1	0	0	0	1	0	1	0	0	0
rs60584005	chr4	34076747	0	0	0	0	0	1	0	1	0	0
rs606191	chr6	64347457	1	0	0	0	0	0	0	0	0	0
rs6064886	chr20	38692725	0	0	1	0	0	0	0	0	0	0
rs6065078	chr20	38805490	1	1	1	1	0	1	1	1	1	1
rs6071101	chr20	38689335	0	0	0	0	0	0	0	1	0	0
rs60882887	chr11	47454123	1	1	1	1	1	1	1	1	0	1
rs608838	chr11	134031959	0	1	0	0	0	0	0	0	1	0
rs61000762	chr11	47410410	0	0	1	0	0	0	0	0	0	0
rs61006720	chr8	27583400	1	0	0	0	0	1	0	0	0	0
rs61090726	chr18	79871219	1	0	0	0	0	0	0	0	0	0
rs61212882	chr8	33555124	0	0	0	1	0	0	0	0	0	0
rs61259516	chr22	39557229	1	1	1	0	1	1	1	1	0	1
rs61363285	chr9	132054113	0	0	0	0	0	0	1	0	0	1
rs61379910	chr4	169407238	0	0	1	0	1	0	0	0	0	0
rs61384494	chr3	117921813	0	0	1	0	0	0	1	1	1	0
rs61602415	chr18	55347401	1	1	1	0	1	0	1	1	1	1
rs616529	chr5	139660244	1	1	1	0	1	1	1	1	0	1
rs61746002	chr11	47848536	1	1	1	1	1	1	1	1	1	1
rs61817967	chr1	201025232	0	1	0	0	0	1	0	1	0	0
rs61825292	chr1	200959779	0	0	1	0	0	0	0	0	1	0
rs61833906	chr1	243256404	1	0	1	1	1	0	0	0	1	1
rs61882674	chr11	46330716	0	1	0	0	0	1	1	1	1	1
rs61902807	chr11	113474190	0	1	1	0	1	0	1	0	0	1
rs61903975	chr11	113289405	1	1	1	0	1	1	1	1	1	1
rs61903976	chr11	113289482	1	1	1	0	1	1	1	1	1	1
rs619091	chr11	134014242	0	0	1	0	0	0	0	0	1	0
rs61957614	chr13	57860645	0	0	1	0	0	0	0	0	0	0
rs61957654	chr13	58544551	0	0	1	0	0	0	0	0	0	0
rs61957736	chr13	58071474	0	0	0	0	1	0	0	0	0	0
rs61957741	chr13	58079046	0	0	0	0	0	0	0	1	0	0
rs61997568	chr14	103910480	1	1	1	0	1	1	1	1	0	1
rs62022627	chr15	89361315	1	1	0	0	0	0	0	1	0	0
rs62022629	chr15	89362897	1	1	1	0	1	1	1	1	1	1
rs62054378	chr17	45722301	0	0	0	0	0	0	0	0	1	0
rs62054809	chr17	45840873	0	0	0	0	0	0	0	0	1	0
rs62054811	chr17	45841285	1	0	0	0	0	0	0	0	1	0
rs62054818	chr17	45848690	0	0	0	0	0	0	0	0	1	0
rs62054819	chr17	45848783	0	0	0	0	0	0	0	0	1	0
rs62054820	chr17	45849389	0	0	0	0	0	0	0	0	1	0
rs62054824	chr17	45852626	1	1	0	0	0	1	1	1	1	1
rs62054825	chr17	45852667	1	1	0	0	0	1	1	1	1	1
rs62054846	chr17	45861268	0	0	0	0	0	0	0	1	0	0
rs62055491	chr17	45873754	0	0	0	1	0	0	0	0	0	0
rs62055492	chr17	45873979	0	0	0	1	0	0	0	0	0	0
rs62055693	chr17	45679544	1	0	0	0	0	0	0	0	0	0
rs62055697	chr17	45680782	1	0	0	0	0	0	0	0	0	0
rs62055698	chr17	45680872	1	0	0	0	0	0	0	0	0	0
rs62055700	chr17	45681376	1	0	0	0	0	0	0	0	0	0
rs62055701	chr17	45681421	1	0	0	0	0	0	0	0	0	0
rs62055702	chr17	45681424	1	0	0	0	0	0	0	0	0	0
rs62055713	chr17	45687319	1	0	0	0	0	0	0	0	0	0
rs62055714	chr17	45687430	1	0	0	0	0	0	0	0	0	0
rs62055715	chr17	45687481	1	0	0	0	0	0	0	0	0	0
rs62055716	chr17	45688412	0	1	0	0	0	1	1	1	1	1
rs62055754	chr17	45690864	1	0	0	0	0	0	0	0	0	0
rs62055932	chr17	45771046	0	0	0	0	0	1	0	0	0	0
rs62055933	chr17	45771095	0	0	0	0	0	1	0	0	0	0
rs62055935	chr17	45771384	0	0	0	0	0	1	0	0	0	0
rs62055936	chr17	45771395	0	0	0	0	0	1	0	0	0	0
rs62055937	chr17	45771602	0	0	0	0	0	1	0	0	0	0
rs62055947	chr17	45775239	0	0	1	0	0	0	1	0	1	0
rs62055948	chr17	45775255	0	0	1	0	0	0	1	0	1	0
rs62055950	chr17	45775767	0	0	1	0	0	0	0	0	1	0
rs62056778	chr17	45894238	1	1	1	1	1	1	1	1	1	1
rs62056779	chr17	45894571	1	1	1	1	1	1	1	1	1	1
rs62056781	chr17	45896533	1	1	0	0	1	1	0	0	0	0
rs62056782	chr17	45896864	1	1	1	0	1	1	1	1	0	1
rs62056783	chr17	45897183	1	1	1	0	1	1	1	1	0	1
rs62056784	chr17	45897523	0	0	1	0	0	0	1	1	0	1
rs62056802	chr17	45903396	0	0	0	0	0	0	0	1	0	0
rs62056805	chr17	45905997	1	0	0	0	0	0	1	0	0	1
rs62056806	chr17	45906435	1	1	0	0	1	0	1	0	0	1
rs62056807	chr17	45906887	0	1	0	0	1	0	1	0	0	1
rs62056808	chr17	45907280	0	1	0	0	0	0	0	0	0	0
rs62056835	chr17	45911257	1	0	0	0	0	0	0	0	0	0
rs62057073	chr17	45783751	1	1	1	0	1	1	1	1	1	1
rs62057113	chr17	45820083	0	0	1	0	0	0	0	0	0	0
rs62062269	chr17	46013726	0	0	1	0	0	0	0	0	0	0
rs62062270	chr17	46013829	0	0	1	0	0	0	0	0	0	0
rs62062289	chr17	46019869	0	0	0	1	0	0	0	0	0	0
rs62062768	chr17	45942113	0	0	1	0	0	0	1	1	1	1
rs62062769	chr17	45942277	0	0	1	0	0	0	1	1	1	1
rs62062770	chr17	45942314	0	0	1	0	0	0	1	1	1	1
rs62062771	chr17	45942916	0	0	1	0	0	0	0	0	1	0
rs62062772	chr17	45942948	0	0	1	0	0	0	0	0	1	0
rs62062784	chr17	45947186	0	0	1	0	0	0	0	0	1	1
rs62062785	chr17	45947196	0	0	1	0	0	0	0	0	1	1
rs62062786	chr17	45947294	0	0	1	0	0	0	0	0	1	1
rs62062787	chr17	45947499	0	0	1	0	0	0	0	0	1	1
rs62062788	chr17	45947540	0	0	1	0	0	0	0	0	1	1
rs62062793	chr17	45948955	1	0	1	1	0	1	1	1	1	1
rs62062794	chr17	45949028	1	0	1	1	0	1	1	1	1	1
rs62062795	chr17	45949724	0	0	1	1	0	0	0	1	1	1
rs62063280	chr17	45959933	1	0	0	0	0	0	0	0	0	0
rs62063291	chr17	45966012	1	0	0	0	0	0	0	0	0	0
rs62063292	chr17	45966270	1	0	0	0	0	0	0	0	0	0
rs62063293	chr17	45966453	1	0	0	0	0	0	0	0	0	0
rs62063294	chr17	45966791	1	0	0	0	0	0	0	0	0	0
rs62063295	chr17	45967065	1	0	0	0	0	0	0	0	0	0
rs62063306	chr17	45973029	1	0	0	0	0	0	0	0	0	0
rs62063774	chr17	45973097	1	0	0	0	0	1	0	0	0	0
rs62063775	chr17	45973457	1	0	0	0	0	1	0	0	0	0
rs62063776	chr17	45973484	1	0	0	0	0	1	0	0	0	0
rs62064663	chr17	46002673	1	1	1	0	1	1	1	1	1	1
rs62064664	chr17	46004096	1	0	1	0	0	0	1	1	1	1
rs62064665	chr17	46004161	1	0	1	0	0	0	1	1	1	1
rs62091221	chr18	55780015	1	1	1	0	1	1	1	1	1	1
rs62099231	chr18	53198529	0	0	0	0	0	1	0	0	0	0
rs62135193	chr2	48528338	0	0	0	0	0	0	1	0	0	0
rs62174175	chr2	174248278	1	1	1	1	1	1	1	1	1	1
rs62183854	chr2	172090705	0	1	0	0	1	1	1	1	1	1
rs62183855	chr2	172091721	0	1	0	0	0	1	1	1	0	1
rs62183859	chr2	172104047	1	1	1	0	0	1	1	1	1	1
rs62184960	chr2	172110061	0	0	0	0	0	0	0	0	0	1
rs62244860	chr3	71498439	0	0	1	0	0	0	1	1	1	1
rs62264766	chr3	117922380	0	1	1	0	0	1	1	1	1	1
rs62376382	chr5	109853939	1	0	0	0	0	0	0	0	0	0
rs62378245	chr5	89448145	1	1	1	0	0	1	1	1	1	1
rs62394495	chr5	152350136	1	1	0	0	0	0	0	0	0	0
rs62441507	chr6	164848034	0	0	0	0	0	1	0	0	0	0
rs62468076	chr7	131845565	0	0	0	0	0	0	1	1	0	0
rs62484016	chr7	128107006	1	0	0	0	1	0	0	0	0	0
rs62504299	chr8	27529498	0	0	0	0	0	0	0	0	1	0
rs6424546	chr1	73310990	0	0	0	0	1	0	0	0	0	0
rs6424547	chr1	73311013	0	0	0	0	1	0	0	0	0	0
rs6424548	chr1	73311167	0	0	0	0	1	0	0	0	0	0
rs6427870	chr1	201027061	1	1	0	1	0	0	0	0	0	0
rs6427871	chr1	201028188	0	0	0	1	0	0	0	0	0	0
rs6434930	chr2	197504646	0	0	1	0	0	0	0	0	0	0
rs643778	chr13	79423937	0	0	0	0	0	0	0	1	1	1
rs646782	chr12	50088428	0	1	1	0	0	1	1	1	0	1
rs6472147	chr8	64700140	1	0	0	0	0	0	0	0	0	0
rs6484373	chr11	28504700	0	0	1	0	1	0	0	0	1	0
rs6485807	chr11	48081315	0	0	0	1	0	0	0	0	0	0
rs6489238	chr12	122128088	0	0	0	0	0	1	0	0	0	0
rs6489242	chr12	122128731	0	0	0	0	0	1	0	0	0	0
rs6500437	chr16	89723490	0	0	1	0	0	0	0	0	1	0
rs6500439	chr16	89741867	0	0	0	1	0	0	0	0	0	0
rs6503443	chr17	45688515	0	1	0	0	0	1	1	1	1	1
rs6511038	chr19	19496755	0	0	0	0	0	1	0	0	0	1
rs6519298	chr22	41968993	0	0	1	0	0	0	1	1	1	1
rs6534056	chr4	117777696	1	0	0	0	0	1	0	0	0	0
rs6534071	chr4	117965929	1	1	0	0	1	1	0	0	0	0
rs6546070	chr2	25308910	0	0	0	0	0	0	0	0	1	0
rs6547796	chr2	27752527	0	0	0	0	0	1	0	0	0	0
rs6561952	chr13	58070995	0	0	0	0	1	0	0	0	0	0
rs6561957	chr13	58165744	0	1	0	0	0	1	1	1	1	1
rs6561969	chr13	58548628	0	0	1	0	0	0	0	0	0	0
rs6561970	chr13	58548885	0	0	1	0	0	0	0	0	0	0
rs6577488	chr1	8474469	0	0	0	0	0	1	1	0	0	0
rs6577494	chr1	8516866	0	0	0	0	0	0	1	1	0	1
rs6590760	chr11	134715215	1	0	0	0	0	0	0	0	0	0
rs659936	chr5	139657429	0	0	0	0	0	0	1	0	1	1
rs660899	chr1	43651335	0	0	0	0	0	0	1	0	1	1
rs662644	chr6	64330674	0	0	1	1	1	0	0	0	1	0
rs6639150	chrX	12137567	0	0	0	0	0	1	0	0	0	0
rs6639153	chrX	12173113	0	1	0	0	0	0	1	1	0	1
rs66469903	chr8	88590893	0	0	0	0	0	0	0	0	0	1
rs66580221	chr5	89449367	0	1	0	0	0	1	1	1	0	1
rs6662991	chr1	243246906	0	0	0	1	0	0	0	0	0	0
rs6663263	chr1	201011593	1	1	1	0	1	1	1	1	1	1
rs6664310	chr1	98103037	1	0	0	0	0	0	0	0	0	0
rs6667383	chr1	43603087	0	0	0	0	0	0	0	0	1	0
rs6668649	chr1	243253490	0	1	0	0	1	1	0	0	1	1
rs6669447	chr1	28822849	0	1	0	0	0	0	1	0	0	1
rs6670165	chr1	177310985	0	1	1	0	0	0	1	1	0	0
rs6672061	chr1	43603124	0	0	0	0	0	0	0	0	1	0
rs6674407	chr1	6602853	1	1	1	1	1	1	1	1	1	1
rs6680140	chr1	153944893	0	0	0	0	0	0	1	0	0	0
rs668204	chr11	113278920	1	0	0	0	0	1	0	0	0	0
rs6682448	chr1	243287653	0	0	0	1	0	0	0	0	0	0
rs6683825	chr1	43686617	0	0	0	0	1	0	0	0	0	0
rs6687012	chr1	2444405	1	1	1	0	0	1	1	1	1	0
rs6687260	chr1	201011570	1	1	1	0	1	1	1	1	1	1
rs66899146	chr6	92320850	0	0	0	0	0	0	0	1	0	0
rs6692611	chr1	43453742	1	1	1	1	1	1	1	1	1	1
rs6694282	chr1	8314127	1	1	1	0	1	1	1	1	1	1
rs6694927	chr1	65845652	1	0	0	0	0	0	0	0	0	0
rs6696332	chr1	114757749	1	1	1	1	1	1	1	1	1	1
rs66969288	chr8	27602123	0	0	0	0	0	0	1	0	1	1
rs6700264	chr1	201014894	0	0	0	0	0	0	0	1	0	0
rs6701496	chr1	201038700	1	1	1	0	1	1	1	1	1	1
rs67032306	chr12	122191335	0	0	0	0	0	0	1	0	0	0
rs6708950	chr2	2326346	1	0	0	0	1	1	1	1	0	1
rs6710250	chr2	172090632	0	1	0	0	1	1	1	1	1	1
rs6712238	chr2	48112108	0	0	0	1	0	0	0	0	1	0
rs67134955	chr1	200994981	0	0	0	0	1	1	0	0	0	0
rs67189233	chr12	122191291	0	0	0	0	0	0	1	0	0	0
rs6722190	chr2	72941464	0	0	1	0	0	0	0	0	0	0
rs6722939	chr2	22450634	0	1	0	0	0	0	1	1	0	1
rs6729708	chr2	48070505	0	0	1	1	0	0	0	0	0	0
rs67312095	chr1	243463833	0	0	0	1	0	0	0	0	0	0
rs6733195	chr2	193052912	0	0	0	0	0	0	0	0	0	1
rs6733868	chr2	25276998	0	1	1	1	1	1	1	1	1	1
rs673632	chr5	139677652	1	1	0	0	1	1	1	1	0	1
rs67427671	chr7	131941342	1	0	1	0	0	0	0	0	1	0
rs67528578	chr11	112978433	0	0	0	0	0	0	0	0	1	0
rs6753736	chr2	27735988	1	1	1	1	1	1	1	1	1	1
rs67627854	chr2	76019519	0	0	0	0	0	0	0	1	0	0
rs6764391	chr3	107824047	0	0	0	0	0	0	0	0	1	0
rs67723215	chr16	89565590	0	1	1	0	0	0	0	1	0	0
rs6778026	chr3	71522235	0	0	0	0	0	1	0	0	0	0
rs67807	chr6	69138075	1	0	0	0	0	0	0	0	0	0
rs678998	chr11	134022767	0	0	0	0	0	0	1	1	0	1
rs6791142	chr3	136658535	0	0	1	0	0	0	0	0	0	0
rs67979431	chr5	152632877	1	0	1	0	1	0	0	0	0	0
rs6804	chr1	6634514	1	0	1	0	0	0	0	0	1	1
rs68066623	chr2	144401538	0	1	0	0	0	0	0	0	0	0
rs6819399	chr4	117815679	0	0	0	0	0	1	0	0	0	0
rs682164	chr5	139679004	0	0	1	0	0	0	1	0	1	0
rs6824201	chr4	117815750	0	0	0	0	0	1	0	0	0	0
rs6831649	chr4	117965279	0	0	0	0	0	1	0	0	0	0
rs6832316	chr4	117965334	1	0	0	0	1	1	0	0	0	0
rs6834625	chr4	142940195	0	0	0	0	0	0	0	0	1	0
rs6834860	chr4	142940140	0	0	0	0	0	0	0	0	1	0
rs6838310	chr4	117956978	1	0	0	0	1	0	0	0	0	0
rs6839925	chr4	79272560	1	0	0	0	0	0	0	0	0	0
rs6864847	chr5	138448826	0	1	1	0	1	1	0	0	0	0
rs6870983	chr5	88401716	1	1	1	0	0	1	1	1	1	1
rs6871699	chr5	152635106	1	1	1	0	1	1	1	1	1	1
rs687187	chr11	134035439	0	0	0	0	0	0	0	1	0	1
rs6873744	chr5	152632093	1	0	1	0	1	0	0	0	0	0
rs6876527	chr5	152288699	1	0	0	0	0	0	0	0	0	0
rs6877355	chr5	152994697	1	0	0	0	1	0	0	0	0	0
rs6880816	chr5	156437858	0	0	0	0	0	1	0	0	0	0
rs6881721	chr5	154272007	1	0	0	0	0	0	0	0	0	0
rs6882166	chr5	154272043	1	0	0	0	0	0	0	0	0	0
rs6890277	chr5	154132840	0	0	1	0	0	0	0	0	0	0
rs6893675	chr5	154239316	0	0	0	1	0	0	0	0	0	0
rs6898369	chr5	153130749	0	0	0	0	0	0	0	1	0	0
rs6902206	chr6	164859589	1	0	0	0	0	1	0	0	0	0
rs6904142	chr6	164764595	0	0	0	0	0	0	0	1	0	0
rs6905712	chr6	164832582	0	0	1	0	0	0	0	0	1	0
rs6936518	chr6	64281288	0	0	0	0	1	0	0	0	0	0
rs6944446	chr7	128027463	1	1	1	0	1	0	1	1	1	1
rs6954	chr1	43450971	0	0	1	0	0	0	0	0	0	0
rs6955349	chr7	104960789	0	0	0	1	0	0	0	0	0	0
rs6961430	chr7	110418391	0	0	0	0	1	0	0	0	0	0
rs6963713	chr7	79719888	0	0	0	0	0	0	1	0	0	0
rs696803	chr1	200953154	0	0	0	0	0	1	0	0	0	0
rs697134	chr5	58458305	0	0	0	0	0	0	0	1	0	0
rs6975382	chr7	133165551	0	0	1	0	0	0	0	0	0	0
rs6985037	chr8	34222363	0	0	0	0	0	0	1	0	0	0
rs6996860	chr8	38386347	1	1	1	1	1	1	1	1	1	1
rs7005465	chr8	34666503	0	0	0	0	0	1	0	0	0	0
rs7005874	chr8	38431048	0	0	1	1	0	0	1	1	1	1
rs702720	chr5	58461556	1	0	1	0	0	0	0	0	1	1
rs706790	chr12	50070687	1	1	1	1	1	1	1	1	1	1
rs706792	chr12	50073861	0	0	1	0	0	0	0	0	0	0
rs7068361	chr10	62648607	0	0	0	0	1	0	0	0	0	0
rs707181	chr5	154085892	0	0	0	0	0	0	1	1	0	0
rs7085933	chr10	18257695	0	0	0	0	0	1	0	0	0	0
rs7086898	chr10	102626395	0	0	1	0	0	0	0	0	0	0
rs709210	chr3	50320438	0	0	0	0	0	0	0	0	1	0
rs7106715	chr11	133969010	1	0	0	0	0	0	0	1	1	0
rs7106731	chr11	47981840	0	0	0	0	0	0	0	1	0	0
rs7106740	chr11	46489947	1	0	1	0	1	1	0	0	0	1
rs7106806	chr11	133968942	1	0	1	0	0	0	0	1	1	0
rs7106939	chr11	81472589	0	0	0	0	0	0	0	1	0	1
rs7107200	chr11	81472756	0	0	0	0	0	0	0	1	0	1
rs7109981	chr11	45922478	1	0	0	0	0	1	1	1	1	1
rs7111478	chr11	130949733	0	0	0	0	0	1	0	0	0	0
rs7113068	chr11	124763633	1	1	1	1	1	1	1	1	1	1
rs7114506	chr11	46050735	0	0	1	0	0	0	0	0	1	0
rs7114598	chr11	48080214	0	0	0	1	0	0	0	0	0	0
rs7115790	chr11	45920293	0	0	1	0	0	0	0	0	0	0
rs7121317	chr11	113168212	0	1	0	0	0	0	1	1	0	1
rs7121736	chr11	28628323	0	1	0	0	0	1	1	0	1	1
rs7122746	chr11	133968913	1	0	1	0	0	0	0	1	1	0
rs7124323	chr11	45922557	1	0	0	0	0	1	1	1	1	1
rs7124434	chr11	45922554	1	0	0	0	0	1	1	1	1	1
rs7125588	chr11	113565350	1	0	0	0	0	1	0	0	0	0
rs7127156	chr11	133969962	0	0	0	0	0	0	1	0	0	0
rs7130141	chr11	46478324	0	0	0	0	0	1	0	0	0	0
rs7130989	chr11	47163205	1	1	1	0	0	1	0	0	0	0
rs7132655	chr12	123954426	0	1	0	0	0	1	0	0	0	0
rs7133502	chr12	2194320	0	0	0	0	0	1	0	0	0	1
rs7133857	chr12	103206353	1	0	0	0	0	0	0	0	0	0
rs7145527	chr14	103311965	0	0	0	0	0	0	0	0	1	0
rs7145682	chr14	103312029	0	0	0	0	0	0	0	0	1	0
rs7148456	chr14	103561933	1	0	0	0	0	0	0	0	0	0
rs71512698	chr8	33895995	0	0	1	0	0	0	0	0	0	0
rs7156255	chr14	103279856	0	0	0	0	0	1	1	0	0	1
rs71579590	chr5	139690813	0	0	0	0	1	0	0	0	1	0
rs7159665	chr14	103518279	0	1	1	0	0	1	1	1	1	1
rs7166400	chr15	89207482	1	1	1	0	1	1	1	1	1	1
rs7170068	chr15	78620601	1	1	1	0	1	1	1	1	0	1
rs7174732	chr15	43746265	1	1	1	1	1	1	1	1	1	1
rs7178152	chr15	89243824	1	1	1	1	1	1	1	1	1	1
rs718457	chr15	89242580	0	0	0	0	0	0	1	0	0	1
rs7187623	chr16	66905630	0	1	0	0	0	0	0	0	0	0
rs7188181	chr16	66905835	0	1	0	0	0	0	0	0	0	0
rs7196708	chr16	9820544	0	0	0	0	0	0	0	0	1	0
rs7209734	chr17	20085230	1	1	0	0	0	0	1	1	0	1
rs721617	chr12	29781653	1	0	1	0	1	0	0	0	0	0
rs7224258	chr17	1352208	1	0	0	0	0	0	0	0	0	0
rs7228846	chr18	55407387	1	0	1	0	0	1	1	1	0	1
rs7250893	chr19	19514738	1	1	0	1	0	1	1	1	1	1
rs7251	chr19	49659652	0	0	0	0	0	1	0	1	0	1
rs72612868	chrX	12137980	0	0	0	0	1	1	1	0	0	1
rs7262449	chr20	38680668	0	0	1	0	0	0	0	0	1	0
rs72625248	chr2	174103826	0	0	0	0	0	0	0	1	0	0
rs72630624	chr8	38382874	0	0	0	0	0	0	0	1	1	0
rs72635792	chr1	8318539	1	1	1	1	1	1	1	1	1	1
rs72659661	chr1	35719096	1	1	1	1	1	1	1	1	1	1
rs72671107	chr1	43365847	0	0	1	0	0	0	0	0	0	0
rs72671121	chr1	43414425	1	0	1	0	0	0	1	0	1	1
rs72687890	chr1	114753903	0	0	0	0	0	0	0	0	1	0
rs72692873	chr1	150050850	0	0	1	0	0	1	0	1	0	1
rs72694954	chr1	150151572	0	1	1	0	0	1	1	1	0	1
rs72694956	chr1	150162023	0	0	1	0	0	0	0	0	0	0
rs72694957	chr1	150163093	1	1	1	1	1	1	1	1	1	1
rs72694959	chr1	150165955	1	0	1	1	0	1	1	1	1	1
rs72728435	chr1	97381299	0	0	1	0	0	0	0	0	0	0
rs72759879	chr1	243440855	0	1	0	0	0	0	0	0	0	0
rs72761691	chr9	131911161	0	0	0	0	0	0	0	0	0	1
rs72790275	chr16	58580829	0	0	0	0	0	1	0	0	0	0
rs72795389	chr5	152564957	0	0	1	0	0	0	0	0	0	0
rs72799173	chr5	152769838	0	1	0	0	0	0	1	1	0	1
rs72799193	chr5	152809374	0	0	0	0	0	0	1	0	0	0
rs72801007	chr5	152817151	1	0	0	0	1	1	0	0	0	0
rs72806703	chr5	152953744	0	0	0	0	0	1	0	0	0	0
rs72853661	chr2	25216393	1	1	1	1	1	1	1	1	1	1
rs7290134	chr22	41925247	0	0	0	0	0	0	0	0	0	1
rs72902478	chr11	45909667	1	0	0	0	0	0	0	0	0	0
rs72902492	chr11	45924418	0	0	1	0	0	0	0	0	0	0
rs72904370	chr11	46018464	1	0	0	0	0	0	0	0	0	0
rs72918669	chr6	92320761	0	0	0	0	0	0	0	1	0	0
rs72934600	chr18	55900624	0	1	0	0	0	0	1	1	0	0
rs72934602	chr18	55901227	0	1	0	0	0	0	1	0	0	1
rs72936329	chr18	55918433	0	0	0	0	0	0	1	0	0	0
rs72940674	chr6	108566355	0	0	0	1	0	0	0	0	0	0
rs72972378	chr2	224507845	1	0	0	0	0	0	0	0	0	0
rs72980082	chr18	79870170	0	0	0	0	0	0	1	1	0	0
rs72980085	chr18	79871679	0	0	0	0	1	0	0	0	0	0
rs72980087	chr18	79872194	1	0	0	0	1	0	0	0	0	0
rs72986630	chr19	11738921	1	1	1	1	1	1	1	1	1	1
rs7301566	chr12	50187864	1	0	1	0	0	1	1	1	1	1
rs73022890	chr19	30511586	0	1	0	0	0	0	1	1	0	0
rs73036081	chr11	133970261	0	0	0	0	0	0	1	0	0	0
rs73036086	chr11	133971887	1	0	0	0	0	0	0	1	0	0
rs73036087	chr11	133972466	1	0	0	0	0	0	0	0	0	0
rs7308351	chr12	2194380	0	0	0	0	0	1	0	0	0	1
rs73102769	chr2	232928501	1	1	1	0	1	1	1	1	1	1
rs73151058	chr7	131934863	0	1	0	0	0	0	0	1	0	0
rs73161310	chr22	41597175	1	1	1	0	0	0	1	1	1	1
rs7316798	chr12	94793404	0	0	0	0	0	1	0	0	0	0
rs73169382	chr22	39613575	0	0	0	0	0	1	0	0	0	0
rs73176684	chr22	41382613	0	1	1	0	0	0	0	0	0	0
rs73181662	chr7	71348898	1	1	1	0	0	0	1	1	1	0
rs73229090	chr8	27584610	0	0	0	0	0	0	0	0	1	0
rs73229093	chr8	27584812	0	0	0	0	0	0	0	0	1	0
rs73281459	chr5	154273370	0	0	0	1	0	0	0	0	0	0
rs7333904	chr13	79281413	0	0	0	0	1	0	1	1	0	0
rs7334491	chr13	38264558	0	0	0	0	1	1	0	0	1	0
rs7337189	chr13	38264798	0	0	0	0	1	1	0	0	1	0
rs7338121	chr13	58070816	0	0	0	0	1	0	0	0	0	0
rs7338530	chr13	79477715	0	0	0	0	0	0	0	0	1	0
rs733856	chr11	134426747	1	0	0	0	0	0	0	0	0	0
rs7339190	chr13	58070815	0	0	0	0	1	0	0	0	0	0
rs73477270	chr18	55425653	0	0	0	0	0	1	0	0	0	0
rs73477273	chr18	55426020	0	0	0	0	0	1	0	0	0	0
rs73490813	chr18	55318170	0	1	0	0	0	1	1	1	0	1
rs73492947	chr18	55385692	0	0	1	0	0	0	0	0	1	0
rs73492955	chr18	55389339	0	0	0	0	0	0	1	0	0	0
rs73558181	chr8	27579750	1	0	0	0	1	1	0	0	0	0
rs7356835	chr6	164860021	1	0	0	0	0	1	0	0	0	0
rs73573285	chr11	112963087	1	1	1	0	1	1	1	1	1	1
rs73586830	chr16	66920342	0	0	1	0	0	0	0	0	1	0
rs73611490	chr11	124800902	1	1	1	1	1	1	1	1	1	1
rs73627050	chrX	6094587	1	0	0	0	0	0	0	0	0	0
rs73673622	chr8	33921299	0	0	0	0	0	0	1	0	0	0
rs73790670	chr5	139654558	0	0	0	0	1	0	0	0	1	0
rs73805839	chr5	154273167	0	0	0	1	0	0	0	0	0	0
rs739293	chr22	41977644	1	0	0	0	0	1	0	0	0	1
rs7396592	chr11	48079285	1	0	0	0	1	0	0	0	0	0
rs74090531	chr1	72956785	0	0	0	0	0	1	0	0	0	0
rs74091215	chr1	73065243	0	0	0	0	1	0	0	0	0	0
rs74091260	chr1	73096713	1	0	0	0	1	0	0	0	0	0
rs74091266	chr1	73097160	1	0	0	0	1	0	0	0	0	0
rs74092633	chr1	73010128	0	1	1	0	0	0	0	1	1	1
rs74092634	chr1	73010634	0	1	1	0	0	0	0	0	1	1
rs7411150	chr1	43548206	0	0	1	0	0	0	0	1	1	1
rs74113828	chr1	115090923	0	0	0	0	0	1	0	0	0	1
rs7431461	chr3	80550662	1	0	0	0	1	0	0	0	0	0
rs74361372	chr20	49483086	0	0	1	0	0	1	1	0	1	1
rs74373474	chr8	34295514	0	1	0	0	0	1	1	1	0	0
rs743832	chr22	41699460	1	1	0	1	0	1	1	1	0	1
rs74394604	chr1	243852167	0	0	1	0	0	0	0	0	0	0
rs74457229	chr17	45895215	1	1	1	0	0	1	1	1	1	1
rs744596	chr8	27637825	0	0	1	0	0	0	0	0	0	0
rs74496580	chr17	45896699	1	1	1	0	1	1	1	1	0	0
rs74544128	chr5	153299186	1	0	0	0	0	1	1	0	0	1
rs74548327	chr17	45895714	1	1	1	0	1	1	1	1	1	1
rs74558061	chr10	102624580	0	0	0	0	0	1	0	0	0	0
rs7457977	chr7	127535587	0	0	0	0	0	1	0	0	1	1
rs74584457	chr8	88678787	1	0	0	0	1	0	0	0	0	0
rs7459467	chr8	1049359	1	0	0	0	0	0	0	0	0	0
rs746212	chr2	72938105	0	1	1	0	0	0	0	0	0	0
rs7463315	chr8	59800853	0	0	0	0	0	1	0	0	0	0
rs7465214	chr8	143835363	0	0	1	0	0	0	0	0	0	0
rs747111	chr8	27467956	0	0	0	0	0	0	1	0	0	0
rs747152	chr17	46012973	0	0	1	0	0	0	0	0	0	0
rs747462	chr2	232925461	0	1	0	0	0	0	0	0	0	0
rs747463	chr2	232925513	0	1	0	0	0	1	0	0	0	0
rs74757308	chr11	47306020	0	0	1	0	0	0	0	0	1	0
rs74764237	chr7	131921098	0	0	0	0	0	1	0	0	0	0
rs74782031	chr8	33554915	0	0	0	1	0	0	0	0	0	0
rs74790386	chr8	34517054	0	0	0	0	0	1	0	0	0	0
rs7479361	chr11	48088241	0	0	1	0	0	0	0	0	0	0
rs74834589	chr5	152547697	1	0	0	0	1	1	0	1	0	1
rs7484733	chr12	122128051	0	0	0	0	0	1	0	0	0	0
rs7486605	chr12	120903362	0	1	1	0	0	1	1	1	1	1
rs74885315	chr6	164691116	0	1	0	0	0	0	1	1	0	0
rs74896883	chr3	181176992	1	1	1	0	1	1	1	1	1	1
rs749130	chr2	25307159	1	0	0	1	1	0	0	0	1	0
rs749131	chr2	25306755	1	0	0	1	1	0	0	0	1	0
rs74922289	chr17	45841158	1	0	0	0	0	0	0	0	1	0
rs749240	chr17	2282806	1	1	1	0	0	1	1	0	0	0
rs74935844	chr14	103924361	0	1	0	0	0	0	0	1	0	0
rs74965575	chr18	55355939	0	0	1	0	0	0	0	0	0	0
rs74974257	chr1	243343791	1	0	0	0	0	1	1	1	0	1
rs750350	chr11	113014620	1	1	1	0	1	0	1	1	1	1
rs75059851	chr11	133952674	0	0	1	0	0	0	1	0	0	0
rs751141	chr8	27516348	0	0	0	0	0	0	1	0	1	1
rs75147539	chr2	174283109	0	1	0	0	0	1	0	1	0	1
rs7517866	chr1	243246620	0	0	0	1	0	0	0	0	0	0
rs751908	chr2	232926201	1	1	0	0	0	1	0	0	0	0
rs7522030	chr1	153881560	1	1	1	1	1	1	1	1	1	1
rs7523102	chr1	243508772	0	0	0	0	0	1	0	0	1	0
rs75260676	chr13	58543997	0	0	1	0	0	0	0	0	0	0
rs75271563	chr6	96014620	1	0	0	0	0	1	0	1	1	0
rs752848	chr11	47153625	1	1	1	1	1	1	1	1	1	1
rs752849	chr11	47153776	0	0	0	1	1	0	0	0	1	0
rs752850	chr11	47153599	1	1	1	1	1	1	1	1	1	1
rs7529186	chr1	73065141	0	0	0	0	1	0	0	0	0	0
rs7536752	chr1	43642750	0	1	0	0	0	0	0	1	0	1
rs753812	chr11	47409978	0	0	1	0	0	0	0	0	0	0
rs75386358	chr1	73115206	0	0	0	0	0	1	0	0	0	0
rs75429207	chr14	104037778	0	0	1	0	0	0	0	0	0	0
rs75494138	chr11	46443811	0	0	0	0	0	0	0	1	0	0
rs75616375	chr1	243252832	0	1	0	0	0	0	0	0	1	0
rs75684842	chr5	152472257	0	0	0	0	0	0	1	0	0	0
rs7569620	chr2	48196759	1	1	1	0	1	0	0	1	1	1
rs7570730	chr2	27799808	0	0	0	0	0	1	0	0	0	0
rs75741813	chr8	34512190	0	0	1	0	0	0	0	0	0	0
rs757500	chr17	45679467	1	0	0	0	0	0	0	0	0	0
rs757501	chr17	45679319	1	0	0	0	0	0	0	0	0	0
rs7577207	chr2	193056174	0	0	0	0	1	0	0	0	0	0
rs7582536	chr2	197571379	0	1	0	0	0	0	1	0	0	0
rs7583634	chr2	48198896	0	0	1	0	0	0	0	0	0	0
rs75903170	chr5	139637905	1	1	1	1	1	1	1	1	1	1
rs75908579	chr18	72108140	0	0	0	0	1	0	0	0	0	1
rs75929510	chr8	27583457	1	0	0	0	0	1	0	0	0	0
rs76017264	chr1	43660472	0	0	0	0	0	0	1	0	0	1
rs7601729	chr2	48386042	0	0	0	0	0	0	0	0	1	0
rs7602309	chr2	22301992	0	0	0	0	0	1	0	0	0	0
rs760588	chr1	28836056	0	1	1	0	0	0	1	0	1	0
rs760589	chr1	28835953	0	1	1	0	0	1	1	1	1	1
rs7608405	chr2	174197737	0	0	0	0	0	0	1	0	0	0
rs76088737	chr11	48050165	1	0	0	0	1	0	0	0	0	0
rs7612643	chr3	30036923	0	1	0	0	0	0	0	1	0	0
rs76172775	chr13	58594897	1	0	0	0	1	0	0	0	0	0
rs76240476	chr2	25280659	0	0	0	1	0	0	0	0	0	0
rs7624770	chr3	80688935	1	0	0	0	0	0	1	0	0	0
rs76247948	chr8	27548000	1	0	0	0	0	0	0	0	0	0
rs7626087	chr3	2517767	0	0	1	0	0	0	0	0	0	0
rs76266738	chr1	243493955	1	0	0	0	0	0	0	0	0	0
rs7630428	chr3	117809835	0	0	0	0	0	1	0	0	0	0
rs7630695	chr3	17684991	0	0	0	0	0	0	1	0	0	0
rs76324150	chr17	45895867	1	1	1	0	1	1	1	1	1	1
rs763260	chr22	41979224	1	0	1	0	0	1	1	0	0	1
rs763263	chr22	41919786	0	1	1	0	0	1	1	0	1	1
rs76329216	chr17	45861133	0	0	0	0	0	0	0	1	0	0
rs7636362	chr3	80688753	1	0	0	0	0	0	1	0	0	0
rs76391758	chr7	131928200	0	0	0	0	0	1	0	0	0	1
rs76462269	chr22	42284195	1	0	0	0	0	1	0	0	0	0
rs7649993	chr3	71523187	0	0	0	0	0	1	0	0	0	0
rs765275	chr5	153404837	0	0	1	0	0	0	1	1	0	1
rs7657155	chr4	117957465	1	0	1	0	1	0	0	0	0	0
rs76590489	chr11	47915746	0	0	0	0	0	0	0	0	0	1
rs76593596	chr6	96016752	0	1	1	0	1	0	0	1	0	0
rs76594404	chr17	45894091	1	1	1	1	1	1	1	1	1	1
rs76632685	chr17	45897111	1	1	1	0	1	1	1	1	0	1
rs76667867	chr17	45722444	0	0	0	0	0	0	0	0	1	0
rs76728632	chr17	45740794	0	0	1	0	0	0	1	1	0	1
rs76729992	chr13	58593064	1	0	0	0	1	0	0	0	0	0
rs7676619	chr4	117777481	1	0	0	0	0	0	0	0	0	0
rs7681654	chr4	142953179	0	0	1	0	0	0	0	0	0	0
rs7684235	chr4	79268223	1	0	0	0	1	0	0	0	0	0
rs7696326	chr4	142962506	0	1	0	1	0	0	0	0	0	0
rs7696466	chr4	79290245	1	0	1	0	0	0	0	0	0	0
rs7700867	chr5	88043876	0	1	0	0	0	1	1	1	0	1
rs7701188	chr5	89448733	1	0	1	0	0	0	0	0	0	0
rs77047825	chr11	46296481	0	0	1	0	0	0	1	1	0	0
rs770525	chr5	88827733	0	0	0	1	0	0	0	0	0	0
rs7712313	chr5	90932581	1	0	0	0	1	1	1	1	1	1
rs77165791	chr12	122183084	1	1	1	0	0	1	1	1	1	1
rs77247429	chr6	164690116	0	1	0	0	0	0	0	0	0	1
rs7729840	chr5	90932583	1	0	0	0	1	1	1	1	1	1
rs77310586	chr17	45688015	1	1	0	0	0	1	1	1	1	1
rs77319923	chr1	243559320	1	0	1	0	1	0	0	0	0	0
rs77336101	chr8	27617354	0	1	0	0	0	0	1	1	0	1
rs77403204	chr3	53327949	0	0	0	1	0	0	0	0	0	0
rs77463171	chr16	66908303	0	0	0	0	0	0	0	0	0	1
rs7747058	chr6	164756280	0	1	0	0	0	0	1	1	1	1
rs77482155	chr1	98021524	1	0	0	0	0	0	0	0	0	0
rs7749628	chr6	69165427	0	0	0	0	0	0	0	1	0	0
rs77509857	chr1	243443855	0	0	0	1	0	0	0	0	0	0
rs7752062	chr6	64205562	0	0	0	0	0	1	0	0	0	0
rs7752426	chr6	164751117	0	0	0	0	0	0	0	0	1	0
rs77671429	chr15	89379299	1	1	1	0	0	0	1	1	0	0
rs77680415	chr5	153148173	0	0	1	0	0	0	1	1	1	1
rs77757904	chr10	18548608	1	0	0	0	0	0	0	0	0	0
rs77819001	chr17	45722438	0	0	0	0	0	0	0	0	1	0
rs7783654	chr7	131890887	0	0	0	1	0	1	0	0	0	0
rs778371	chr2	232878399	0	0	0	0	0	1	0	0	0	0
rs7790439	chr7	128136087	1	1	1	1	1	1	1	1	1	1
rs7790858	chr7	128136107	1	1	1	1	1	1	1	1	1	1
rs7792971	chr7	128100939	0	0	1	0	0	0	0	0	0	0
rs7793071	chr7	128101265	0	0	1	0	0	0	0	0	0	0
rs77965652	chr17	45776091	0	0	1	0	0	0	0	0	1	0
rs77966862	chr2	48313510	1	0	0	0	0	0	0	0	1	0
rs77973161	chr1	243749141	1	1	1	1	1	1	1	1	1	1
rs78052495	chr17	45690981	1	0	0	0	0	0	0	0	0	0
rs78081010	chr5	152535233	1	1	0	0	0	0	1	1	0	0
rs7811971	chr7	128101173	0	0	1	0	0	0	0	0	0	0
rs7812347	chr8	27602668	0	0	0	0	0	0	1	0	1	1
rs78164635	chr1	97823025	1	0	0	0	0	0	0	0	0	0
rs7817744	chr8	64682360	1	0	0	0	0	0	0	0	0	0
rs7830315	chr8	64695804	1	1	0	0	0	0	1	1	1	1
rs78313351	chr7	128135850	1	1	1	1	1	1	1	1	1	1
rs78322266	chr18	55396445	1	1	0	0	0	0	1	0	0	0
rs7833512	chr8	33805366	0	0	1	0	0	0	0	0	0	0
rs7835270	chr8	102656092	1	1	1	1	1	1	1	1	1	1
rs78405969	chr1	28553045	1	1	1	1	1	1	1	1	1	1
rs7844647	chr8	34646258	0	0	0	0	0	1	0	1	0	1
rs7846568	chr8	27426877	1	0	1	0	0	0	0	0	0	0
rs78471340	chr17	45690980	1	0	0	0	0	0	0	0	0	0
rs78487840	chr17	45679795	1	0	0	0	0	0	0	0	0	0
rs78489830	chr5	152608012	1	0	1	0	1	0	1	1	0	1
rs78506181	chr17	45820114	1	0	1	0	0	0	0	0	0	0
rs78530814	chr8	34518417	1	0	0	0	0	0	1	0	0	0
rs7853605	chr9	93451247	1	1	1	1	1	1	1	1	1	1
rs78556223	chr17	45949112	1	0	1	1	0	1	1	1	1	1
rs78564368	chr6	164795070	1	1	0	0	0	0	0	1	0	0
rs78641116	chr1	8314237	1	1	1	0	1	1	1	1	1	1
rs78719985	chr2	144379785	1	0	0	0	1	0	0	0	1	0
rs78720789	chr17	45896047	1	1	1	0	1	1	1	1	1	1
rs78728410	chr1	6602971	1	1	1	1	1	1	1	1	1	1
rs78770847	chr6	92546319	0	0	0	1	0	0	0	0	0	0
rs787979	chr2	197378144	1	1	1	0	0	1	1	1	1	1
rs78875955	chr8	27531939	0	0	0	0	0	0	0	0	1	0
rs78887304	chr1	243556644	1	0	0	0	0	0	0	0	0	0
rs78895722	chr8	34223067	0	0	0	0	0	0	1	0	0	0
rs78939928	chr5	153467657	0	0	0	0	0	1	0	0	0	0
rs7896519	chr10	103107106	0	0	1	0	0	0	0	0	1	0
rs7896547	chr10	103107201	0	0	1	0	0	0	0	0	0	0
rs79033888	chr11	45853154	1	0	0	0	0	0	0	0	0	0
rs79081071	chr14	103923930	0	1	0	0	0	0	0	1	0	0
rs7910900	chr10	103070141	1	1	1	0	0	1	0	0	0	0
rs79122681	chr11	49208281	1	1	1	0	1	1	1	1	1	1
rs79145239	chr8	27462330	0	1	1	0	0	0	0	1	0	1
rs79177087	chr2	174107316	0	0	0	0	0	1	0	0	0	0
rs79181150	chr11	28673899	1	0	0	0	0	0	0	0	0	0
rs79187933	chr8	34517219	0	0	0	0	0	1	0	0	0	0
rs79237883	chr10	103181189	0	0	0	1	0	0	0	0	0	0
rs79241281	chr5	152535014	1	1	0	0	0	0	1	1	0	0
rs79265289	chr1	43570649	1	0	1	0	0	0	0	0	1	0
rs7927176	chr11	123525156	1	1	1	0	0	1	1	1	1	1
rs7927437	chr11	123525279	1	1	1	0	0	1	1	1	1	1
rs7928017	chr11	113578040	0	0	1	0	0	1	1	1	1	1
rs7928640	chr11	124758723	1	1	1	1	1	1	1	1	1	1
rs7931089	chr11	47611954	0	0	0	1	0	0	0	0	0	0
rs79338069	chr11	113628069	1	0	0	0	0	0	0	0	0	0
rs7934490	chr11	48308007	0	0	0	1	0	0	0	0	0	0
rs7934659	chr11	48044822	0	0	0	1	0	0	0	0	0	0
rs79387325	chr8	34633786	0	0	0	0	0	0	1	0	0	0
rs79395357	chr8	34600614	1	0	0	0	0	0	0	0	0	0
rs7940473	chr11	47160802	0	1	0	0	1	0	0	0	1	1
rs7942638	chr11	134030597	0	0	0	0	0	0	0	0	0	1
rs79436018	chr7	128053980	0	0	0	0	0	0	0	0	1	0
rs79468606	chr13	58544094	0	0	1	0	0	0	0	0	0	0
rs7948028	chr11	113457959	0	0	1	0	0	0	0	1	0	1
rs7949513	chr11	48308161	0	0	0	1	0	0	0	0	0	0
rs7951888	chr11	134725880	1	0	0	0	1	0	0	0	0	0
rs79520962	chr7	128031458	1	1	1	1	0	0	0	0	1	0
rs7953300	chr12	91860878	0	0	0	0	0	0	0	1	0	0
rs79589869	chr17	45852872	1	1	0	0	0	1	1	1	1	1
rs79600142	chr17	45820356	1	0	1	0	0	0	0	0	0	0
rs7966192	chr12	123947154	0	0	0	0	0	0	0	1	0	0
rs79666393	chr1	243313139	0	0	0	0	0	0	0	0	1	0
rs79707548	chr2	232876546	1	1	1	0	1	1	1	1	1	1
rs79725992	chr14	104035362	1	0	1	0	1	0	0	1	1	0
rs79728014	chr11	46040694	0	0	0	0	0	0	0	0	1	0
rs7975482	chr12	123997143	0	0	1	0	0	0	0	0	1	1
rs79780963	chr10	103192742	1	1	1	0	1	0	1	1	1	1
rs7978610	chr12	123984025	0	0	1	1	0	1	1	0	1	0
rs7990795	chr13	57991811	0	0	0	0	1	0	0	0	0	0
rs79959255	chr17	46000342	1	0	0	0	0	0	0	0	0	0
rs79992295	chr14	103708104	0	0	1	0	0	0	1	0	0	0
rs8001405	chr13	58071132	0	0	0	0	1	0	0	0	0	0
rs80014933	chr11	113457413	0	0	1	0	0	0	0	0	0	1
rs80015997	chr15	89362349	1	1	1	0	1	1	1	1	1	1
rs80042940	chr6	164608768	0	1	0	0	0	0	0	1	0	0
rs8004780	chr14	103387023	1	0	1	0	0	0	0	0	1	0
rs80068158	chr1	243433450	0	0	0	1	0	0	0	0	0	0
rs80072429	chr17	45741245	0	0	0	0	0	0	0	1	0	0
rs80116517	chr11	45930300	0	0	0	0	0	0	0	1	1	0
rs8013911	chr14	103537886	0	0	1	0	0	1	1	0	0	0
rs80157557	chr17	45740532	0	0	1	0	0	0	1	1	0	1
rs8015761	chr14	103886971	0	0	0	0	0	1	0	0	0	0
rs80166231	chr8	34492526	0	0	1	0	0	0	0	0	0	0
rs8017990	chr14	103329593	0	0	0	1	0	0	0	0	0	0
rs8021359	chr14	103335237	1	0	1	0	0	1	0	0	1	0
rs8023030	chr14	103330470	0	0	0	1	0	0	0	0	0	0
rs8023039	chr14	103311269	0	0	0	0	0	0	0	0	1	0
rs80233201	chr17	45894115	1	1	1	1	1	1	1	1	1	1
rs80272154	chr7	71349714	0	0	0	0	0	0	1	0	0	0
rs80288268	chr2	48415496	1	1	1	0	1	1	1	1	1	1
rs8030116	chr15	89364808	1	1	1	0	1	1	1	1	1	1
rs80346216	chr17	45897110	1	1	1	0	1	1	1	1	0	1
rs8042649	chr15	89197238	0	0	0	0	0	0	1	0	0	0
rs8043882	chr16	89749373	0	0	0	1	0	0	0	0	0	0
rs8058276	chr16	9817505	0	1	0	0	0	0	0	0	0	0
rs8058295	chr16	9817529	0	1	0	0	0	0	0	0	0	0
rs8062606	chr16	89333336	0	1	0	0	0	0	0	1	0	0
rs8067545	chr17	20009397	1	1	1	1	1	1	1	1	1	1
rs8070723	chr17	46003698	1	0	1	0	0	0	1	1	1	1
rs8072799	chr17	12975991	1	0	0	0	0	0	0	0	0	0
rs8077276	chr17	63470201	0	0	0	0	0	1	0	0	0	0
rs8089309	chr18	55408061	1	1	1	0	1	0	0	0	0	0
rs8091497	chr18	79872565	1	0	0	0	0	0	0	0	0	1
rs8100439	chr19	30492899	0	1	0	0	0	0	1	0	0	1
rs812383	chr2	232872422	0	0	1	0	0	0	0	0	1	0
rs8135801	chr22	42079564	1	1	1	1	1	1	1	1	1	1
rs815633	chr5	154103223	1	0	1	0	1	0	0	0	0	0
rs816012	chr5	154084867	0	0	0	0	0	1	0	0	0	0
rs822615	chr1	98222724	0	0	0	0	0	0	1	0	0	0
rs832195	chr3	63878936	1	0	1	0	0	0	0	0	0	0
rs8354	chr10	102676884	0	0	0	1	0	0	1	0	0	0
rs839752	chr1	43389875	1	1	1	1	1	1	1	1	1	1
rs839754	chr1	43390239	1	1	1	1	1	1	1	1	1	1
rs839755	chr1	43390739	0	0	0	0	0	0	0	1	0	0
rs839764	chr1	43367703	1	1	1	1	0	1	1	1	1	1
rs839995	chr1	43349193	1	1	1	1	1	1	1	1	1	1
rs843811	chr5	154096647	0	0	0	0	0	0	1	1	0	0
rs8539	chr2	197497294	0	0	0	0	0	0	0	0	1	0
rs864626	chr5	154102963	1	0	1	0	1	0	0	0	0	0
rs867232	chr8	27609666	0	0	0	0	0	0	0	0	1	0
rs867743	chr8	59782088	1	0	1	0	0	0	0	0	0	0
rs869048	chr16	90046540	0	0	0	0	0	1	1	0	0	1
rs871819	chr1	73501029	0	0	0	0	1	0	0	0	0	0
rs871925	chr7	2008240	1	0	0	0	1	0	0	0	0	0
rs879714	chr15	89357121	1	1	1	0	1	1	1	1	1	1
rs884825	chr10	102667859	0	0	0	0	0	0	0	0	1	0
rs891395	chr8	27462364	0	1	1	0	0	0	0	1	0	1
rs891396	chr8	27462367	0	1	1	0	0	0	0	1	0	1
rs891400	chr8	27468104	0	0	0	0	0	0	1	0	0	1
rs893949	chr11	134426490	1	0	1	0	1	1	1	1	1	1
rs894875	chr1	8372076	0	0	0	0	0	0	1	0	0	0
rs897959	chr1	243734472	1	0	0	0	0	0	0	0	0	0
rs901750	chr11	47187921	1	1	1	0	1	1	0	1	0	1
rs902356	chr1	8372593	0	0	1	0	0	0	1	1	0	1
rs903791	chr6	164693974	1	1	1	0	1	1	1	1	1	1
rs904628	chr12	120904281	1	1	1	1	1	1	1	1	1	1
rs9089	chr11	47617511	1	0	1	0	1	0	1	0	0	1
rs911338	chr14	103886591	0	0	0	0	0	1	0	0	0	0
rs9309322	chr2	60214049	1	1	1	1	1	1	1	1	1	1
rs931041	chr18	55776349	0	1	0	0	0	0	0	1	0	0
rs9316943	chr13	57724277	0	0	1	0	0	0	0	0	0	0
rs9316993	chr13	58548293	0	0	1	0	0	0	0	0	0	0
rs9316994	chr13	58548417	0	0	1	0	0	0	0	0	0	0
rs9317003	chr13	58618568	0	1	1	0	0	1	1	0	0	0
rs9324063	chr14	103540356	1	1	1	0	0	1	0	1	0	1
rs9331888	chr8	27611345	1	1	1	0	0	1	0	1	1	1
rs9331926	chr8	27603578	0	1	0	0	0	1	1	1	1	1
rs9331950	chr8	27597165	1	1	1	0	1	1	1	1	1	1
rs9347886	chr6	164641500	0	0	0	0	0	0	1	1	0	1
rs9347903	chr6	164693371	0	0	1	0	0	0	0	0	1	1
rs9347929	chr6	164795327	1	1	0	0	0	0	0	1	0	0
rs9355486	chr6	164630676	0	0	0	0	0	1	0	0	0	0
rs9355509	chr6	164796565	1	0	0	0	0	0	0	0	0	0
rs9356243	chr6	164690739	0	1	0	0	0	0	1	1	0	1
rs9359742	chr6	64049517	0	0	0	0	0	1	0	0	0	0
rs9359839	chr6	64226449	1	0	0	0	0	0	0	0	0	0
rs9362607	chr6	64227208	1	0	0	0	0	0	0	0	0	0
rs9362608	chr6	64227676	1	0	0	0	0	0	0	0	0	0
rs9365754	chr6	164695168	0	0	0	0	0	0	0	0	1	0
rs9365774	chr6	164794980	1	1	0	0	0	0	0	1	0	0
rs9365775	chr6	164795827	1	0	0	0	0	0	0	0	0	0
rs9384680	chr6	108563206	0	1	0	1	1	0	0	1	0	1
rs9426298	chr1	28664410	1	0	0	0	0	0	0	0	0	0
rs9426935	chr1	153796924	1	1	1	1	0	1	1	1	0	1
rs944874	chr13	58638397	0	0	0	0	0	0	1	0	0	0
rs944875	chr13	58638318	0	0	0	0	0	0	1	0	0	0
rs9454725	chr6	69279521	0	0	1	0	1	0	0	0	0	0
rs9459138	chr6	164555139	1	1	1	0	1	0	0	1	0	0
rs9459177	chr6	164692947	0	0	1	0	0	0	0	0	1	1
rs9459178	chr6	164696261	0	0	0	0	0	0	0	1	0	0
rs948178	chr11	113324873	0	0	0	0	0	1	0	0	0	0
rs9527815	chr13	58502349	0	0	0	0	0	1	0	0	0	0
rs953102	chr13	43699249	1	0	1	0	0	0	0	0	0	0
rs953271	chr8	34633696	0	0	0	0	0	0	1	0	0	0
rs9537819	chr13	57813890	0	0	0	0	0	0	1	1	1	1
rs9538001	chr13	58329455	0	0	1	0	0	0	1	1	0	0
rs9538030	chr13	58408176	0	1	0	0	0	0	1	0	0	0
rs9538068	chr13	58489377	0	0	0	0	0	0	0	0	1	0
rs9538078	chr13	58502596	0	0	0	0	0	1	0	0	0	0
rs9538145	chr13	58620248	1	1	1	0	0	1	1	0	0	0
rs9545061	chr13	79310695	0	0	0	0	0	1	0	0	0	0
rs9545101	chr13	79399806	1	0	0	0	0	0	0	0	0	0
rs9545114	chr13	79423744	0	0	0	0	0	0	0	0	1	0
rs9548268	chr13	38286860	1	0	0	0	0	0	0	0	0	0
rs955234	chr13	58593125	1	0	0	0	1	0	0	0	0	0
rs955657	chr2	60274540	0	0	1	0	0	0	0	0	0	0
rs955658	chr2	60274286	0	0	1	0	0	0	0	0	0	0
rs9563548	chr13	57860925	0	0	1	0	0	0	0	0	0	0
rs9563597	chr13	58328589	0	0	0	0	0	1	0	0	0	0
rs9567243	chr13	43665632	1	0	0	0	0	0	0	0	0	0
rs9569800	chr13	58005376	1	0	0	0	0	0	0	0	0	0
rs959071	chr17	19238913	0	0	0	0	0	1	0	0	0	0
rs9597596	chr13	57725549	0	0	0	0	0	0	0	0	1	0
rs9597709	chr13	58329818	0	1	1	0	1	0	1	1	1	1
rs9597760	chr13	58548967	0	0	1	0	0	0	0	0	0	0
rs9597792	chr13	58594827	1	0	0	0	1	0	0	0	0	0
rs9597793	chr13	58594828	1	0	0	0	1	0	0	0	0	0
rs9611198	chr22	39559868	0	0	0	0	0	0	0	0	1	0
rs9611206	chr22	39618061	0	0	0	0	0	1	0	0	0	0
rs9623017	chr22	39563052	0	0	0	0	0	1	1	1	0	1
rs9623534	chr22	42169194	1	1	1	0	0	1	1	1	1	1
rs963134	chr2	48081469	0	0	0	1	0	0	0	0	0	0
rs963135	chr2	48081352	0	0	0	1	0	0	0	0	0	0
rs9640570	chr7	86347628	0	0	0	0	0	1	0	0	0	0
rs965321	chr1	201036374	1	0	0	0	1	0	0	0	0	0
rs9657294	chr8	27442418	0	0	0	0	0	0	0	0	1	0
rs9666924	chr11	47518455	1	0	0	0	0	0	0	0	0	0
rs9686540	chr5	140795037	0	1	0	0	0	0	1	1	0	0
rs9687282	chr5	139686403	1	0	0	0	1	0	0	1	0	0
rs976560	chr15	89376714	1	1	1	0	1	1	1	1	0	1
rs978164	chr6	164751626	0	0	0	0	0	0	0	1	1	0
rs9792148	chr8	34046258	1	0	0	0	0	0	0	0	0	0
rs9792149	chr8	34046318	1	0	0	0	0	0	0	0	0	0
rs9803713	chr1	243508698	0	0	0	0	0	1	0	0	1	0
rs9803993	chr1	243508823	0	0	0	0	0	1	0	0	1	0
rs980796	chr7	137400504	0	0	1	0	0	0	0	0	1	0
rs9812118	chr3	53346026	0	0	0	0	0	0	1	0	0	0
rs982085	chr5	138439892	0	0	1	0	1	0	0	0	1	0
rs9824940	chr3	161745243	0	0	1	0	0	0	0	0	1	0
rs9834970	chr3	36814539	0	0	1	0	0	1	1	0	0	0
rs9861996	chr3	161745123	0	0	0	0	0	0	0	0	1	0
rs9884401	chr4	142959989	1	0	0	0	0	0	0	0	0	0
rs9886133	chr7	86365649	0	0	0	0	1	0	0	0	0	0
rs9886249	chr7	86365717	0	0	0	0	1	0	0	0	0	0
rs9917108	chr19	19461976	0	1	0	1	0	1	1	0	0	1
rs9918342	chr6	164568836	0	0	1	0	0	0	0	0	0	0
rs992623	chr5	88544870	1	0	1	0	1	0	0	0	1	1
rs9929143	chr16	66751701	1	1	1	1	1	1	1	1	1	1
rs9938300	chr16	9828758	0	0	0	0	0	1	0	0	0	0
rs9952704	chr18	55780459	1	1	1	0	1	1	1	1	1	1
rs9990714	chr4	33722942	1	1	1	0	1	1	1	1	1	1
rs999549	chr2	174062705	0	0	0	0	0	0	0	0	1	1
rs9997046	chr4	33724884	0	0	0	0	0	0	0	1	0	0
rs9998799	chr4	79297258	0	0	0	0	0	0	1	0	0	1
