chr	start	end	rsid	hg38_base_position
chr3	181050839	181050869	rs1001417	181050854
chr5	88089832	88089862	rs10037952	88089847
chr5	152633180	152633210	rs10043260	152633195
chr5	88139801	88139831	rs10052626	88139816
chr6	164749743	164749773	rs1006354	164749758
chr14	103847831	103847861	rs10083367	103847846
chr14	103847830	103847860	rs10083370	103847845
chr19	56671166	56671196	rs10084155	56671181
chr19	56671222	56671252	rs10084156	56671237
chr22	39613316	39613346	rs1008677	39613331
chr1	65844991	65845021	rs10127957	65845006
chr2	174197274	174197304	rs10191904	174197289
chr2	2321447	2321477	rs10195351	2321462
chr7	71308270	71308300	rs10238960	71308285
chr1	8476983	8477013	rs1024197	8476998
chr7	71313947	71313977	rs10256635	71313962
chr7	131848995	131849025	rs10264040	131849010
chr14	103840344	103840374	rs1040813	103840359
chr17	45839128	45839158	rs10445333	45839143
chr17	45838975	45839005	rs10445364	45838990
chr5	139649210	139649240	rs10447226	139649225
chr12	14259430	14259460	rs10454496	14259445
chr11	130953666	130953696	rs10466547	130953681
chr22	41938934	41938964	rs1047997	41938949
chr7	131889547	131889577	rs10488343	131889562
chr13	58330164	58330194	rs10492604	58330179
chr1	98179642	98179672	rs10493900	98179657
chr18	72147863	72147893	rs10514040	72147878
chr5	152931186	152931216	rs10515677	152931201
chr4	175823373	175823403	rs10520313	175823388
chr15	43769589	43769619	rs1053492	43769604
chr15	89335880	89335910	rs1054875	89335895
chr11	28622305	28622335	rs10742197	28622320
chr9	10236231	10236261	rs10756010	10236246
chr12	122123354	122123384	rs10773037	122123369
chr12	2259493	2259523	rs10774035	2259508
chr12	91863021	91863051	rs10777340	91863036
chr12	91863027	91863057	rs10777341	91863042
chr10	102627963	102627993	rs10786700	102627978
chr1	71687636	71687666	rs10789321	71687651
chr1	73500171	73500201	rs10789373	73500186
chr15	84634051	84634081	rs10795	84634066
chr1	173714800	173714830	rs10798295	173714815
chr1	200995194	200995224	rs10800749	200995209
chr1	243273949	243273979	rs10803132	243273964
chr3	181210663	181210693	rs10804885	181210678
chr11	28622315	28622345	rs10835371	28622330
chr11	45896388	45896418	rs10838528	45896403
chr11	46315429	46315459	rs10838596	46315444
chr11	47406803	47406833	rs10838707	47406818
chr1	6626139	6626169	rs10864629	6626154
chr16	29974869	29974899	rs10871451	29974884
chr1	98179458	98179488	rs10875130	98179473
chr1	98179621	98179651	rs10875131	98179636
chr10	102660246	102660276	rs10883761	102660261
chr10	102918115	102918145	rs10883801	102918130
chr1	71687446	71687476	rs10889929	71687461
chr1	43565807	43565837	rs10890255	43565822
chr1	43764572	43764602	rs10890279	43764587
chr11	81473056	81473086	rs10897821	81473071
chr1	200995139	200995169	rs10920085	200995154
chr1	201011853	201011883	rs10920094	201011868
chr1	243288088	243288118	rs10926981	243288103
chr1	243329250	243329280	rs10926991	243329265
chr1	243394342	243394372	rs10927006	243394357
chr5	61432148	61432178	rs10939902	61432163
chr8	33812846	33812876	rs10954935	33812861
chr10	62632071	62632101	rs10995246	62632086
chr10	62636267	62636297	rs10995248	62636282
chr10	62637141	62637171	rs10995249	62637156
chr10	62637146	62637176	rs10995250	62637161
chr10	18619313	18619343	rs11015180	18619328
chr11	28445119	28445149	rs11030336	28445134
chr11	28627175	28627205	rs11030393	28627190
chr11	45859983	45860013	rs11038697	45859998
chr11	45996329	45996359	rs11038739	45996344
chr11	46006715	46006745	rs11038742	46006730
chr11	47565495	47565525	rs11039300	47565510
chr12	14257685	14257715	rs11055880	14257700
chr12	122131402	122131432	rs11061602	122131417
chr12	2239663	2239693	rs11062170	2239678
chr15	61542013	61542043	rs11071612	61542028
chr1	8312461	8312491	rs1107284	8312476
chr1	8312253	8312283	rs1107286	8312268
chr17	46192583	46192613	rs11079733	46192598
chr3	52686049	52686079	rs1108842	52686064
chr3	53259342	53259372	rs11130367	53259357
chr4	175944600	175944630	rs11133120	175944615
chr17	45775361	45775391	rs111370985	45775376
chr13	43777077	43777107	rs11147927	43777092
chr18	55399082	55399112	rs11152369	55399097
chr14	103525744	103525774	rs11160752	103525759
chr1	98133064	98133094	rs11165952	98133079
chr2	197500304	197500334	rs1116734	197500319
chr5	152278225	152278255	rs11167575	152278240
chr14	103881632	103881662	rs111809035	103881647
chr10	103013592	103013622	rs11191514	103013607
chr17	45895740	45895770	rs111972148	45895755
chr1	43932558	43932588	rs112018955	43932573
chr1	43634398	43634428	rs11210892	43634413
chr1	43767240	43767270	rs11210916	43767255
chr11	113138035	113138065	rs11214511	113138050
chr11	113173991	113174021	rs11214529	113174006
chr11	133945882	133945912	rs11223635	133945897
chr11	133970502	133970532	rs11223648	133970517
chr11	133971669	133971699	rs11223654	133971684
chr11	134036354	134036384	rs11223668	134036369
chr11	47443146	47443176	rs112261189	47443161
chr17	45965487	45965517	rs112415880	45965502
chr17	45681504	45681534	rs112431991	45681519
chr8	34501039	34501069	rs112476302	34501054
chr1	153969023	153969053	rs11264743	153969038
chr14	103541399	103541429	rs113044050	103541414
chr11	45913818	45913848	rs1132349	45913833
chr17	45896027	45896057	rs113347741	45896042
chr2	232948042	232948072	rs113593461	232948057
chr17	45775352	45775382	rs113871181	45775367
chr2	174074394	174074424	rs114227716	174074409
chr5	138458242	138458272	rs114318690	138458257
chr13	58144620	58144650	rs114374937	58144635
chr16	66895277	66895307	rs114488519	66895292
chr5	152595865	152595895	rs114852555	152595880
chr8	38268826	38268856	rs1149	38268841
chr2	232741478	232741508	rs115255027	232741493
chr2	25229429	25229459	rs115265285	25229444
chr11	47565885	47565915	rs11537751	47565900
chr14	103385812	103385842	rs11541718	103385827
chr2	174082017	174082047	rs11558990	174082032
chr17	45894404	45894434	rs11575895	45894419
chr17	45894761	45894791	rs11575896	45894776
chr1	201034908	201034938	rs11576681	201034923
chr1	201014346	201014376	rs11580823	201014361
chr2	48439899	48439929	rs115816414	48439914
chr1	150066975	150067005	rs11584354	150066990
chr1	201005745	201005775	rs11584527	201005760
chr1	243746750	243746780	rs11586029	243746765
chr1	200973242	200973272	rs11586032	200973257
chr1	201021195	201021225	rs11587290	201021210
chr1	201005972	201006002	rs11589573	201005987
chr1	153899101	153899131	rs11589857	153899116
chr11	113569557	113569587	rs115990434	113569572
chr11	57667809	57667839	rs11602109	57667824
chr11	47415467	47415497	rs11602837	47415482
chr5	152595867	152595897	rs116047451	152595882
chr11	57667724	57667754	rs11606396	57667739
chr12	122123593	122123623	rs11608788	122123608
chr2	232928378	232928408	rs116332744	232928393
chr16	89534811	89534841	rs11649090	89534826
chr18	79870585	79870615	rs11660941	79870600
chr2	232925757	232925787	rs11675082	232925772
chr2	174078942	174078972	rs11675247	174078957
chr2	76169693	76169723	rs11678895	76169708
chr11	47106646	47106676	rs116841564	47106661
chr2	174080763	174080793	rs116858698	174080778
chr11	47552497	47552527	rs116929680	47552512
chr2	224532677	224532707	rs11694987	224532692
chr19	2169166	2169196	rs116965803	2169181
chr3	181139302	181139332	rs11708198	181139317
chr3	50254877	50254907	rs11715758	50254892
chr6	96016169	96016199	rs117178087	96016184
chr22	39521027	39521057	rs117186267	39521042
chr5	152424583	152424613	rs11739168	152424598
chr5	138466700	138466730	rs11743810	138466715
chr11	48018694	48018724	rs117503747	48018709
chr7	1987798	1987828	rs11763870	1987813
chr11	46337050	46337080	rs117671462	46337065
chr11	47516535	47516565	rs117784947	47516550
chr15	34367301	34367331	rs117799466	34367316
chr8	88263834	88263864	rs11782646	88263849
chrX	6094904	6094934	rs11796499	6094919
chrX	5999375	5999405	rs11798525	5999390
chr1	243453871	243453901	rs11810833	243453886
chr11	133996176	133996206	rs118151645	133996191
chr11	47484719	47484749	rs11821273	47484734
chr12	123946487	123946517	rs11835839	123946502
chr4	117746064	117746094	rs11945758	117746079
chr5	138504589	138504619	rs11956240	138504604
chr5	152632239	152632269	rs11956651	152632254
chr7	8509542	8509572	rs11972718	8509557
chr1	6601657	6601687	rs12028517	6601672
chr1	35725414	35725444	rs12034163	35725429
chr1	153883873	153883903	rs12042562	153883888
chr1	153881889	153881919	rs12043350	153881904
chr1	98132448	98132478	rs12043365	98132463
chr1	98133573	98133603	rs12044342	98133588
chr1	98133174	98133204	rs12046836	98133189
chr1	150039158	150039188	rs12058090	150039173
chr1	150039336	150039366	rs12060211	150039351
chr1	150039373	150039403	rs12061565	150039388
chr14	29035179	29035209	rs1209174	29035194
chr14	29035134	29035164	rs1209175	29035149
chr1	174052157	174052187	rs12092774	174052172
chr1	243851246	243851276	rs12094774	243851261
chr1	8421957	8421987	rs12095124	8421972
chr1	174052541	174052571	rs12096785	174052556
chr1	6600274	6600304	rs12124126	6600289
chr1	6625699	6625729	rs12127191	6625714
chr1	98222120	98222150	rs12129731	98222135
chr1	28664126	28664156	rs12130117	28664141
chr1	50106409	50106439	rs12138061	50106424
chr1	243559897	243559927	rs12144559	243559912
chr11	57741191	57741221	rs12146541	57741206
chr14	103540364	103540394	rs12147596	103540379
chr14	103384554	103384584	rs12147655	103384569
chr22	41928603	41928633	rs12158335	41928618
chr22	40721422	40721452	rs12160628	40721437
chr22	42269096	42269126	rs12168969	42269111
chr6	64233983	64234013	rs12175973	64233998
chr12	124008048	124008078	rs12303671	124008063
chr10	18582506	18582536	rs12355452	18582521
chr10	18618983	18619013	rs12356125	18618998
chr10	18514394	18514424	rs12357063	18514409
chr10	18582505	18582535	rs12360345	18582520
chr11	134033002	134033032	rs12361880	134033017
chr10	102869239	102869269	rs12416687	102869254
chr13	57760857	57760887	rs12430879	57760872
chr2	174072108	174072138	rs12466788	174072123
chr22	41561197	41561227	rs12484315	41561212
chr22	41621041	41621071	rs12485198	41621056
chr3	53259955	53259985	rs12490667	53259970
chr4	175810235	175810265	rs12498839	175810250
chr4	175943835	175943865	rs12500012	175943850
chr6	164764477	164764507	rs12529170	164764492
chr8	34663749	34663779	rs12545278	34663764
chr8	34663790	34663820	rs12547489	34663805
chr8	1080172	1080202	rs12549337	1080187
chr11	113123944	113123974	rs1261877	113123959
chr11	113137583	113137613	rs1261878	113137598
chr2	25215001	25215031	rs12624309	25215016
chr5	152694514	152694544	rs12655993	152694529
chr5	109742324	109742354	rs12656571	109742339
chr8	110585852	110585882	rs12675948	110585867
chr8	27655254	27655284	rs12677898	27655269
chr8	38382475	38382505	rs12678205	38382490
chr8	38379061	38379091	rs12681196	38379076
chr2	22500400	22500430	rs12712498	22500415
chr2	72940406	72940436	rs12713779	72940421
chr1	243851978	243852008	rs12752825	243851993
chr10	62681429	62681459	rs12766391	62681444
chr11	133933725	133933755	rs12792462	133933740
chr12	123973440	123973470	rs12823740	123973455
chrX	6120378	6120408	rs12834723	6120393
chr13	58079216	58079246	rs12866015	58079231
chr14	103539990	103540020	rs12880077	103540005
chr14	103540062	103540092	rs12880224	103540077
chr14	103541203	103541233	rs12885878	103541218
chr14	103541807	103541837	rs12891360	103541822
chr14	103568940	103568970	rs12894729	103568955
chr15	84658173	84658203	rs12904605	84658188
chr16	89566302	89566332	rs12932628	89566317
chr17	57665901	57665931	rs12938078	57665916
chr18	55084462	55084492	rs12969453	55084477
chr2	58238088	58238118	rs12988249	58238103
chr2	144383959	144383989	rs12991836	144383974
chr2	144404320	144404350	rs13009259	144404335
chr2	144444793	144444823	rs13013418	144444808
chr2	48530429	48530459	rs13015195	48530444
chr2	37323927	37323957	rs13015451	37323942
chr22	42074298	42074328	rs13057094	42074313
chr3	53254444	53254474	rs13059189	53254459
chr3	53254193	53254223	rs13101181	53254208
chr5	153197341	153197371	rs13156828	153197356
chr5	138505156	138505186	rs13164092	138505171
chr5	139701145	139701175	rs13174863	139701160
chr5	152907164	152907194	rs13187261	152907179
chr7	133576056	133576086	rs13244007	133576071
chr22	39592155	39592185	rs132582	39592170
chr13	58549620	58549650	rs1330739	58549635
chr8	38411981	38412011	rs13317	38411996
chr22	42069555	42069585	rs133371	42069570
chr22	42069922	42069952	rs133374	42069937
chr22	42070490	42070520	rs133375	42070505
chr22	42070931	42070961	rs133377	42070946
chr22	42071676	42071706	rs133378	42071691
chr22	42074589	42074619	rs133381	42074604
chr2	172092791	172092821	rs13388257	172092806
chr2	172092900	172092930	rs13390848	172092915
chr2	232945474	232945504	rs13400104	232945489
chr2	2325553	2325583	rs13419191	2325568
chr2	25231084	25231114	rs13420827	25231099
chr1	98131982	98132012	rs1352254	98131997
chr1	8361128	8361158	rs13596	8361143
chr1	243316719	243316749	rs137903012	243316734
chr4	117815825	117815855	rs1380373	117815840
chr6	164555432	164555462	rs1391239	164555447
chr1	98057216	98057246	rs139889128	98057231
chr12	122097931	122097961	rs140025566	122097946
chr11	45908718	45908748	rs140163079	45908733
chr11	46294013	46294043	rs140887381	46294028
chr2	25376288	25376318	rs141216273	25376303
chr14	103871300	103871330	rs141598864	103871315
chr1	243506033	243506063	rs1417121	243506048
chr11	46489912	46489942	rs141758483	46489927
chr19	2165369	2165399	rs141958336	2165384
chr1	43651490	43651520	rs142710744	43651505
chr15	89370011	89370041	rs143590968	89370026
chr11	113120881	113120911	rs1436109	113120896
chr12	122102415	122102445	rs143679453	122102430
chr4	142953517	142953547	rs1441423	142953532
chr11	47540674	47540704	rs144358463	47540689
chr4	33716183	33716213	rs1444377	33716198
chr5	138491382	138491412	rs145236749	138491397
chr11	133987780	133987810	rs146202776	133987795
chr5	153313792	153313822	rs1462114	153313807
chr5	153313858	153313888	rs1462115	153313873
chr19	30548073	30548103	rs1469705	30548088
chr11	46339780	46339810	rs147666686	46339795
chr12	122101021	122101051	rs147802020	122101036
chr6	69128487	69128517	rs1482327	69128502
chr8	34287739	34287769	rs148547652	34287754
chr11	46119856	46119886	rs148683230	46119871
chr13	57734191	57734221	rs149985924	57734206
chr3	71522530	71522560	rs1499894	71522545
chr3	71522501	71522531	rs1499895	71522516
chr15	89392294	89392324	rs150292	89392309
chr15	89391571	89391601	rs150293	89391586
chr15	89387902	89387932	rs150294	89387917
chr15	89398617	89398647	rs150296	89398632
chr15	89398633	89398663	rs150297	89398648
chr15	89399794	89399824	rs150298	89399809
chr15	89400091	89400121	rs150299	89400106
chr15	89402715	89402745	rs150301	89402730
chr15	89403543	89403573	rs150302	89403558
chr15	89387342	89387372	rs150351	89387357
chr15	89402333	89402363	rs150354	89402348
chr11	46012137	46012167	rs150956438	46012152
chr22	41562360	41562390	rs150975224	41562375
chr4	142961845	142961875	rs1510137	142961860
chr3	80535582	80535612	rs1516584	80535597
chr3	80746004	80746034	rs1520589	80746019
chr3	80746090	80746120	rs1520590	80746105
chr7	79724718	79724748	rs1523842	79724733
chr3	36819690	36819720	rs1532965	36819705
chr1	201040413	201040443	rs1546416	201040428
chr5	140966868	140966898	rs155364	140966883
chr7	86374554	86374584	rs1554888	86374569
chr8	27460455	27460485	rs1560344	27460470
chr7	131935073	131935103	rs1593304	131935088
chr6	92404292	92404322	rs1593657	92404307
chr1	8424153	8424183	rs159961	8424168
chr5	153350480	153350510	rs159969	153350495
chr5	153352831	153352861	rs159972	153352846
chr5	153353266	153353296	rs159973	153353281
chr17	45679588	45679618	rs1635288	45679603
chr7	137395285	137395315	rs1647181	137395300
chr1	177302162	177302192	rs16851037	177302177
chr2	174160532	174160562	rs16862442	174160547
chr5	89447387	89447417	rs16867571	89447402
chr10	62637763	62637793	rs16917546	62637778
chr19	30493187	30493217	rs16964244	30493202
chrX	6059526	6059556	rs16997690	6059541
chr2	72936864	72936894	rs17008495	72936879
chr2	76019291	76019321	rs17012055	76019306
chr8	27595490	27595520	rs17057441	27595505
chr14	103333302	103333332	rs17101505	103333317
chr14	71961902	71961932	rs17104975	71961917
chr1	98111341	98111371	rs17117616	98111356
chr13	58328728	58328758	rs17193574	58328743
chr3	36852459	36852489	rs17195098	36852474
chr12	14257536	14257566	rs17221259	14257551
chr13	57741023	57741053	rs17263011	57741038
chr2	174161892	174161922	rs17319260	174161907
chr11	81460036	81460066	rs17382292	81460051
chr11	81484483	81484513	rs17384174	81484498
chr18	55399938	55399968	rs17509991	55399953
chr18	55401434	55401464	rs17510124	55401449
chr5	154271884	154271914	rs17552639	154271899
chr17	45740841	45740871	rs17563827	45740856
chr17	46013415	46013445	rs17573858	46013430
chr2	155022480	155022510	rs17582398	155022495
chr18	55409989	55410019	rs17595212	55410004
chr14	103333747	103333777	rs17609936	103333762
chr2	155022531	155022561	rs17643450	155022546
chr17	45960110	45960140	rs17650842	45960125
chr17	45966839	45966869	rs17650973	45966854
chr17	45967127	45967157	rs17650991	45967142
chr15	89370386	89370416	rs176644	89370401
chr15	89375849	89375879	rs176646	89375864
chr15	89378723	89378753	rs176647	89378738
chr15	89396282	89396312	rs176648	89396297
chr2	144462106	144462136	rs17677434	144462121
chr17	45681667	45681697	rs17687838	45681682
chr17	45687606	45687636	rs17688090	45687621
chr17	45687699	45687729	rs17688126	45687714
chr2	144438614	144438644	rs17738837	144438629
chr6	69332138	69332168	rs17748715	69332153
chr11	46000140	46000170	rs17787304	46000155
chr3	107690526	107690556	rs17811616	107690541
chr7	128074351	128074381	rs178734	128074366
chr10	102901473	102901503	rs17884001	102901488
chr18	56108008	56108038	rs1789595	56108023
chr22	42090704	42090734	rs1801311	42090719
chr3	181057184	181057214	rs1805611	181057199
chr3	181056870	181056900	rs1805646	181056885
chr16	90019393	90019423	rs181678098	90019408
chr15	89400355	89400385	rs182317	89400370
chr1	150160417	150160447	rs1824849	150160432
chr5	139674433	139674463	rs183072	139674448
chr19	19386845	19386875	rs1858999	19386860
chr5	138439377	138439407	rs1859466	138439392
chr19	56671534	56671564	rs1861221	56671549
chr5	139649400	139649430	rs187167	139649415
chr6	164796030	164796060	rs1877163	164796045
chr6	164795975	164796005	rs1877164	164795990
chr6	164795946	164795976	rs1877165	164795961
chr2	232925924	232925954	rs1878287	232925939
chr2	232926883	232926913	rs1878289	232926898
chr1	8477214	8477244	rs1884352	8477229
chr20	38686278	38686308	rs1885459	38686293
chr20	38685812	38685842	rs1885460	38685827
chr2	25231220	25231250	rs192230289	25231235
chr5	140868939	140868969	rs192231	140868954
chr8	64378481	64378511	rs192721	64378496
chr6	68968010	68968040	rs1953613	68968025
chr18	72107699	72107729	rs1970690	72107714
chr17	45903149	45903179	rs1984937	45903164
chr17	46771136	46771166	rs199523	46771151
chr17	46771057	46771087	rs199524	46771072
chr17	46759272	46759302	rs199530	46759287
chr1	201036663	201036693	rs1995681	201036678
chr8	34516504	34516534	rs199627764	34516519
chr11	133968311	133968341	rs2000852	133968326
chr11	133968507	133968537	rs2000853	133968522
chr2	232925722	232925752	rs2004203	232925737
chr1	8510382	8510412	rs2024774	8510397
chr1	243715186	243715216	rs2034915	243715201
chr5	138595387	138595417	rs2043273	138595402
chr1	243254746	243254776	rs2087563	243254761
chr15	89384314	89384344	rs208824	89384329
chr15	89383553	89383583	rs208826	89383568
chr15	89399085	89399115	rs208827	89399100
chr17	45841724	45841754	rs2106785	45841739
chr2	60273334	60273364	rs2110398	60273349
chr7	131941129	131941159	rs2113890	131941144
chr5	152994446	152994476	rs2118788	152994461
chr5	153130544	153130574	rs2118792	153130559
chr4	33723768	33723798	rs2120677	33723783
chr11	47608226	47608256	rs2138767	47608241
chr7	111224228	111224258	rs214469	111224243
chr2	60273265	60273295	rs2160067	60273280
chr2	25230022	25230052	rs2164411	25230037
chr4	33723994	33724024	rs2166108	33724009
chr7	86357295	86357325	rs2192395	86357310
chr7	105012803	105012833	rs2192932	105012818
chr5	153491434	153491464	rs2195450	153491449
chr5	153459646	153459676	rs2195451	153459661
chr13	58144461	58144491	rs2197478	58144476
chr13	58144529	58144559	rs2218501	58144544
chr4	102869014	102869044	rs223332	102869029
chr4	102868638	102868668	rs223333	102868653
chr4	102829144	102829174	rs223385	102829159
chr4	102829096	102829126	rs223386	102829111
chr4	102828344	102828374	rs223387	102828359
chr4	102828272	102828302	rs223388	102828287
chr4	102827625	102827655	rs223390	102827640
chr11	134034275	134034305	rs2236657	134034290
chr1	28835472	28835502	rs2236855	28835487
chr1	28835298	28835328	rs2236856	28835313
chr1	28835082	28835112	rs2236857	28835097
chr1	28813229	28813259	rs2236861	28813244
chr8	27442556	27442586	rs2241659	27442571
chr8	27442589	27442619	rs2241660	27442604
chr14	103517942	103517972	rs2246490	103517957
chr1	43451951	43451981	rs2251802	43451966
chr1	43451723	43451753	rs2251804	43451738
chr12	121016495	121016525	rs2258287	121016510
chr22	42079684	42079714	rs2269524	42079699
chr11	45913687	45913717	rs2271845	45913702
chr14	103563097	103563127	rs2274267	103563112
chr14	103333719	103333749	rs2281824	103333734
chr14	103333962	103333992	rs2281825	103333977
chr12	2189867	2189897	rs2283288	2189882
chr15	89332990	89333020	rs2283430	89333005
chr5	109740772	109740802	rs2284989	109740787
chr2	232884953	232884983	rs2292724	232884968
chr2	232885349	232885379	rs2292725	232885364
chr1	173900477	173900507	rs2295958	173900492
chr14	103563440	103563470	rs2296483	103563455
chr10	102920206	102920236	rs2297786	102920221
chr1	200973291	200973321	rs2297913	200973306
chr1	28839310	28839340	rs2298897	28839325
chr6	146423673	146423703	rs2300628	146423688
chr5	109749091	109749121	rs2300999	109749106
chr19	49665748	49665778	rs2304204	49665763
chr19	49665655	49665685	rs2304205	49665670
chr19	49665599	49665629	rs2304206	49665614
chr16	9828631	9828661	rs2315271	9828646
chr8	27465871	27465901	rs2322583	27465886
chr8	27465859	27465889	rs2322584	27465874
chr8	27465650	27465680	rs2322586	27465665
chr4	175946458	175946488	rs2333324	175946473
chr4	175947195	175947225	rs2333325	175947210
chr7	131849042	131849072	rs2333896	131849057
chr10	18260697	18260727	rs2357928	18260712
chr14	103545077	103545107	rs2403194	103545092
chr17	45949167	45949197	rs242561	45949182
chr17	45910824	45910854	rs2435204	45910839
chr1	43565971	43566001	rs2478978	43565986
chr10	18258387	18258417	rs2482107	18258402
chr7	71349402	71349432	rs2527312	71349417
chr6	92504857	92504887	rs2555738	92504872
chr5	153299601	153299631	rs2560231	153299616
chr8	27467312	27467342	rs2565061	27467327
chr2	232927700	232927730	rs2592118	232927715
chr2	232926923	232926953	rs2592127	232926938
chr8	64418044	64418074	rs2612604	64418059
chr1	8409714	8409744	rs2661868	8409729
chr2	232927263	232927293	rs2675959	232927278
chr2	232927384	232927414	rs2675960	232927399
chr8	33473079	33473109	rs2676415	33473094
chr2	57886845	57886875	rs2683634	57886860
chr7	79789642	79789672	rs2689810	79789657
chr17	46192678	46192708	rs2696633	46192693
chr8	1054014	1054044	rs2701903	1054029
chr8	1053467	1053497	rs2701905	1053482
chr7	79742261	79742291	rs2707915	79742276
chr4	89757375	89757405	rs2736990	89757390
chr8	27468595	27468625	rs2741343	27468610
chr6	92406179	92406209	rs2757023	92406194
chr6	92406169	92406199	rs2757024	92406184
chr1	43435772	43435802	rs2782647	43435787
chr1	43455000	43455030	rs2782651	43455015
chr1	243311219	243311249	rs2783971	243311234
chr13	56365866	56365896	rs2784002	56365881
chr1	8437483	8437513	rs2784739	8437498
chr1	8440982	8441012	rs2784740	8440997
chr14	71891955	71891985	rs28138	71891970
chr17	1400469	1400499	rs28365859	1400484
chr22	41620507	41620537	rs28384701	41620522
chr4	33725038	33725068	rs28394002	33725053
chr3	162018739	162018769	rs28413956	162018754
chr1	43436230	43436260	rs2842180	43436245
chr15	89335145	89335175	rs2856268	89335160
chr22	42070961	42070991	rs2859438	42070976
chr3	177051084	177051114	rs28649009	177051099
chr15	40277668	40277698	rs28676999	40277683
chr12	122116727	122116757	rs28737311	122116742
chr2	232925750	232925780	rs2880986	232925765
chr2	60274066	60274096	rs2901000	60274081
chr11	48088381	48088411	rs2904315	48088396
chr19	19364893	19364923	rs2905425	19364908
chr19	19367198	19367228	rs2905426	19367213
chr19	19367199	19367229	rs2905427	19367214
chr19	19373471	19373501	rs2905432	19373486
chr19	19385130	19385160	rs2905435	19385145
chr2	232927482	232927512	rs2944590	232927497
chr7	72336632	72336662	rs2944819	72336647
chr7	72336285	72336315	rs2944820	72336300
chr11	45993572	45993602	rs2959100	45993587
chr11	45996573	45996603	rs2959101	45996588
chr5	152557142	152557172	rs2961757	152557157
chr1	200975021	200975051	rs296564	200975036
chr1	200974914	200974944	rs296565	200974929
chr1	200974407	200974437	rs296566	200974422
chr1	200972791	200972821	rs296567	200972806
chr1	200972682	200972712	rs296568	200972697
chr1	200972612	200972642	rs296569	200972627
chr1	200972406	200972436	rs296570	200972421
chr16	89454029	89454059	rs2965949	89454044
chr16	89475372	89475402	rs2965960	89475387
chr8	64384392	64384422	rs298197	64384407
chr8	64384594	64384624	rs298198	64384609
chr8	64385028	64385058	rs298199	64385043
chr8	64385730	64385760	rs298200	64385745
chr8	64380209	64380239	rs298214	64380224
chr8	64380483	64380513	rs298215	64380498
chr8	64380623	64380653	rs298216	64380638
chr8	64382100	64382130	rs298218	64382115
chr1	8409262	8409292	rs301789	8409277
chr1	8409209	8409239	rs301790	8409224
chr1	8408297	8408327	rs301791	8408312
chr1	8408203	8408233	rs301792	8408218
chr1	8422003	8422033	rs301806	8422018
chr1	8424748	8424778	rs301807	8424763
chr11	132692584	132692614	rs3018396	132692599
chr11	134636143	134636173	rs3019649	134636158
chr5	153341287	153341317	rs304864	153341302
chr5	153341539	153341569	rs304865	153341554
chr1	150187349	150187379	rs3118119	150187364
chr11	134036052	134036082	rs3132800	134036067
chr11	134036137	134036167	rs3132823	134036152
chr15	89335332	89335362	rs3176149	89335347
chr14	103696776	103696806	rs3212134	103696791
chr16	89917947	89917977	rs3212354	89917962
chr16	89918181	89918211	rs3212357	89918196
chr16	89918316	89918346	rs3212358	89918331
chr19	11290414	11290444	rs322129	11290429
chr7	128077587	128077617	rs322831	128077602
chr7	128075835	128075865	rs322832	128075850
chr12	57094016	57094046	rs324017	57094031
chr11	133935675	133935705	rs329637	133935690
chr11	133941486	133941516	rs329641	133941501
chr11	133942389	133942419	rs329642	133942404
chr11	133987568	133987598	rs329685	133987583
chr18	72100823	72100853	rs337740	72100838
chr17	45756933	45756963	rs34008514	45756948
chr17	45756540	45756570	rs34195569	45756555
chr17	45756693	45756723	rs34211253	45756708
chr14	103538616	103538646	rs34235720	103538631
chr1	243469924	243469954	rs34237495	243469939
chr5	153148743	153148773	rs34244108	153148758
chr3	17686780	17686810	rs34297417	17686795
chr8	27547675	27547705	rs34319290	27547690
chr17	45873839	45873869	rs34416056	45873854
chr2	72913707	72913737	rs34419497	72913722
chr5	139685235	139685265	rs34510678	139685250
chr5	139679416	139679446	rs34530707	139679431
chr1	43706772	43706802	rs34550543	43706787
chr2	155145715	155145745	rs34578247	155145730
chr17	45756600	45756630	rs34579278	45756615
chr14	99265379	99265409	rs34611983	99265394
chr14	103543278	103543308	rs34633710	103543293
chr2	174284566	174284596	rs34700006	174284581
chr6	164554779	164554809	rs34837768	164554794
chr3	2512913	2512943	rs34877519	2512928
chr14	103561643	103561673	rs34896432	103561658
chr5	139685580	139685610	rs35123781	139685595
chr2	174074340	174074370	rs35145102	174074355
chr15	84135247	84135277	rs35159785	84135262
chr13	58055862	58055892	rs35298938	58055877
chr1	201001906	201001936	rs35304341	201001921
chr11	124740862	124740892	rs35306015	124740877
chr11	46381287	46381317	rs35324223	46381302
chr7	128104166	128104196	rs35361134	128104181
chr5	156414628	156414658	rs35414747	156414643
chr4	89753265	89753295	rs356168	89753280
chr5	139653679	139653709	rs356447	139653694
chr5	139653419	139653449	rs356448	139653434
chr5	139675409	139675439	rs356450	139675424
chr5	139673963	139673993	rs356453	139673978
chr5	139633577	139633607	rs356461	139633592
chr11	57779513	57779543	rs35808061	57779528
chr15	84634477	84634507	rs36126054	84634492
chr12	122105263	122105293	rs36168754	122105278
chr16	58630683	58630713	rs37037	58630698
chr1	200972573	200972603	rs3738255	200972588
chr14	103279621	103279651	rs3742457	103279636
chr1	43828724	43828754	rs37454	43828739
chr1	43828541	43828571	rs37455	43828556
chr1	43812261	43812291	rs37470	43812276
chr22	39687710	39687740	rs3747179	39687725
chr16	4412603	4412633	rs3747581	4412618
chr2	2331090	2331120	rs3749051	2331105
chr5	140800961	140800991	rs3756338	140800976
chr5	140800937	140800967	rs3756339	140800952
chr5	140800851	140800881	rs3756340	140800866
chr5	109739793	109739823	rs3756597	109739808
chr5	138335354	138335384	rs3756761	138335369
chr5	138337463	138337493	rs3756766	138337478
chr7	128066968	128066998	rs3757753	128066983
chr7	128066614	128066644	rs3757755	128066629
chr14	103384920	103384950	rs3759579	103384935
chr16	4474044	4474074	rs3761680	4474059
chr2	224585429	224585459	rs3768886	224585444
chr2	37348223	37348253	rs3770754	37348238
chr8	64606594	64606624	rs3779870	64606609
chr11	45901124	45901154	rs3789023	45901139
chr1	43689697	43689727	rs3791036	43689712
chr1	8371532	8371562	rs3795310	8371547
chr4	169619691	169619721	rs3797040	169619706
chr5	109741801	109741831	rs3797695	109741816
chr5	138446500	138446530	rs3798153	138446515
chr15	89361946	89361976	rs3803526	89361961
chr15	89362048	89362078	rs3803527	89362063
chr5	140801137	140801167	rs3806845	140801152
chr7	128028003	128028033	rs3808058	128028018
chr2	48440590	48440620	rs3811522	48440605
chr5	153492510	153492540	rs3811983	153492525
chr9	93450849	93450879	rs3815563	93450864
chr1	243286564	243286594	rs3818802	243286579
chr2	174248769	174248799	rs3820898	174248784
chr5	140807722	140807752	rs3822346	140807737
chr5	139679417	139679447	rs3822742	139679432
chr7	104984164	104984194	rs3823752	104984179
chr18	79873961	79873991	rs3826576	79873976
chr1	43585110	43585140	rs3828149	43585125
chr5	153492146	153492176	rs3828595	153492161
chr14	103855674	103855704	rs3861678	103855689
chr17	45825357	45825387	rs3885074	45825372
chr11	134036884	134036914	rs3893083	134036899
chr1	243256112	243256142	rs3904682	243256127
chr16	89509185	89509215	rs3923714	89509200
chr4	34077018	34077048	rs3924935	34077033
chr10	102669867	102669897	rs3961457	102669882
chr11	46049687	46049717	rs4073513	46049702
chr16	66751963	66751993	rs4078027	66751978
chr1	43452202	43452232	rs41270373	43452217
chr18	55080443	55080473	rs4128242	55080458
chr5	138575100	138575130	rs41294556	138575115
chr2	174217565	174217595	rs4131583	174217580
chr7	131935392	131935422	rs4141858	131935407
chr11	46012083	46012113	rs4144718	46012098
chr2	232698006	232698036	rs4144795	232698021
chr2	232697472	232697502	rs4144797	232697487
chr5	140807057	140807087	rs4151680	140807072
chr16	4488098	4488128	rs4238849	4488113
chr3	17841161	17841191	rs4243834	17841176
chr17	63476818	63476848	rs4291	63476833
chr17	63476965	63476995	rs4292	63476980
chr3	30029939	30029969	rs4293666	30029954
chr17	63478922	63478952	rs4295	63478937
chr16	29973503	29973533	rs4318227	29973518
chr17	45825160	45825190	rs4327090	45825175
chr15	89359136	89359166	rs4335754	89359151
chr1	43660754	43660784	rs4336891	43660769
chr17	45825124	45825154	rs4341787	45825139
chr6	64225263	64225293	rs4351236	64225278
chr8	33805848	33805878	rs4380889	33805863
chr19	11293679	11293709	rs439151	11293694
chr5	152532860	152532890	rs4407620	152532875
chr11	28476077	28476107	rs4417256	28476092
chr2	48439582	48439612	rs4434042	48439597
chr13	58239014	58239044	rs4450280	58239029
chr3	162019590	162019620	rs4450831	162019605
chr13	58638009	58638039	rs4451855	58638024
chr7	128135661	128135691	rs4454232	128135676
chr4	117783750	117783780	rs4461585	117783765
chrX	5998703	5998733	rs4465094	5998718
chr11	28628534	28628564	rs4471400	28628549
chr17	45647831	45647861	rs448830	45647846
chr4	117908325	117908355	rs4505893	117908340
chr6	164859929	164859959	rs4506023	164859944
chr7	131934919	131934949	rs4523180	131934934
chr17	45825141	45825171	rs4523962	45825156
chr13	58144513	58144543	rs4531621	58144528
chr3	50259883	50259913	rs4547694	50259898
chr13	58239101	58239131	rs4548740	58239116
chr4	117784069	117784099	rs4568305	117784084
chr11	28628620	28628650	rs4575255	28628635
chr4	117783834	117783864	rs4585377	117783849
chr13	58637972	58638002	rs4591014	58637987
chr4	117784106	117784136	rs4594793	117784121
chr7	131869354	131869384	rs4612286	131869369
chr1	2443304	2443334	rs4648844	2443319
chr1	71690382	71690412	rs4650118	71690397
chr1	243448629	243448659	rs4658571	243448644
chr2	27796224	27796254	rs4666013	27796239
chr2	27796293	27796323	rs4666014	27796308
chr2	27796485	27796515	rs4666015	27796500
chr2	60267162	60267192	rs4671378	60267177
chr2	60267195	60267225	rs4672376	60267210
chr2	60267360	60267390	rs4672377	60267375
chr4	103009339	103009369	rs4698874	103009354
chr15	90883315	90883345	rs4702	90883330
chr6	164794695	164794725	rs4709898	164794710
chr6	164794729	164794759	rs4709899	164794744
chr6	64204812	64204842	rs4710468	64204827
chr6	64204860	64204890	rs4710469	64204875
chr5	153491609	153491639	rs472792	153491624
chr8	102657748	102657778	rs4734654	102657763
chr8	1068422	1068452	rs4735981	1068437
chr11	46977381	46977411	rs4752817	46977396
chr11	45896214	45896244	rs4755346	45896229
chr12	123946050	123946080	rs4765305	123946065
chr16	58516013	58516043	rs4784046	58516028
chr16	90082556	90082586	rs4785781	90082571
chr16	4435511	4435541	rs4786489	4435526
chr16	4487877	4487907	rs4786505	4487892
chr16	29961354	29961384	rs4788201	29961369
chr3	161747292	161747322	rs479750	161747307
chr18	79911815	79911845	rs4799108	79911830
chr19	30547298	30547328	rs4805577	30547313
chr19	19461284	19461314	rs4808959	19461299
chr22	42074570	42074600	rs4822088	42074585
chr3	161747076	161747106	rs482314	161747091
chr4	117746392	117746422	rs4833552	117746407
chr4	117746500	117746530	rs4834634	117746515
chr5	138335322	138335352	rs4835778	138335337
chr5	138446411	138446441	rs4835796	138446426
chr15	84145435	84145465	rs4842937	84145450
chr1	153923721	153923751	rs4845357	153923736
chr1	153923934	153923964	rs4845358	153923949
chr1	153923879	153923909	rs4845585	153923894
chr1	28828439	28828469	rs489272	28828454
chr1	8466067	8466097	rs4908760	8466082
chr1	200969331	200969361	rs4915210	200969346
chr1	200965507	200965537	rs4915472	200965522
chr10	102628938	102628968	rs4917979	102628953
chr10	102624257	102624287	rs4919666	102624272
chr1	150166222	150166252	rs4926412	150166237
chr12	123943769	123943799	rs4930726	123943784
chr15	89358622	89358652	rs4932216	89358637
chr15	89358786	89358816	rs4932217	89358801
chr11	133982774	133982804	rs4936215	133982789
chr11	133983098	133983128	rs4936216	133983113
chr11	113289710	113289740	rs4938006	113289725
chr12	108192758	108192788	rs4964235	108192773
chr2	232897226	232897256	rs4973566	232897241
chr11	57666635	57666665	rs499188	57666650
chr9	74743814	74743844	rs500102	74743829
chr11	133947423	133947453	rs502834	133947438
chr1	43650780	43650810	rs517191	43650795
chr1	43649336	43649366	rs519357	43649351
chr5	153493405	153493435	rs524610	153493420
chr2	25216079	25216109	rs527882868	25216094
chr17	45861415	45861445	rs55646970	45861430
chr17	45722128	45722158	rs55653963	45722143
chr17	45815407	45815437	rs55668363	45815422
chr17	45691120	45691150	rs55669046	45691135
chr17	45861501	45861531	rs55673092	45861516
chr17	13002242	13002272	rs55674356	13002257
chr8	38296038	38296068	rs55703821	38296053
chr3	117815263	117815293	rs55718530	117815278
chr6	69166959	69166989	rs55727434	69166974
chr14	103562454	103562484	rs55751606	103562469
chr17	45775728	45775758	rs55787105	45775743
chr8	38385595	38385625	rs55796824	38385610
chr17	13002411	13002441	rs55825263	13002426
chr11	45922595	45922625	rs55884539	45922610
chr17	45815403	45815433	rs55915917	45815418
chr8	143823556	143823586	rs55930529	143823571
chr17	45794847	45794877	rs55943044	45794862
chr17	45691115	45691145	rs55980621	45691130
chr5	152535104	152535134	rs56012817	152535119
chr1	201059156	201059186	rs56021911	201059171
chr4	142960142	142960172	rs56027920	142960157
chr17	45775854	45775884	rs56043078	45775869
chr17	45719865	45719895	rs56046792	45719880
chr17	45691086	45691116	rs56100013	45691101
chr19	30511240	30511270	rs56123858	30511255
chr17	45841920	45841950	rs56150806	45841935
chr17	45719706	45719736	rs56167344	45719721
chr17	45740451	45740481	rs56178230	45740466
chr18	79873614	79873644	rs56181785	79873629
chr3	117885353	117885383	rs56204450	117885368
chr15	40275021	40275051	rs56205728	40275036
chr7	131843928	131843958	rs56213452	131843943
chr19	30511260	30511290	rs56256009	30511275
chr3	117893240	117893270	rs56256549	117893255
chr17	13001807	13001837	rs56266951	13001822
chr5	152814519	152814549	rs56269251	152814534
chr5	152770791	152770821	rs56286804	152770806
chr17	45965402	45965432	rs56294117	45965417
chr8	38385694	38385724	rs56322953	38385709
chr17	13001793	13001823	rs56338821	13001808
chr5	152986377	152986407	rs56369204	152986392
chr5	152986375	152986405	rs56395246	152986390
chr11	46026818	46026848	rs56852527	46026833
chr5	154271777	154271807	rs56964148	154271792
chr17	45841232	45841262	rs56971664	45841247
chr15	89361122	89361152	rs57272144	89361137
chr5	152560662	152560692	rs57336534	152560677
chr17	12987383	12987413	rs57389307	12987398
chr2	48480687	48480717	rs57415181	48480702
chr7	128106326	128106356	rs57463770	128106341
chr22	41974972	41975002	rs5751191	41974987
chr18	55347387	55347417	rs57530083	55347402
chr22	39691369	39691399	rs5757773	39691384
chr22	41979742	41979772	rs5758527	41979757
chr8	27592698	27592728	rs57659462	27592713
chr14	103257404	103257434	rs57746378	103257419
chr17	12987319	12987349	rs57940266	12987334
chr7	1990217	1990247	rs58120505	1990232
chr5	139678854	139678884	rs585101	139678869
chr16	66728942	66728972	rs58727720	66728957
chr6	108562468	108562498	rs58775446	108562483
chr6	164832558	164832588	rs58896714	164832573
chr5	139677948	139677978	rs589153	139677963
chr8	27592700	27592730	rs58926002	27592715
chr11	65616269	65616299	rs58950470	65616284
chr6	164660949	164660979	rs59034682	164660964
chr15	89361439	89361469	rs59321638	89361454
chr6	64347673	64347703	rs593628	64347688
chr1	43643513	43643543	rs594293	43643528
chr6	64330806	64330836	rs596677	64330821
chr6	64330879	64330909	rs596767	64330894
chr13	58408613	58408643	rs59767996	58408628
chr18	55305203	55305233	rs59909085	55305218
chr22	39610606	39610636	rs5995759	39610621
chr5	139677861	139677891	rs599946	139677876
chr22	41947072	41947102	rs6002555	41947087
chr22	42080735	42080765	rs6002592	42080750
chr5	139677670	139677700	rs600848	139677685
chr7	128105540	128105570	rs60087663	128105555
chr5	139677476	139677506	rs601728	139677491
chr20	38686016	38686046	rs6027258	38686031
chr7	131851608	131851638	rs60398050	131851623
chr8	38382965	38382995	rs60558877	38382980
chr4	34076732	34076762	rs60584005	34076747
chr6	64347442	64347472	rs606191	64347457
chr20	38692710	38692740	rs6064886	38692725
chr20	38805475	38805505	rs6065078	38805490
chr11	134031944	134031974	rs608838	134031959
chr8	33555109	33555139	rs61212882	33555124
chr9	132054098	132054128	rs61363285	132054113
chr3	117921798	117921828	rs61384494	117921813
chr18	55347386	55347416	rs61602415	55347401
chr5	139660229	139660259	rs616529	139660244
chr11	47848521	47848551	rs61746002	47848536
chr1	200959764	200959794	rs61825292	200959779
chr1	243256389	243256419	rs61833906	243256404
chr11	46330701	46330731	rs61882674	46330716
chr11	46618017	46618047	rs61884264	46618032
chr11	113474175	113474205	rs61902807	113474190
chr11	113289467	113289497	rs61903976	113289482
chr13	58544536	58544566	rs61957654	58544551
chr13	58079031	58079061	rs61957741	58079046
chr14	103910465	103910495	rs61997568	103910480
chr15	89361300	89361330	rs62022627	89361315
chr15	89362882	89362912	rs62022629	89362897
chr17	45722286	45722316	rs62054378	45722301
chr17	45747958	45747988	rs62054435	45747973
chr17	45748187	45748217	rs62054436	45748202
chr17	45748195	45748225	rs62054437	45748210
chr17	45748330	45748360	rs62054438	45748345
chr17	45748344	45748374	rs62054439	45748359
chr17	45841270	45841300	rs62054811	45841285
chr17	45852611	45852641	rs62054824	45852626
chr17	45852652	45852682	rs62054825	45852667
chr17	45861253	45861283	rs62054846	45861268
chr17	45873739	45873769	rs62055491	45873754
chr17	45873964	45873994	rs62055492	45873979
chr17	45679529	45679559	rs62055693	45679544
chr17	45681361	45681391	rs62055700	45681376
chr17	45681406	45681436	rs62055701	45681421
chr17	45681409	45681439	rs62055702	45681424
chr17	45688397	45688427	rs62055716	45688412
chr17	45690849	45690879	rs62055754	45690864
chr17	45771369	45771399	rs62055935	45771384
chr17	45771380	45771410	rs62055936	45771395
chr17	45771587	45771617	rs62055937	45771602
chr17	45775224	45775254	rs62055947	45775239
chr17	45775240	45775270	rs62055948	45775255
chr17	45775752	45775782	rs62055950	45775767
chr17	45894223	45894253	rs62056778	45894238
chr17	45894556	45894586	rs62056779	45894571
chr17	45896271	45896301	rs62056780	45896286
chr17	45896849	45896879	rs62056782	45896864
chr17	45897168	45897198	rs62056783	45897183
chr17	45897508	45897538	rs62056784	45897523
chr17	45897882	45897912	rs62056785	45897897
chr17	45897904	45897934	rs62056786	45897919
chr17	45903381	45903411	rs62056802	45903396
chr17	45905982	45906012	rs62056805	45905997
chr17	45906420	45906450	rs62056806	45906435
chr17	46019854	46019884	rs62062289	46019869
chr17	45942098	45942128	rs62062768	45942113
chr17	45942262	45942292	rs62062769	45942277
chr17	45942299	45942329	rs62062770	45942314
chr17	45942901	45942931	rs62062771	45942916
chr17	45942933	45942963	rs62062772	45942948
chr17	45943164	45943194	rs62062773	45943179
chr17	45947171	45947201	rs62062784	45947186
chr17	45947181	45947211	rs62062785	45947196
chr17	45947279	45947309	rs62062786	45947294
chr17	45948940	45948970	rs62062793	45948955
chr17	45949013	45949043	rs62062794	45949028
chr17	45965997	45966027	rs62063291	45966012
chr17	45966255	45966285	rs62063292	45966270
chr17	45966776	45966806	rs62063294	45966791
chr17	45967050	45967080	rs62063295	45967065
chr17	45973442	45973472	rs62063775	45973457
chr17	45973469	45973499	rs62063776	45973484
chr17	45983642	45983672	rs62063786	45983657
chr17	45983655	45983685	rs62063787	45983670
chr17	46002658	46002688	rs62064663	46002673
chr17	46004081	46004111	rs62064664	46004096
chr17	46004146	46004176	rs62064665	46004161
chr18	55780000	55780030	rs62091221	55780015
chr18	53198514	53198544	rs62099231	53198529
chr2	48528323	48528353	rs62135193	48528338
chr2	174248263	174248293	rs62174175	174248278
chr2	172090690	172090720	rs62183854	172090705
chr2	172091706	172091736	rs62183855	172091721
chr2	172104032	172104062	rs62183859	172104047
chr2	161948494	161948524	rs62189668	161948509
chr3	71498424	71498454	rs62244860	71498439
chr3	117922365	117922395	rs62264766	117922380
chr3	117811913	117811943	rs62264956	117811928
chr5	109853924	109853954	rs62376382	109853939
chr5	89448130	89448160	rs62378245	89448145
chr5	152350121	152350151	rs62394495	152350136
chr7	128106991	128107021	rs62484016	128107006
chr3	80677659	80677689	rs627529	80677674
chr5	139634086	139634116	rs629831	139634101
chr17	45983394	45983424	rs63750417	45983409
chr1	73310975	73311005	rs6424546	73310990
chr1	73310998	73311028	rs6424547	73311013
chr1	73311152	73311182	rs6424548	73311167
chr1	201027046	201027076	rs6427870	201027061
chr7	128102403	128102433	rs6467160	128102418
chr7	128102495	128102525	rs6467161	128102510
chr7	128102520	128102550	rs6467162	128102535
chr8	64700125	64700155	rs6472147	64700140
chr11	28504685	28504715	rs6484373	28504700
chr11	48081300	48081330	rs6485807	48081315
chr12	122355610	122355640	rs6488933	122355625
chr15	89199834	89199864	rs6496565	89199849
chr17	45688500	45688530	rs6503443	45688515
chr4	117965914	117965944	rs6534071	117965929
chr12	108192539	108192569	rs6539416	108192554
chr8	27580774	27580804	rs6558008	27580789
chr13	58165729	58165759	rs6561957	58165744
chr16	29962831	29962861	rs6565173	29962846
chr1	8474454	8474484	rs6577488	8474469
chr1	8516851	8516881	rs6577494	8516866
chr1	43651320	43651350	rs660899	43651335
chrX	12173098	12173128	rs6639153	12173113
chr8	88590878	88590908	rs66469903	88590893
chr5	89449352	89449382	rs66580221	89449367
chr1	243246891	243246921	rs6662991	243246906
chr1	201011578	201011608	rs6663263	201011593
chr1	98103022	98103052	rs6664310	98103037
chr1	243253475	243253505	rs6668649	243253490
chr1	28822834	28822864	rs6669447	28822849
chr2	25215451	25215481	rs66707897	25215466
chr1	6602838	6602868	rs6674407	6602853
chr11	113278905	113278935	rs668204	113278920
chr1	2444390	2444420	rs6687012	2444405
chr1	201011555	201011585	rs6687260	201011570
chr6	92320835	92320865	rs66899146	92320850
chr1	43453727	43453757	rs6692611	43453742
chr1	114757734	114757764	rs6696332	114757749
chr8	27602108	27602138	rs66969288	27602123
chr1	201014879	201014909	rs6700264	201014894
chr1	201038685	201038715	rs6701496	201038700
chr2	2326331	2326361	rs6708950	2326346
chr2	172090617	172090647	rs6710250	172090632
chr2	48112093	48112123	rs6712238	48112108
chr1	200994966	200994996	rs67134955	200994981
chr12	122191276	122191306	rs67189233	122191291
chr2	48070490	48070520	rs6729708	48070505
chr2	193052897	193052927	rs6733195	193052912
chr5	139677637	139677667	rs673632	139677652
chr2	27735973	27736003	rs6753736	27735988
chr2	76019504	76019534	rs67627854	76019519
chr16	89565575	89565605	rs67723215	89565590
chr11	134022752	134022782	rs678998	134022767
chr5	152632862	152632892	rs67979431	152632877
chr4	117815664	117815694	rs6819399	117815679
chr5	139678989	139679019	rs682164	139679004
chr4	117815735	117815765	rs6824201	117815750
chr4	79272545	79272575	rs6839925	79272560
chr5	45135933	45135963	rs6859397	45135948
chr5	152376832	152376862	rs6866565	152376847
chr5	88401701	88401731	rs6870983	88401716
chr5	152632078	152632108	rs6873744	152632093
chr5	152994682	152994712	rs6877355	152994697
chr5	154271992	154272022	rs6881721	154272007
chr5	154272028	154272058	rs6882166	154272043
chr5	153130734	153130764	rs6898369	153130749
chr6	164764580	164764610	rs6904142	164764595
chr6	164832567	164832597	rs6905712	164832582
chr7	128027448	128027478	rs6944446	128027463
chr1	43450956	43450986	rs6954	43450971
chr1	200953139	200953169	rs696803	200953154
chr5	58458290	58458320	rs697134	58458305
chr7	133165536	133165566	rs6975382	133165551
chr8	38386332	38386362	rs6996860	38386347
chr8	38431033	38431063	rs7005874	38431048
chr12	50070672	50070702	rs706790	50070687
chr10	102626380	102626410	rs7086898	102626395
chr3	50320423	50320453	rs709210	50320438
chr22	41996541	41996571	rs710194	41996556
chr11	46489932	46489962	rs7106740	46489947
chr11	133968927	133968957	rs7106806	133968942
chr11	81472574	81472604	rs7106939	81472589
chr11	81472741	81472771	rs7107200	81472756
chr11	45922463	45922493	rs7109981	45922478
chr11	134377278	134377308	rs7113199	134377293
chr11	45920278	45920308	rs7115790	45920293
chr11	113168197	113168227	rs7121317	113168212
chr11	28628308	28628338	rs7121736	28628323
chr11	133968898	133968928	rs7122746	133968913
chr11	45922542	45922572	rs7124323	45922557
chr11	45922539	45922569	rs7124434	45922554
chr11	113565335	113565365	rs7125588	113565350
chr11	46478309	46478339	rs7130141	46478324
chr11	47163190	47163220	rs7130989	47163205
chr12	123954411	123954441	rs7132655	123954426
chr12	2194305	2194335	rs7133502	2194320
chr14	103561918	103561948	rs7148456	103561933
chr8	33895980	33896010	rs71512698	33895995
chr14	103279841	103279871	rs7156255	103279856
chr5	139690798	139690828	rs71579590	139690813
chr14	103518264	103518294	rs7159665	103518279
chr14	103535882	103535912	rs7161305	103535897
chr15	78620586	78620616	rs7170068	78620601
chr15	43746250	43746280	rs7174732	43746265
chr15	89243809	89243839	rs7178152	89243824
chr15	89242565	89242595	rs718457	89242580
chr16	4417517	4417547	rs7204827	4417532
chr17	1352193	1352223	rs7224258	1352208
chr18	55407372	55407402	rs7228846	55407387
chr19	19514723	19514753	rs7250893	19514738
chrX	12137965	12137995	rs72612868	12137980
chr20	38680653	38680683	rs7262449	38680668
chr8	38382859	38382889	rs72630624	38382874
chr1	8318524	8318554	rs72635792	8318539
chr1	35719081	35719111	rs72659661	35719096
chr1	28649105	28649135	rs72663818	28649120
chr1	150050835	150050865	rs72692873	150050850
chr1	150151557	150151587	rs72694954	150151572
chr1	150162008	150162038	rs72694956	150162023
chr1	150163078	150163108	rs72694957	150163093
chr1	150165940	150165970	rs72694959	150165955
chr1	97381284	97381314	rs72728435	97381299
chr16	58580814	58580844	rs72790275	58580829
chr5	152769823	152769853	rs72799173	152769838
chr5	152809359	152809389	rs72799193	152809374
chr5	152817136	152817166	rs72801007	152817151
chr5	152953729	152953759	rs72806703	152953744
chr2	25216378	25216408	rs72853661	25216393
chr11	45924403	45924433	rs72902492	45924418
chr6	92320746	92320776	rs72918669	92320761
chr18	55900609	55900639	rs72934600	55900624
chr18	55901212	55901242	rs72934602	55901227
chr18	55918418	55918448	rs72936329	55918433
chr15	89199797	89199827	rs729707	89199812
chr2	224507830	224507860	rs72972378	224507845
chr19	11738906	11738936	rs72986630	11738921
chr12	50187849	50187879	rs7301566	50187864
chr19	30511571	30511601	rs73022890	30511586
chr11	133970246	133970276	rs73036081	133970261
chr11	133971872	133971902	rs73036086	133971887
chr12	2194365	2194395	rs7308351	2194380
chr12	94793389	94793419	rs7316798	94793404
chr22	41382598	41382628	rs73176684	41382613
chr7	71348883	71348913	rs73181662	71348898
chr7	128122855	128122885	rs73239720	128122870
chr5	154273355	154273385	rs73281459	154273370
chr13	79281398	79281428	rs7333904	79281413
chr13	38264543	38264573	rs7334491	38264558
chr13	38264783	38264813	rs7337189	38264798
chr18	55418146	55418176	rs73477256	55418161
chr18	55426005	55426035	rs73477273	55426020
chr18	55318155	55318185	rs73490813	55318170
chr18	55385677	55385707	rs73492947	55385692
chr18	55389324	55389354	rs73492955	55389339
chr6	164860006	164860036	rs7356835	164860021
chr11	112963072	112963102	rs73573285	112963087
chr16	66920327	66920357	rs73586830	66920342
chr11	124800887	124800917	rs73611490	124800902
chr8	33921284	33921314	rs73673622	33921299
chr5	154273152	154273182	rs73805839	154273167
chr22	41977629	41977659	rs739293	41977644
chr1	72956770	72956800	rs74090531	72956785
chr1	73097145	73097175	rs74091266	73097160
chr1	73010113	73010143	rs74092633	73010128
chr1	115090908	115090938	rs74113828	115090923
chr20	49483071	49483101	rs74361372	49483086
chr8	34295499	34295529	rs74373474	34295514
chr8	27548665	27548695	rs74373662	27548680
chr22	41699445	41699475	rs743832	41699460
chr1	243852152	243852182	rs74394604	243852167
chr17	45895200	45895230	rs74457229	45895215
chr17	45896684	45896714	rs74496580	45896699
chr17	45895699	45895729	rs74548327	45895714
chr7	127535572	127535602	rs7457977	127535587
chr8	88678772	88678802	rs74584457	88678787
chr8	59800838	59800868	rs7463315	59800853
chr11	47306005	47306035	rs74757308	47306020
chr8	34495077	34495107	rs74760947	34495092
chr7	131921083	131921113	rs74764237	131921098
chr8	33554900	33554930	rs74782031	33554915
chr11	48088226	48088256	rs7479361	48088241
chr12	120903347	120903377	rs7486605	120903362
chr6	164691101	164691131	rs74885315	164691116
chr3	181176977	181177007	rs74896883	181176992
chr2	25307144	25307174	rs749130	25307159
chr2	25306740	25306770	rs749131	25306755
chr17	45841143	45841173	rs74922289	45841158
chr18	55355924	55355954	rs74965575	55355939
chr11	113014605	113014635	rs750350	113014620
chr17	45967442	45967472	rs75145092	45967457
chr2	174283094	174283124	rs75147539	174283109
chr2	232926186	232926216	rs751908	232926201
chr6	96014605	96014635	rs75271563	96014620
chr8	27580933	27580963	rs75277552	27580948
chr11	47153610	47153640	rs752848	47153625
chr11	47153761	47153791	rs752849	47153776
chr11	47153584	47153614	rs752850	47153599
chr1	73115191	73115221	rs75386358	73115206
chr11	46443796	46443826	rs75494138	46443811
chr17	45748097	45748127	rs75715199	45748112
chr8	34512175	34512205	rs75741813	34512190
chr17	45679452	45679482	rs757500	45679467
chr17	45679304	45679334	rs757501	45679319
chr2	48198881	48198911	rs7583634	48198896
chr2	37323745	37323775	rs7584565	37323760
chr19	56678335	56678365	rs758749	56678350
chr5	139637890	139637920	rs75903170	139637905
chr1	43660457	43660487	rs76017264	43660472
chr7	131853144	131853174	rs76070078	131853159
chr3	30036908	30036938	rs7612643	30036923
chr13	58594882	58594912	rs76172775	58594897
chr2	25280644	25280674	rs76240476	25280659
chr3	80688920	80688950	rs7624770	80688935
chr8	27547985	27548015	rs76247948	27548000
chr3	2517752	2517782	rs7626087	2517767
chr3	117809820	117809850	rs7630428	117809835
chr17	45895852	45895882	rs76324150	45895867
chr22	41919771	41919801	rs763263	41919786
chr17	45861118	45861148	rs76329216	45861133
chr2	174176941	174176971	rs76457036	174176956
chr22	42284180	42284210	rs76462269	42284195
chr3	53257951	53257981	rs7648309	53257966
chr5	153404822	153404852	rs765275	153404837
chr4	117957450	117957480	rs7657155	117957465
chr11	47915731	47915761	rs76590489	47915746
chr6	96016737	96016767	rs76593596	96016752
chr17	45894076	45894106	rs76594404	45894091
chr17	45897096	45897126	rs76632685	45897111
chr18	55319915	55319945	rs76641465	55319930
chr4	33724076	33724106	rs7665615	33724091
chr17	45722429	45722459	rs76667867	45722444
chr17	45740779	45740809	rs76728632	45740794
chr13	58593049	58593079	rs76729992	58593064
chr4	142953164	142953194	rs7681654	142953179
chr1	97566153	97566183	rs76901112	97566168
chr5	89448718	89448748	rs7701188	89448733
chr11	46296466	46296496	rs77047825	46296481
chr5	88827718	88827748	rs770525	88827733
chr12	122183069	122183099	rs77165791	122183084
chr6	164690101	164690131	rs77247429	164690116
chr17	45688000	45688030	rs77310586	45688015
chr8	27617339	27617369	rs77336101	27617354
chr14	103333249	103333279	rs77360671	103333264
chr3	53327934	53327964	rs77403204	53327949
chr6	164756265	164756295	rs7747058	164756280
chr1	98021509	98021539	rs77482155	98021524
chr1	243443840	243443870	rs77509857	243443855
chr15	89379284	89379314	rs77671429	89379299
chr14	103730770	103730800	rs77767735	103730785
chr17	45722423	45722453	rs77819001	45722438
chr2	232878384	232878414	rs778371	232878399
chr7	128136072	128136102	rs7790439	128136087
chr7	128136092	128136122	rs7790858	128136107
chr7	128100924	128100954	rs7792971	128100939
chr7	128101250	128101280	rs7793071	128101265
chr14	103881726	103881756	rs77970149	103881741
chr1	243749126	243749156	rs77973161	243749141
chr17	45690966	45690996	rs78052495	45690981
chr7	128101158	128101188	rs7811971	128101173
chr18	55418027	55418057	rs78281202	55418042
chr8	64695789	64695819	rs7830315	64695804
chr7	128135835	128135865	rs78313351	128135850
chr8	33805351	33805381	rs7833512	33805366
chr8	102656077	102656107	rs7835270	102656092
chr1	28553030	28553060	rs78405969	28553045
chr1	43545375	43545405	rs78406870	43545390
chr8	34646243	34646273	rs7844647	34646258
chr17	45690965	45690995	rs78471340	45690980
chr5	152607997	152608027	rs78489830	152608012
chr8	34518402	34518432	rs78530814	34518417
chr17	45949097	45949127	rs78556223	45949112
chr6	164795055	164795085	rs78564368	164795070
chr1	8314222	8314252	rs78641116	8314237
chr9	10235443	10235473	rs7866028	10235458
chr2	144379770	144379800	rs78719985	144379785
chr17	45896032	45896062	rs78720789	45896047
chr1	6602956	6602986	rs78728410	6602971
chr6	92546304	92546334	rs78770847	92546319
chr1	243556629	243556659	rs78887304	243556644
chr14	103923915	103923945	rs79081071	103923930
chr11	49208266	49208296	rs79122681	49208281
chr7	131851543	131851573	rs79138320	131851558
chr5	152534999	152535029	rs79241281	152535014
chr1	43570634	43570664	rs79265289	43570649
chr11	123525141	123525171	rs7927176	123525156
chr11	123525264	123525294	rs7927437	123525279
chr11	113578025	113578055	rs7928017	113578040
chr11	124758708	124758738	rs7928640	124758723
chr11	113628054	113628084	rs79338069	113628069
chr11	48307992	48308022	rs7934490	48308007
chr11	48044807	48044837	rs7934659	48044822
chr8	34600599	34600629	rs79395357	34600614
chr7	128053965	128053995	rs79436018	128053980
chr11	65638693	65638723	rs7944860	65638708
chr11	113457944	113457974	rs7948028	113457959
chr11	48308146	48308176	rs7949513	48308161
chr11	134725865	134725895	rs7951888	134725880
chr7	128031443	128031473	rs79520962	128031458
chr17	45852857	45852887	rs79589869	45852872
chr17	45820341	45820371	rs79600142	45820356
chr1	243313124	243313154	rs79666393	243313139
chr2	232876531	232876561	rs79707548	232876546
chr14	104035347	104035377	rs79725992	104035362
chr10	103192727	103192757	rs79780963	103192742
chr12	123984010	123984040	rs7978610	123984025
chr5	152567683	152567713	rs79789534	152567698
chr15	89362334	89362364	rs80015997	89362349
chr14	103387008	103387038	rs8004780	103387023
chr1	243433435	243433465	rs80068158	243433450
chr14	103537871	103537901	rs8013911	103537886
chr17	45740517	45740547	rs80157557	45740532
chr17	45801927	45801957	rs80184151	45801942
chr14	103333343	103333373	rs8020199	103333358
chr14	103335222	103335252	rs8021359	103335237
chr17	45894100	45894130	rs80233201	45894115
chr2	48415481	48415511	rs80288268	48415496
chr15	89364793	89364823	rs8030116	89364808
chr17	45897095	45897125	rs80346216	45897110
chr15	89197127	89197157	rs8036512	89197142
chr15	89197138	89197168	rs8042607	89197153
chr15	89197223	89197253	rs8042649	89197238
chr16	9817490	9817520	rs8058276	9817505
chr16	9817514	9817544	rs8058295	9817529
chr17	20009382	20009412	rs8067545	20009397
chr18	55408046	55408076	rs8089309	55408061
chr18	79872550	79872580	rs8091497	79872565
chr19	30492884	30492914	rs8100439	30492899
chr2	232872407	232872437	rs812383	232872422
chr22	42079549	42079579	rs8135801	42079564
chr5	154103208	154103238	rs815633	154103223
chr3	63878921	63878951	rs832195	63878936
chr10	102676869	102676899	rs8354	102676884
chr1	43389860	43389890	rs839752	43389875
chr1	43367688	43367718	rs839764	43367703
chr1	43349178	43349208	rs839995	43349193
chr8	27609651	27609681	rs867232	27609666
chr8	59782073	59782103	rs867743	59782088
chr15	89357106	89357136	rs879714	89357121
chr11	134036619	134036649	rs880483	134036634
chr8	27467290	27467320	rs891398	27467305
chr8	27468089	27468119	rs891400	27468104
chr11	134426475	134426505	rs893949	134426490
chr1	8372061	8372091	rs894875	8372076
chr1	243734457	243734487	rs897959	243734472
chr1	8372578	8372608	rs902356	8372593
chr6	164693959	164693989	rs903791	164693974
chr12	120904266	120904296	rs904628	120904281
chr14	103886576	103886606	rs911338	103886591
chr14	103518185	103518215	rs911549	103518200
chr4	33886412	33886442	rs9284579	33886427
chr2	60214034	60214064	rs9309322	60214049
chr18	55776334	55776364	rs931041	55776349
chr13	58618553	58618583	rs9317003	58618568
chr14	103540341	103540371	rs9324063	103540356
chr5	152633220	152633250	rs9324734	152633235
chr8	27611330	27611360	rs9331888	27611345
chr8	27603563	27603593	rs9331926	27603578
chr8	27597150	27597180	rs9331950	27597165
chr6	164693356	164693386	rs9347903	164693371
chr6	164795312	164795342	rs9347929	164795327
chr6	164690724	164690754	rs9356243	164690739
chr6	64226434	64226464	rs9359839	64226449
chr6	164695153	164695183	rs9365754	164695168
chr6	164794965	164794995	rs9365774	164794980
chr1	28648874	28648904	rs9426296	28648889
chr1	28664395	28664425	rs9426298	28664410
chr6	69279506	69279536	rs9454725	69279521
chr6	164555124	164555154	rs9459138	164555139
chr6	164692932	164692962	rs9459177	164692947
chr13	58502334	58502364	rs9527815	58502349
chr13	43699234	43699264	rs953102	43699249
chr13	57813875	57813905	rs9537819	57813890
chr13	58620233	58620263	rs9538145	58620248
chr13	79310680	79310710	rs9545061	79310695
chr13	79399791	79399821	rs9545101	79399806
chr13	58593110	58593140	rs955234	58593125
chr2	60274525	60274555	rs955657	60274540
chr2	60274271	60274301	rs955658	60274286
chr13	57860910	57860940	rs9563548	57860925
chr13	43665617	43665647	rs9567243	43665632
chr13	58329803	58329833	rs9597709	58329818
chr13	58594812	58594842	rs9597792	58594827
chr13	58594813	58594843	rs9597793	58594828
chr22	39563037	39563067	rs9623017	39563052
chr22	42169179	42169209	rs9623534	42169194
chr2	48081337	48081367	rs963135	48081352
chr8	27442403	27442433	rs9657294	27442418
chr11	47518440	47518470	rs9666924	47518455
chr5	140795022	140795052	rs9686540	140795037
chr5	139686388	139686418	rs9687282	139686403
chr15	89376699	89376729	rs976560	89376714
chr6	164751611	164751641	rs978164	164751626
chr8	34046243	34046273	rs9792148	34046258
chr8	34046303	34046333	rs9792149	34046318
chr1	243508683	243508713	rs9803713	243508698
chr7	137400489	137400519	rs980796	137400504
chr5	138439877	138439907	rs982085	138439892
chr3	36814524	36814554	rs9834970	36814539
chr19	19461961	19461991	rs9917108	19461976
chr5	88544855	88544885	rs992623	88544870
chr16	66751686	66751716	rs9929143	66751701
chr16	90002636	90002666	rs9936896	90002651
chr16	9828743	9828773	rs9938300	9828758
chr18	55780444	55780474	rs9952704	55780459
chr4	33722927	33722957	rs9990714	33722942
chr4	33724869	33724899	rs9997046	33724884
chr4	79297243	79297273	rs9998799	79297258
