chr	start	end	name	score	strand	rsid	chr_name	hg38_base_position
chr1	8311973	8312974	.	.	*	rs1107284	1	8312476
chr1	8311973	8312974	.	.	*	rs1107286	1	8312268
chr1	243273230	243274231	.	.	*	rs10803132	1	243273964
chr1	98178904	98179905	.	.	*	rs10875130	1	98179473
chr1	98178904	98179905	.	.	*	rs10875131	1	98179636
chr1	43565376	43566377	.	.	*	rs10890255	1	43565822
chr1	98178904	98179905	.	.	*	rs10493900	1	98179657
chr1	73499776	73500777	.	.	*	rs10789373	1	73500186
chr1	173714450	173715451	.	.	*	rs10798295	1	173714815
chr1	98132828	98133829	.	.	*	rs12044342	1	98133588
chr1	200996432	200997433	.	.	*	rs10920088	1	200996473
chr1	201011357	201012358	.	.	*	rs10920094	1	201011868
chr1	201034363	201035364	.	.	*	rs10920099	1	201034478
chr1	243328936	243329937	.	.	*	rs10926991	1	243329265
chr1	243393822	243394823	.	.	*	rs10927006	1	243394357
chr1	28663782	28664783	.	.	*	rs12130117	1	28664141
chr1	243453568	243454569	.	.	*	rs11810833	1	243453886
chr1	8415388	8416389	.	.	*	rs12023132	1	8416360
chr1	6600073	6601074	.	.	*	rs12124126	1	6600289
chr1	153968549	153969550	.	.	*	rs11264743	1	153969038
chr1	35808596	35809597	.	.	*	rs12083902	1	35809511
chr1	201005435	201006436	.	.	*	rs11584527	1	201005760
chr1	243746493	243747494	.	.	*	rs11586029	1	243746765
chr1	201020694	201021695	.	.	*	rs11587290	1	201021210
chr1	201005435	201006436	.	.	*	rs11589573	1	201005987
chr1	98132828	98133829	.	.	*	rs12046836	1	98133189
chr1	28359355	28360356	.	.	*	rs12062670	1	28360186
chr1	73516997	73517998	.	.	*	rs11210274	1	73517390
chr1	243400458	243401459	.	.	*	rs12029086	1	243401420
chr1	98178904	98179905	.	.	*	rs12033249	1	98179116
chr1	35725296	35726297	.	.	*	rs12034163	1	35725429
chr1	201015838	201016839	.	.	*	rs12563240	1	201016820
chr1	201034363	201035364	.	.	*	rs11576681	1	201034923
chr1	201013662	201014663	.	.	*	rs11580823	1	201014361
chr1	98132828	98133829	.	.	*	rs11165952	1	98133079
chr1	65844679	65845680	.	.	*	rs10127957	1	65845006
chr1	243851157	243852158	.	.	*	rs12094774	1	243851261
chr18	55398450	55399451	.	.	*	rs11152369	18	55399097
chr18	79870297	79871298	.	.	*	rs11660941	18	79870600
chr3	52685465	52686466	.	.	*	rs1108842	3	52686064
chr4	175823108	175824109	.	.	*	rs10520313	4	175823388
chr4	33722545	33723546	.	.	*	rs12642628	4	33722640
chr4	175809665	175810666	.	.	*	rs12498839	4	175810250
chr4	175943864	175944865	.	.	*	rs11133120	4	175944615
chrX	6094541	6095542	.	.	*	rs11796499	X	6094919
chr15	43769296	43770297	.	.	*	rs1053492	15	43769604
chr15	84633386	84634387	.	.	*	rs10795	15	84634066
chr17	45838526	45839527	.	.	*	rs10445333	17	45839143
chr17	45838526	45839527	.	.	*	rs10445364	17	45838990
chr15	89356434	89357435	.	.	*	rs11629804	15	89357431
chr15	61541996	61542997	.	.	*	rs11071612	15	61542028
chr17	45965046	45966047	.	.	*	rs112415880	17	45965502
chr17	45680741	45681742	.	.	*	rs112431991	17	45681519
chr17	45840922	45841923	.	.	*	rs112583797	17	45841052
chr17	45895179	45896180	.	.	*	rs111972148	17	45895755
chr17	45893966	45894967	.	.	*	rs11575895	17	45894419
chr17	45893966	45894967	.	.	*	rs11575896	17	45894776
chr17	45895179	45896180	.	.	*	rs113347741	17	45896042
chr17	46002236	46003237	.	.	*	rs113894932	17	46003042
chr15	34366771	34367772	.	.	*	rs117799466	15	34367316
chr8	38268745	38269746	.	.	*	rs1149	8	38268841
chr11	113146928	113147929	.	.	*	rs10502169	11	113147686
chr11	28621578	28622579	.	.	*	rs10742197	11	28622320
chr11	28621578	28622579	.	.	*	rs10767736	11	28622491
chr11	28621578	28622579	.	.	*	rs10835368	11	28621752
chr11	28621578	28622579	.	.	*	rs10835371	11	28622330
chr11	28621578	28622579	.	.	*	rs10835372	11	28622366
chr11	28621578	28622579	.	.	*	rs10835373	11	28622395
chr11	28621578	28622579	.	.	*	rs10835374	11	28622424
chr11	28621578	28622579	.	.	*	rs10835375	11	28622480
chr11	113146928	113147929	.	.	*	rs10891517	11	113147128
chr6	164749024	164750025	.	.	*	rs1012174	6	164749916
chr8	38440232	38441233	.	.	*	rs11777067	8	38441129
chr8	88263138	88264139	.	.	*	rs11782646	8	88263849
chr11	47565122	47566123	.	.	*	rs11537751	11	47565900
chr11	47348582	47349583	.	.	*	rs11570054	11	47349579
chr11	47373579	47374580	.	.	*	rs11601200	11	47373658
chr11	57666953	57667954	.	.	*	rs11602109	11	57667824
chr11	133971509	133972510	.	.	*	rs11223654	11	133971684
chr6	164749024	164750025	.	.	*	rs1006354	6	164749758
chr11	45995631	45996632	.	.	*	rs11038739	11	45996344
chr11	46006090	46007091	.	.	*	rs11038742	11	46006730
chr11	47565122	47566123	.	.	*	rs11039300	11	47565510
chr8	33812182	33813183	.	.	*	rs10954935	8	33812861
chr11	113137926	113138927	.	.	*	rs11214511	11	113138050
chr11	113137926	113138927	.	.	*	rs11214512	11	113138699
chr11	113146928	113147929	.	.	*	rs11214514	11	113147770
chr11	57740871	57741872	.	.	*	rs12146541	11	57741206
chr5	152534336	152535337	.	.	*	rs10061873	5	152534573
chr5	152277445	152278446	.	.	*	rs11167575	5	152278240
chr5	152424212	152425213	.	.	*	rs11739168	5	152424598
chr10	102917713	102918714	.	.	*	rs10883801	10	102918130
chr5	138466003	138467004	.	.	*	rs11743810	5	138466715
chr10	18261509	18262510	.	.	*	rs10764369	10	18262225
chr11	46369151	46370152	.	.	*	rs12575519	11	46370052
chr5	138504555	138505556	.	.	*	rs11956240	5	138504604
chr5	152632046	152633047	.	.	*	rs11956651	5	152632254
chr11	28568841	28569842	.	.	*	rs11030380	11	28569621
chr11	28621578	28622579	.	.	*	rs11030388	11	28622565
chr5	88089296	88090297	.	.	*	rs10037952	5	88089847
chr8	64761463	64762464	.	.	*	rs12548518	8	64761482
chr11	57666953	57667954	.	.	*	rs11606396	11	57667739
chr8	110585414	110586415	.	.	*	rs12675948	8	110585867
chr8	38381852	38382853	.	.	*	rs12678205	8	38382490
chr5	152534336	152535337	.	.	*	rs10053277	5	152534475
chr5	152277445	152278446	.	.	*	rs12519134	5	152277536
chr11	134032047	134033048	.	.	*	rs12361880	11	134033017
chr5	152630890	152631891	.	.	*	rs10515674	5	152631082
chr5	152634284	152635285	.	.	*	rs10515676	5	152634327
chr5	152993967	152994968	.	.	*	rs10515679	5	152994073
chr10	18547958	18548959	.	.	*	rs11014797	10	18548748
chr10	18618679	18619680	.	.	*	rs11015180	10	18619328
chr10	102670443	102671444	.	.	*	rs11191365	10	102670494
chr10	18618679	18619680	.	.	*	rs12356125	10	18618998
chr10	102868935	102869936	.	.	*	rs12416687	10	102869254
chr6	64233395	64234396	.	.	*	rs12175973	6	64233998
chr6	64415607	64416608	.	.	*	rs11759853	6	64416420
chr11	47442724	47443725	.	.	*	rs112261189	11	47443161
chr11	47714888	47715889	.	.	*	rs112318300	11	47715848
chr14	29034809	29035810	.	.	*	rs1209174	14	29035194
chr14	29034809	29035810	.	.	*	rs1209175	14	29035149
chr14	103839665	103840666	.	.	*	rs1040813	14	103840359
chr14	103847145	103848146	.	.	*	rs10083367	14	103847846
chr14	103847145	103848146	.	.	*	rs10083370	14	103847845
chr14	103273149	103274150	.	.	*	rs10129265	14	103274101
chr14	103384854	103385855	.	.	*	rs11541718	14	103385827
chr14	103561092	103562093	.	.	*	rs11625397	14	103561220
chr14	103540221	103541222	.	.	*	rs12147596	14	103540379
chr2	197499472	197500473	.	.	*	rs1116734	2	197500319
chr22	41938669	41939670	.	.	*	rs1047997	22	41938949
chr11	113569089	113570090	.	.	*	rs115990434	11	113569572
chr11	48017822	48018823	.	.	*	rs117503747	11	48018709
chr22	42268982	42269983	.	.	*	rs12168969	22	42269111
chr22	41560525	41561526	.	.	*	rs12484315	22	41561212
chr2	2320862	2321863	.	.	*	rs10195351	2	2321462
chr22	41620676	41621677	.	.	*	rs12485198	22	41621056
chr22	41934653	41935654	.	.	*	rs10154646	22	41935405
chr22	40721011	40722012	.	.	*	rs12160628	22	40721437
chr14	103273149	103274150	.	.	*	rs117622709	14	103273150
chr2	76168943	76169944	.	.	*	rs11678895	2	76169708
chr2	22500363	22501364	.	.	*	rs12712498	2	22500415
chr22	42283656	42284657	.	.	*	rs116897926	22	42284649
chr22	41520835	41521836	.	.	*	rs117861955	22	41521689
chr2	161946240	161947241	.	.	*	rs12474587	2	161946483
chr6	96015425	96016426	.	.	*	rs117178087	6	96016184
chr5	138457935	138458936	.	.	*	rs114318690	5	138458257
chr2	25215731	25216732	.	.	*	rs112729989	2	25216670
chr2	232947781	232948782	.	.	*	rs113593461	2	232948057
chr2	25228456	25229457	.	.	*	rs115265285	2	25229444
chr2	232927660	232928661	.	.	*	rs116332744	2	232928393
chr19	19406601	19407602	.	.	*	rs1000237	19	19407507
chr9	10235971	10236972	.	.	*	rs10756010	9	10236246
chr12	122122890	122123891	.	.	*	rs10773037	12	122123369
chr12	91862461	91863462	.	.	*	rs10777340	12	91863036
chr12	91862461	91863462	.	.	*	rs10777341	12	91863042
chr12	91862461	91863462	.	.	*	rs10777342	12	91863357
chr12	94783451	94784452	.	.	*	rs10777617	12	94783625
chr12	14257409	14258410	.	.	*	rs11055880	12	14257700
chr12	14259648	14260649	.	.	*	rs11055882	12	14259826
chr12	14259648	14260649	.	.	*	rs11055883	12	14259872
chr12	122130708	122131709	.	.	*	rs11061602	12	122131417
chr12	2239085	2240086	.	.	*	rs11062170	12	2239678
chr12	120945772	120946773	.	.	*	rs11065358	12	120946692
chr12	122122890	122123891	.	.	*	rs11608788	12	122123608
chr12	122122890	122123891	.	.	*	rs11608792	12	122123662
chr7	127587853	127588854	.	.	*	rs12536382	7	127588674
chr12	122122890	122123891	.	.	*	rs12366611	12	122122940
chr12	124007854	124008855	.	.	*	rs12303671	12	124008063
chr16	66894900	66895901	.	.	*	rs114488519	16	66895292
chr1	8360566	8361567	.	.	*	rs13596	1	8361143
chr1	243500305	243501306	.	.	*	rs14403	1	243500591
chr1	8415388	8416389	.	.	*	rs159960	1	8416368
chr1	8423292	8424293	.	.	*	rs159961	1	8424168
chr1	243505979	243506980	.	.	*	rs1417121	1	243506048
chr1	8317582	8318583	.	.	*	rs1467013	1	8317768
chr1	201042567	201043568	.	.	*	rs1507147	1	201042696
chr1	73350991	73351992	.	.	*	rs2008280	1	73351062
chr1	8510134	8511135	.	.	*	rs2024774	1	8510397
chr1	243254357	243255358	.	.	*	rs2087563	1	243254761
chr1	243554144	243555145	.	.	*	rs2220276	1	243554290
chr1	28834949	28835950	.	.	*	rs2236855	1	28835487
chr1	28834949	28835950	.	.	*	rs2236856	1	28835313
chr1	28834949	28835950	.	.	*	rs2236857	1	28835097
chr1	243760440	243761441	.	.	*	rs1870272	1	243761441
chr1	243380550	243381551	.	.	*	rs1538774	1	243381525
chr1	43570475	43571476	.	.	*	rs16830922	1	43571453
chr1	243554144	243555145	.	.	*	rs1352162	1	243554380
chr1	243554144	243555145	.	.	*	rs140310911	1	243554633
chr1	243851157	243852158	.	.	*	rs12752825	1	243851993
chr1	177302167	177303168	.	.	*	rs16851037	1	177302177
chr1	243760440	243761441	.	.	*	rs141803204	1	243760575
chr1	243722738	243723739	.	.	*	rs151290809	1	243722898
chr13	57740453	57741454	.	.	*	rs17263011	13	57741038
chr13	57740453	57741454	.	.	*	rs139631958	13	57741206
chr18	55414989	55415990	.	.	*	rs1371832	18	55415005
chr18	55489445	55490446	.	.	*	rs1993193	18	55489476
chr18	55547535	55548536	.	.	*	rs2123392	18	55547634
chr18	55547535	55548536	.	.	*	rs2123393	18	55547692
chr18	55400851	55401852	.	.	*	rs17510124	18	55401449
chr13	57733976	57734977	.	.	*	rs149985924	13	57734206
chr18	55395493	55396494	.	.	*	rs17594665	18	55396488
chr18	55398450	55399451	.	.	*	rs17594721	18	55398661
chr3	107660077	107661078	.	.	*	rs167924	3	107660990
chr4	102868792	102869793	.	.	*	rs223332	4	102869029
chr4	102827446	102828447	.	.	*	rs223387	4	102828359
chr4	102827446	102828447	.	.	*	rs223388	4	102828287
chr4	102827446	102828447	.	.	*	rs223390	4	102827640
chr3	80549813	80550814	.	.	*	rs2176029	3	80550774
chr4	175946790	175947791	.	.	*	rs2333325	4	175947210
chr3	181056171	181057172	.	.	*	rs1805646	3	181056885
chr4	33715498	33716499	.	.	*	rs1444377	4	33716198
chr3	107690240	107691241	.	.	*	rs17811616	3	107690541
chr4	175807271	175808272	.	.	*	rs13142920	4	175807463
chr4	175823108	175824109	.	.	*	rs17062106	4	175823911
chr15	43919641	43920642	.	.	*	rs2016840	15	43919670
chr17	46758845	46759846	.	.	*	rs199530	17	46759287
chr17	45840922	45841923	.	.	*	rs2106785	17	45841739
chr17	45679209	45680210	.	.	*	rs1635288	17	45679603
chr17	45677495	45678496	.	.	*	rs1724401	17	45678491
chr15	89358544	89359545	.	.	*	rs2350999	15	89359324
chr15	89385494	89386495	.	.	*	rs149234	15	89386376
chr15	89390967	89391968	.	.	*	rs150293	15	89391586
chr15	89397874	89398875	.	.	*	rs150296	15	89398632
chr15	89397874	89398875	.	.	*	rs150297	15	89398648
chr15	89398984	89399985	.	.	*	rs150298	15	89399809
chr15	89400005	89401006	.	.	*	rs150299	15	89400106
chr15	89402866	89403867	.	.	*	rs150302	15	89403558
chr15	89401717	89402718	.	.	*	rs150354	15	89402348
chr15	89369999	89371000	.	.	*	rs176644	15	89370401
chr15	89375128	89376129	.	.	*	rs176646	15	89375864
chr15	89378610	89379611	.	.	*	rs176647	15	89378738
chr15	89396218	89397219	.	.	*	rs176648	15	89396297
chr15	89400005	89401006	.	.	*	rs182317	15	89400370
chr15	89383244	89384245	.	.	*	rs208826	15	89383568
chr15	89398984	89399985	.	.	*	rs208827	15	89399100
chr15	84657870	84658871	.	.	*	rs12904605	15	84658188
chr17	45959833	45960834	.	.	*	rs17650842	17	45960125
chr17	45966261	45967262	.	.	*	rs17650973	17	45966854
chr17	45966261	45967262	.	.	*	rs17650991	17	45967142
chr17	45972942	45973943	.	.	*	rs17651134	17	45972974
chr17	45680741	45681742	.	.	*	rs17687838	17	45681682
chr17	45687253	45688254	.	.	*	rs17688090	17	45687621
chr17	45687253	45688254	.	.	*	rs17688126	17	45687714
chr17	45831813	45832814	.	.	*	rs17689918	17	45832722
chr17	45838526	45839527	.	.	*	rs17690176	17	45839407
chr17	45680741	45681742	.	.	*	rs17761046	17	45681016
chr17	45687253	45688254	.	.	*	rs17761387	17	45688084
chr15	89369999	89371000	.	.	*	rs143590968	15	89370026
chr5	139673787	139674788	.	.	*	rs183072	5	139674448
chr5	139649269	139650270	.	.	*	rs187167	5	139649415
chr5	140868402	140869403	.	.	*	rs192231	5	140868954
chr5	140965968	140966969	.	.	*	rs155364	5	140966883
chr8	64378475	64379476	.	.	*	rs192721	8	64378496
chr11	65614985	65615986	.	.	*	rs1787034	11	65615093
chr11	45908746	45909747	.	.	*	rs2280329	11	45909655
chr8	27465303	27466304	.	.	*	rs2322580	8	27466209
chr8	27465303	27466304	.	.	*	rs2322581	8	27466090
chr8	27465303	27466304	.	.	*	rs2322583	8	27465886
chr8	27465303	27466304	.	.	*	rs2322584	8	27465874
chr8	27465303	27466304	.	.	*	rs2322586	8	27465665
chr11	133968250	133969251	.	.	*	rs2000852	11	133968326
chr11	133968250	133969251	.	.	*	rs2000853	11	133968522
chr11	47348582	47349583	.	.	*	rs2071305	11	47349406
chr5	152993967	152994968	.	.	*	rs2118788	5	152994461
chr5	138438556	138439557	.	.	*	rs1859466	5	138439392
chr5	152288248	152289249	.	.	*	rs1862393	5	152289209
chr5	152288248	152289249	.	.	*	rs1862394	5	152289240
chr5	153491236	153492237	.	.	*	rs2195450	5	153491449
chr10	103069258	103070259	.	.	*	rs1926034	10	103069345
chr11	124762816	124763817	.	.	*	rs1940171	11	124763744
chr10	103053540	103054541	.	.	*	rs2275271	10	103054405
chr6	69349435	69350436	.	.	*	rs1296346	6	69350333
chr6	92557490	92558491	.	.	*	rs1328488	6	92557812
chr6	92557490	92558491	.	.	*	rs1328489	6	92558073
chr6	164554662	164555663	.	.	*	rs1391239	6	164555447
chr8	27547287	27548288	.	.	*	rs17057357	8	27548099
chr11	81465403	81466404	.	.	*	rs17382573	11	81465998
chr6	69127959	69128960	.	.	*	rs1482327	6	69128502
chr5	138504555	138505556	.	.	*	rs13164092	5	138505171
chr6	164795599	164796600	.	.	*	rs1877163	6	164796045
chr6	164795599	164796600	.	.	*	rs1877164	6	164795990
chr6	164795599	164796600	.	.	*	rs1877165	6	164795961
chr11	45999744	46000745	.	.	*	rs17787304	11	46000155
chr5	152675912	152676913	.	.	*	rs17113588	5	152676044
chr10	102901086	102902087	.	.	*	rs17884001	10	102901488
chr5	152534336	152535337	.	.	*	rs17452090	5	152534385
chr5	152675912	152676913	.	.	*	rs17455625	5	152676834
chr5	154271388	154272389	.	.	*	rs17552639	5	154271899
chr6	69331872	69332873	.	.	*	rs17748715	6	69332153
chr14	99266225	99267226	.	.	*	rs1540840	14	99267047
chr14	103562426	103563427	.	.	*	rs2274267	14	103563112
chr14	103333646	103334647	.	.	*	rs2281824	14	103333734
chr14	103333646	103334647	.	.	*	rs2281825	14	103333977
chr14	103540221	103541222	.	.	*	rs12885878	14	103541218
chr14	103541556	103542557	.	.	*	rs12891360	14	103541822
chr14	103390787	103391788	.	.	*	rs12883668	14	103391613
chr14	103333646	103334647	.	.	*	rs17609936	14	103333762
chr2	232926074	232927075	.	.	*	rs1878289	2	232926898
chr2	25317048	25318049	.	.	*	rs1865690	2	25318027
chr22	39591727	39592728	.	.	*	rs132582	22	39592170
chr22	42070403	42071404	.	.	*	rs133375	22	42070505
chr22	42070403	42071404	.	.	*	rs133377	22	42070946
chr22	42074146	42075147	.	.	*	rs133381	22	42074604
chr22	42090346	42091347	.	.	*	rs1801311	22	42090719
chr22	41938669	41939670	.	.	*	rs1894713	22	41939617
chr22	42079161	42080162	.	.	*	rs2269524	22	42079699
chr22	42074146	42075147	.	.	*	rs13057094	22	42074313
chr11	45907742	45908743	.	.	*	rs140163079	11	45908733
chr11	46489663	46490664	.	.	*	rs141758483	11	46489927
chr2	144383452	144384453	.	.	*	rs12991836	2	144383974
chr2	144443939	144444940	.	.	*	rs13013418	2	144444808
chr2	48529606	48530607	.	.	*	rs13015195	2	48530444
chr2	232944978	232945979	.	.	*	rs13400104	2	232945489
chr2	144461375	144462376	.	.	*	rs17677434	2	144462121
chr22	41561538	41562539	.	.	*	rs150975224	22	41562375
chr11	46338831	46339832	.	.	*	rs147666686	11	46339795
chr11	46305026	46306027	.	.	*	rs150257832	11	46305977
chr16	90019074	90020075	.	.	*	rs181678098	16	90019408
chr5	153299061	153300062	.	.	*	rs140805448	5	153299974
chr19	49665398	49666399	.	.	*	rs2304204	19	49665763
chr19	49665398	49666399	.	.	*	rs2304205	19	49665670
chr19	49665398	49666399	.	.	*	rs2304206	19	49665614
chr19	56671322	56672323	.	.	*	rs1861221	19	56671549
chr11	45865791	45866792	.	.	*	rs191143419	11	45866739
chr19	2164639	2165640	.	.	*	rs141958336	19	2165384
chr2	174248187	174249188	.	.	*	rs184094739	2	174248983
chr7	137395227	137396228	.	.	*	rs1647181	7	137395300
chr7	105012625	105013626	.	.	*	rs2192932	7	105012818
chr7	137387917	137388918	.	.	*	rs2278829	7	137388185
chr16	89560115	89561116	.	.	*	rs2280370	16	89561052
chr12	2197857	2198858	.	.	*	rs2238051	12	2198009
chr12	121016001	121017002	.	.	*	rs2258287	12	121016510
chr7	131940544	131941545	.	.	*	rs2113890	7	131941144
chr16	89565752	89566753	.	.	*	rs12932628	16	89566317
chr16	89564497	89565498	.	.	*	rs17471624	16	89565257
chr12	14257409	14258410	.	.	*	rs17221259	12	14257551
chr9	126901926	126902927	.	.	*	rs13293831	9	126902860
chr7	137384056	137385057	.	.	*	rs13234894	7	137384089
chr12	123972524	123973525	.	.	*	rs12823740	12	123973455
chr7	133575466	133576467	.	.	*	rs13244007	7	133576071
chr7	2008063	2009064	.	.	*	rs13227554	7	2008585
chr7	137387917	137388918	.	.	*	rs13230189	7	137388513
chr1	243255444	243256445	.	.	*	rs3904682	1	243256127
chr1	98045976	98046977	.	.	*	rs2660304	1	98046571
chr1	8408891	8409892	.	.	*	rs2661868	1	8409729
chr1	200983998	200984999	.	.	*	rs296557	1	200984435
chr1	200974460	200975461	.	.	*	rs296564	1	200975036
chr1	200974460	200975461	.	.	*	rs296565	1	200974929
chr1	200973440	200974441	.	.	*	rs296566	1	200974422
chr1	200971665	200972666	.	.	*	rs296569	1	200972627
chr1	200971665	200972666	.	.	*	rs296570	1	200972421
chr1	8408891	8409892	.	.	*	rs301789	1	8409277
chr1	8408891	8409892	.	.	*	rs301790	1	8409224
chr1	150186951	150187952	.	.	*	rs3118119	1	150187364
chr1	43565376	43566377	.	.	*	rs2478978	1	43565986
chr1	200971665	200972666	.	.	*	rs3738255	1	200972588
chr1	43689174	43690175	.	.	*	rs3791036	1	43689712
chr1	8370619	8371620	.	.	*	rs3795310	1	8371547
chr1	8465801	8466802	.	.	*	rs4908760	1	8466082
chr1	200968722	200969723	.	.	*	rs4915210	1	200969346
chr1	150165685	150166686	.	.	*	rs4926412	1	150166237
chr1	43414298	43415299	.	.	*	rs2782638	1	43414453
chr1	43454151	43455152	.	.	*	rs2782651	1	43455015
chr1	201042567	201043568	.	.	*	rs41267497	1	201043469
chr13	38286672	38287673	.	.	*	rs478606	13	38286944
chr13	38286672	38287673	.	.	*	rs501692	13	38287102
chr13	57733976	57734977	.	.	*	rs4132014	13	57734082
chr13	58300728	58301729	.	.	*	rs4548755	13	58300770
chr13	58055272	58056273	.	.	*	rs35298938	13	58055877
chr18	55079734	55080735	.	.	*	rs4128242	18	55080458
chr18	55079734	55080735	.	.	*	rs4131791	18	55080640
chr4	89752943	89753944	.	.	*	rs356168	4	89753280
chr4	89715282	89716283	.	.	*	rs356215	4	89715410
chr4	89757016	89758017	.	.	*	rs2736990	4	89757390
chr4	103008817	103009818	.	.	*	rs4698874	4	103009354
chr4	117907935	117908936	.	.	*	rs4505893	4	117908340
chr3	50259648	50260649	.	.	*	rs4547694	3	50259898
chr4	142959818	142960819	.	.	*	rs4690740	4	142960579
chrX	5998145	5999146	.	.	*	rs4465094	X	5998718
chr3	17840915	17841916	.	.	*	rs4243834	3	17841176
chr4	79271805	79272806	.	.	*	rs28711203	4	79271998
chr4	33725530	33726531	.	.	*	rs28696054	4	33726531
chr3	2512398	2513399	.	.	*	rs34877519	3	2512928
chr4	79271805	79272806	.	.	*	rs28409854	4	79271994
chr3	53299226	53300227	.	.	*	rs34799308	3	53300118
chr3	177050465	177051466	.	.	*	rs28649009	3	177051099
chr17	46212606	46213607	.	.	*	rs2668662	17	46213393
chr17	46212606	46213607	.	.	*	rs2668665	17	46212681
chr15	89334440	89335441	.	.	*	rs3176149	15	89335347
chr15	89360971	89361972	.	.	*	rs3803526	15	89361961
chr15	89361990	89362991	.	.	*	rs3803527	15	89362063
chr15	89361990	89362991	.	.	*	rs3803528	15	89362102
chr17	45648355	45649356	.	.	*	rs366858	17	45649222
chr17	45648355	45649356	.	.	*	rs385691	17	45648759
chr17	45647317	45648318	.	.	*	rs434428	17	45648318
chr17	45648355	45649356	.	.	*	rs434598	17	45648396
chr17	45648355	45649356	.	.	*	rs434971	17	45648626
chr17	45647317	45648318	.	.	*	rs448830	17	45647846
chr17	45648355	45649356	.	.	*	rs455028	17	45649208
chr15	89358544	89359545	.	.	*	rs4335754	15	89359151
chr17	45948698	45949699	.	.	*	rs242561	17	45949182
chr17	63476861	63477862	.	.	*	rs4292	17	63476980
chr15	84144533	84145534	.	.	*	rs4842937	15	84145450
chr15	89358544	89359545	.	.	*	rs4932216	15	89358637
chr15	89358544	89359545	.	.	*	rs4932217	15	89358801
chr17	45910401	45911402	.	.	*	rs2435204	17	45910839
chr15	89334440	89335441	.	.	*	rs2856268	15	89335160
chr15	43745834	43746835	.	.	*	rs2411284	15	43746701
chr17	45690454	45691455	.	.	*	rs55669046	17	45691135
chr17	1399790	1400791	.	.	*	rs28365859	17	1400484
chr11	133946443	133947444	.	.	*	rs502834	11	133947438
chr8	64383606	64384607	.	.	*	rs298196	8	64384045
chr8	64383606	64384607	.	.	*	rs298197	8	64384407
chr8	64385090	64386091	.	.	*	rs298200	8	64385745
chr8	64378475	64379476	.	.	*	rs298213	8	64378709
chr8	64380088	64381089	.	.	*	rs298214	8	64380224
chr8	64380088	64381089	.	.	*	rs298215	8	64380498
chr8	64380088	64381089	.	.	*	rs298216	8	64380638
chr8	64381763	64382764	.	.	*	rs298218	8	64382115
chr5	139652700	139653701	.	.	*	rs356447	5	139653694
chr5	139652700	139653701	.	.	*	rs356448	5	139653434
chr5	139675349	139676350	.	.	*	rs356450	5	139675424
chr5	139673787	139674788	.	.	*	rs356453	5	139673978
chr5	139632993	139633994	.	.	*	rs356461	5	139633592
chr5	139639433	139640434	.	.	*	rs356470	5	139640337
chr5	153492991	153493992	.	.	*	rs524610	5	153493420
chr11	113289249	113290250	.	.	*	rs4938006	11	113289725
chr8	33805425	33806426	.	.	*	rs4380889	8	33805863
chr11	47606065	47607066	.	.	*	rs4752786	11	47606984
chr11	46976661	46977662	.	.	*	rs4752817	11	46977396
chr8	33805425	33806426	.	.	*	rs4733459	8	33806275
chr5	153299061	153300062	.	.	*	rs2560231	5	153299616
chr5	152993967	152994968	.	.	*	rs2882067	5	152994921
chr11	45900725	45901726	.	.	*	rs3789023	11	45901139
chr11	124737634	124738635	.	.	*	rs3830078	11	124737639
chr11	47442724	47443725	.	.	*	rs3847503	11	47442967
chr11	134036688	134037689	.	.	*	rs3893083	11	134036899
chr11	46049571	46050572	.	.	*	rs4073513	11	46049702
chr5	153491236	153492237	.	.	*	rs472792	5	153491624
chr5	154271388	154272389	.	.	*	rs3959918	5	154271453
chr8	64417336	64418337	.	.	*	rs2612604	8	64418059
chr11	48088330	48089331	.	.	*	rs2904315	11	48088396
chr8	33472664	33473665	.	.	*	rs2676415	8	33473094
chr11	45993515	45994516	.	.	*	rs2959100	11	45993587
chr11	45995631	45996632	.	.	*	rs2959101	11	45996588
chr8	1053584	1054585	.	.	*	rs2701903	8	1054029
chr5	152532348	152533349	.	.	*	rs4407620	5	152532875
chr5	152532348	152533349	.	.	*	rs4475248	5	152533138
chr5	152532348	152533349	.	.	*	rs4569857	5	152533184
chr5	109739663	109740664	.	.	*	rs3756597	5	109739808
chr10	18260367	18261368	.	.	*	rs2357928	10	18260712
chr5	140807171	140808172	.	.	*	rs3822346	5	140807737
chr5	153491236	153492237	.	.	*	rs3828595	5	153492161
chr5	152534336	152535337	.	.	*	rs4958559	5	152535242
chr5	152634284	152635285	.	.	*	rs4958566	5	152634501
chr10	102868935	102869936	.	.	*	rs3740400	10	102869708
chr10	102641755	102642756	.	.	*	rs4146428	10	102641964
chr10	102641755	102642756	.	.	*	rs4146429	10	102641875
chr5	152556483	152557484	.	.	*	rs2961757	5	152557157
chr8	27547287	27548288	.	.	*	rs34319290	8	27547690
chr11	112962630	112963631	.	.	*	rs28442075	11	112963389
chr8	27465303	27466304	.	.	*	rs34181358	8	27465457
chr6	164859481	164860482	.	.	*	rs4569942	6	164860326
chr6	164859481	164860482	.	.	*	rs4639310	6	164860259
chr6	164792821	164793822	.	.	*	rs4709896	6	164793622
chr6	164794519	164795520	.	.	*	rs4709898	6	164794710
chr6	164794519	164795520	.	.	*	rs4709899	6	164794744
chr8	38295365	38296366	.	.	*	rs55703821	8	38296053
chr8	38384645	38385646	.	.	*	rs55796824	8	38385610
chr5	139684810	139685811	.	.	*	rs35123781	5	139685595
chr6	164859481	164860482	.	.	*	rs4506023	6	164859944
chr11	46381182	46382183	.	.	*	rs35324223	11	46381302
chr10	103143756	103144757	.	.	*	rs34130454	10	103143881
chr5	139684810	139685811	.	.	*	rs34510678	5	139685250
chr6	164554662	164555663	.	.	*	rs34837768	6	164554794
chr14	103384854	103385855	.	.	*	rs3759579	14	103384935
chr14	103499832	103500833	.	.	*	rs3783400	14	103500708
chr14	71973621	71974622	.	.	*	rs2877774	14	71973898
chr14	103390787	103391788	.	.	*	rs34161327	14	103390988
chr14	103561092	103562093	.	.	*	rs34186780	14	103561258
chr14	103542760	103543761	.	.	*	rs34633710	14	103543293
chr14	103561092	103562093	.	.	*	rs34896432	14	103561658
chr14	103559262	103560263	.	.	*	rs35498576	14	103559556
chr14	103390787	103391788	.	.	*	rs35862113	14	103390892
chr14	103268771	103269772	.	.	*	rs55723265	14	103269377
chr14	103562426	103563427	.	.	*	rs55751606	14	103562469
chr14	103845959	103846960	.	.	*	rs55798317	14	103846205
chr2	232927660	232928661	.	.	*	rs2592118	2	232927715
chr2	232926074	232927075	.	.	*	rs2592127	2	232926938
chr2	232927660	232928661	.	.	*	rs2921705	2	232927855
chr2	224585027	224586028	.	.	*	rs3768886	2	224585444
chr2	161953777	161954778	.	.	*	rs4637136	2	161954676
chr2	232696722	232697723	.	.	*	rs4144797	2	232697487
chr2	232896332	232897333	.	.	*	rs4973566	2	232897241
chr22	42070403	42071404	.	.	*	rs2859438	22	42070976
chr2	48440191	48441192	.	.	*	rs3811522	2	48440605
chr2	174248187	174249188	.	.	*	rs3820898	2	174248784
chr22	41966402	41967403	.	.	*	rs4822074	22	41966453
chr22	42074146	42075147	.	.	*	rs4822088	22	42074585
chr2	155145631	155146632	.	.	*	rs34578247	2	155145730
chr19	11289924	11290925	.	.	*	rs322129	19	11290429
chr19	11293475	11294476	.	.	*	rs439151	19	11293694
chr19	19460672	19461673	.	.	*	rs4808959	19	19461299
chr2	25215731	25216732	.	.	*	rs527882868	2	25216094
chr16	90081635	90082636	.	.	*	rs4785781	16	90082571
chr7	71348422	71349423	.	.	*	rs2527312	7	71349417
chr16	58630008	58631009	.	.	*	rs37037	16	58630698
chr7	128074928	128075929	.	.	*	rs322832	7	128075850
chr7	128074928	128075929	.	.	*	rs322833	7	128075113
chr7	79789234	79790235	.	.	*	rs2689810	7	79789657
chr7	128027366	128028367	.	.	*	rs3808058	7	128028018
chr7	104983429	104984430	.	.	*	rs3823752	7	104984179
chr12	123945270	123946271	.	.	*	rs4765305	12	123946065
chr16	66751359	66752360	.	.	*	rs4078027	16	66751978
chr16	29973146	29974147	.	.	*	rs4318227	16	29973518
chr12	122130708	122131709	.	.	*	rs4758688	12	122131552
chr16	89917622	89918623	.	.	*	rs3212354	16	89917962
chr16	89917622	89918623	.	.	*	rs3212357	16	89918196
chr16	89917622	89918623	.	.	*	rs3212358	16	89918331
chr7	131869163	131870164	.	.	*	rs4612286	7	131869369
chr16	89564497	89565498	.	.	*	rs34434037	16	89564600
chr12	123943542	123944543	.	.	*	rs4930725	12	123943615
chr12	123943542	123944543	.	.	*	rs4930726	12	123943784
chr12	108190145	108191146	.	.	*	rs4964651	12	108190290
chr7	128135355	128136356	.	.	*	rs4454232	7	128135676
chr7	128103770	128104771	.	.	*	rs35361134	7	128104181
chr1	6634268	6635269	.	.	*	rs6804	1	6634514
chr1	243255444	243256445	.	.	*	rs61833906	1	243256404
chr1	201011357	201012358	.	.	*	rs6663263	1	201011593
chr1	2443518	2444519	.	.	*	rs6687012	1	2444405
chr1	201038233	201039234	.	.	*	rs6701496	1	201038700
chr1	201011357	201012358	.	.	*	rs6687260	1	201011570
chr1	43453110	43454111	.	.	*	rs6692611	1	43453742
chr1	8313992	8314993	.	.	*	rs6694282	1	8314127
chr1	65844679	65845680	.	.	*	rs6694927	1	65845652
chr1	114757054	114758055	.	.	*	rs6696332	1	114757749
chr1	98102686	98103687	.	.	*	rs6664310	1	98103037
chr1	6602435	6603436	.	.	*	rs6674407	1	6602853
chr1	201026382	201027383	.	.	*	rs6427870	1	201027061
chr1	29954260	29955261	.	.	*	rs56335113	1	29954792
chr1	153880736	153881737	.	.	*	rs60150125	1	153881594
chr1	150165685	150166686	.	.	*	rs55802315	1	150166511
chr18	79870297	79871298	.	.	*	rs61090726	18	79871219
chr18	55346914	55347915	.	.	*	rs61602415	18	55347401
chr18	55779848	55780849	.	.	*	rs62091221	18	55780015
chr18	79870297	79871298	.	.	*	rs59183289	18	79871198
chr18	55346914	55347915	.	.	*	rs57530083	18	55347402
chrX	29257061	29258062	.	.	*	rs5943629	X	29257953
chr4	117956953	117957954	.	.	*	rs6838310	4	117956978
chr4	79271805	79272806	.	.	*	rs6839925	4	79272560
chr4	117965326	117966327	.	.	*	rs6832316	4	117965334
chr4	142959818	142960819	.	.	*	rs56027920	4	142960157
chr4	117777267	117778268	.	.	*	rs6534056	4	117777696
chr4	117965326	117966327	.	.	*	rs6534071	4	117965929
chr17	45690454	45691455	.	.	*	rs55972157	17	45691337
chr17	45690454	45691455	.	.	*	rs55980621	17	45691130
chr17	45690454	45691455	.	.	*	rs56100013	17	45691101
chr17	45999965	46000966	.	.	*	rs56108300	17	46000485
chr17	45690454	45691455	.	.	*	rs56110538	17	45691361
chr17	45910401	45911402	.	.	*	rs56189701	17	45910435
chr15	40274396	40275397	.	.	*	rs56282503	15	40274558
chr17	45840922	45841923	.	.	*	rs62054811	17	45841285
chr17	45852346	45853347	.	.	*	rs62054824	17	45852626
chr17	45852346	45853347	.	.	*	rs62054825	17	45852667
chr17	45679209	45680210	.	.	*	rs62055693	17	45679544
chr17	45680741	45681742	.	.	*	rs62055697	17	45680782
chr17	45680741	45681742	.	.	*	rs62055698	17	45680872
chr17	45680741	45681742	.	.	*	rs62055700	17	45681376
chr17	45680741	45681742	.	.	*	rs62055701	17	45681421
chr17	45680741	45681742	.	.	*	rs62055702	17	45681424
chr17	45687253	45688254	.	.	*	rs62055713	17	45687319
chr17	45687253	45688254	.	.	*	rs62055714	17	45687430
chr17	45687253	45688254	.	.	*	rs62055715	17	45687481
chr17	45690454	45691455	.	.	*	rs62055754	17	45690864
chr17	45893966	45894967	.	.	*	rs62056778	17	45894238
chr17	45893966	45894967	.	.	*	rs62056779	17	45894571
chr17	45896419	45897420	.	.	*	rs62056781	17	45896533
chr17	45896419	45897420	.	.	*	rs62056782	17	45896864
chr17	45896419	45897420	.	.	*	rs62056783	17	45897183
chr17	45905875	45906876	.	.	*	rs62056805	17	45905997
chr17	45905875	45906876	.	.	*	rs62056806	17	45906435
chr17	45910401	45911402	.	.	*	rs62056835	17	45911257
chr17	45783668	45784669	.	.	*	rs62057073	17	45783751
chr17	45948698	45949699	.	.	*	rs62062793	17	45948955
chr17	45948698	45949699	.	.	*	rs62062794	17	45949028
chr17	45959833	45960834	.	.	*	rs62063280	17	45959933
chr17	45965046	45966047	.	.	*	rs62063291	17	45966012
chr17	45966261	45967262	.	.	*	rs62063292	17	45966270
chr17	45966261	45967262	.	.	*	rs62063293	17	45966453
chr17	45966261	45967262	.	.	*	rs62063294	17	45966791
chr17	45966261	45967262	.	.	*	rs62063295	17	45967065
chr17	45972942	45973943	.	.	*	rs62063306	17	45973029
chr17	45972942	45973943	.	.	*	rs62063774	17	45973097
chr17	45972942	45973943	.	.	*	rs62063775	17	45973457
chr17	45972942	45973943	.	.	*	rs62063776	17	45973484
chr17	46002236	46003237	.	.	*	rs62064663	17	46002673
chr17	46003661	46004662	.	.	*	rs62064664	17	46004096
chr17	46003661	46004662	.	.	*	rs62064665	17	46004161
chr15	89360971	89361972	.	.	*	rs57272144	15	89361137
chr17	45965046	45966047	.	.	*	rs56294117	17	45965417
chr17	45999965	46000966	.	.	*	rs56301633	17	46000484
chr17	45690454	45691455	.	.	*	rs56323832	17	45691267
chr17	45840922	45841923	.	.	*	rs56971664	17	45841247
chr15	89360971	89361972	.	.	*	rs59321638	15	89361454
chr15	89360971	89361972	.	.	*	rs62022627	15	89361315
chr15	89361990	89362991	.	.	*	rs62022629	15	89362897
chr17	13002760	13003761	.	.	*	rs58842254	17	13002905
chr15	40274396	40275397	.	.	*	rs56205728	15	40275036
chr11	113278597	113279598	.	.	*	rs668204	11	113278920
chr5	58460646	58461647	.	.	*	rs702720	5	58461556
chr5	139676755	139677756	.	.	*	rs600848	5	139677685
chr5	139676755	139677756	.	.	*	rs601324	5	139677594
chr5	139676755	139677756	.	.	*	rs601336	5	139677582
chr5	139676755	139677756	.	.	*	rs601728	5	139677491
chr5	139659497	139660498	.	.	*	rs616529	5	139660244
chr5	139676755	139677756	.	.	*	rs673632	5	139677652
chr11	134714237	134715238	.	.	*	rs6590760	11	134715215
chr11	133968250	133969251	.	.	*	rs7106715	11	133969010
chr11	46489663	46490664	.	.	*	rs7106740	11	46489947
chr11	133968250	133969251	.	.	*	rs7106806	11	133968942
chr11	45921901	45922902	.	.	*	rs7109981	11	45922478
chr11	124762816	124763817	.	.	*	rs7113068	11	124763633
chr11	133968250	133969251	.	.	*	rs7122746	11	133968913
chr8	64699978	64700979	.	.	*	rs6472147	8	64700140
chr11	45921901	45922902	.	.	*	rs7124323	11	45922557
chr11	45921901	45922902	.	.	*	rs7124434	11	45922554
chr11	113564422	113565423	.	.	*	rs7125588	11	113565350
chr6	69137744	69138745	.	.	*	rs67807	6	69138075
chr8	38385923	38386924	.	.	*	rs6996860	8	38386347
chr11	47162769	47163770	.	.	*	rs7130989	11	47163205
chr5	152993967	152994968	.	.	*	rs6877355	5	152994697
chr5	154271388	154272389	.	.	*	rs6881721	5	154272007
chr5	154271388	154272389	.	.	*	rs6882166	5	154272043
chr5	88401400	88402401	.	.	*	rs6870983	5	88401716
chr5	152634284	152635285	.	.	*	rs6871699	5	152635106
chr5	152632046	152633047	.	.	*	rs6873744	5	152632093
chr6	64347102	64348103	.	.	*	rs593628	6	64347688
chr5	152288248	152289249	.	.	*	rs6876527	5	152288699
chr6	64347102	64348103	.	.	*	rs606191	6	64347457
chr11	45921901	45922902	.	.	*	rs55884539	11	45922610
chr8	143823529	143824530	.	.	*	rs55930529	8	143823571
chr11	46026589	46027590	.	.	*	rs56852527	11	46026833
chr11	124758015	124759016	.	.	*	rs57321508	11	124758081
chr8	27591905	27592906	.	.	*	rs58926002	8	27592715
chr11	47847864	47848865	.	.	*	rs61746002	11	47848536
chr8	38382920	38383921	.	.	*	rs60558877	8	38382980
chr8	27583273	27584274	.	.	*	rs61006720	8	27583400
chr11	47453883	47454884	.	.	*	rs60882887	11	47454123
chr6	164859481	164860482	.	.	*	rs6902206	6	164859589
chr8	27591905	27592906	.	.	*	rs57659462	8	27592713
chr11	113289249	113290250	.	.	*	rs61903975	11	113289405
chr11	113289249	113290250	.	.	*	rs61903976	11	113289482
chr5	152534336	152535337	.	.	*	rs56012817	5	152535119
chr5	154271388	154272389	.	.	*	rs56964148	5	154271792
chr5	109853522	109854523	.	.	*	rs62376382	5	109853939
chr5	89448006	89449007	.	.	*	rs62378245	5	89448145
chr5	152349372	152350373	.	.	*	rs62394495	5	152350136
chr5	152632046	152633047	.	.	*	rs67979431	5	152632877
chr6	108561751	108562752	.	.	*	rs58775446	6	108562483
chr20	38805153	38806154	.	.	*	rs6065078	20	38805490
chr14	103561092	103562093	.	.	*	rs7148456	14	103561933
chr14	103256887	103257888	.	.	*	rs57746378	14	103257419
chr14	103594886	103595887	.	.	*	rs60249782	14	103594947
chr14	103910008	103911009	.	.	*	rs61997568	14	103910480
chr2	2325942	2326943	.	.	*	rs6708950	2	2326346
chr2	27735110	27736111	.	.	*	rs6753736	2	27735988
chr22	39690452	39691453	.	.	*	rs5757773	22	39691384
chr22	41979195	41980196	.	.	*	rs5758527	22	41979757
chr22	41940939	41941940	.	.	*	rs6002548	22	41941036
chr22	41946362	41947363	.	.	*	rs6002555	22	41947087
chr22	42080167	42081168	.	.	*	rs6002592	22	42080750
chr22	39557068	39558069	.	.	*	rs61259516	22	39557229
chr2	72914463	72915464	.	.	*	rs56986198	2	72914569
chr2	48479723	48480724	.	.	*	rs57415181	2	48480702
chr2	174248187	174249188	.	.	*	rs62174175	2	174248278
chr2	172103534	172104535	.	.	*	rs62183859	2	172104047
chr12	123076098	123077099	.	.	*	rs596940	12	123076184
chr12	50070171	50071172	.	.	*	rs706790	12	50070687
chr7	128027366	128028367	.	.	*	rs6944446	7	128027463
chr12	103206310	103207311	.	.	*	rs7133857	12	103206353
chr7	128106644	128107645	.	.	*	rs62484016	7	128107006
chr7	131940544	131941545	.	.	*	rs67427671	7	131941342
chr7	24758042	24759043	.	.	*	rs59945804	7	24759020
chr1	8317582	8318583	.	.	*	rs72635792	1	8318539
chr1	35718382	35719383	.	.	*	rs72659661	1	35719096
chr1	43414298	43415299	.	.	*	rs72671121	1	43414425
chr1	150162809	150163810	.	.	*	rs72694957	1	150163093
chr1	150165685	150166686	.	.	*	rs72694959	1	150165955
chr18	55406730	55407731	.	.	*	rs7228846	18	55407387
chr18	79872156	79873157	.	.	*	rs72980087	18	79872194
chr15	89243423	89244424	.	.	*	rs7178152	15	89243824
chr17	1351662	1352663	.	.	*	rs7224258	17	1352208
chr15	78619650	78620651	.	.	*	rs7170068	15	78620601
chr15	43745834	43746835	.	.	*	rs7174732	15	43746265
chr17	20085091	20086092	.	.	*	rs7209734	17	20085230
chr15	89206525	89207526	.	.	*	rs7166400	15	89207482
chr11	133971509	133972510	.	.	*	rs73036086	11	133971887
chr11	133971509	133972510	.	.	*	rs73036087	11	133972466
chr11	45908746	45909747	.	.	*	rs72902478	11	45909667
chr11	46018396	46019397	.	.	*	rs72904370	11	46018464
chr5	152816553	152817554	.	.	*	rs72801007	5	152817151
chr22	41596941	41597942	.	.	*	rs73161310	22	41597175
chr2	25215731	25216732	.	.	*	rs72853661	2	25216393
chr2	224507302	224508303	.	.	*	rs72972378	2	224507845
chr2	232927660	232928661	.	.	*	rs73102769	2	232928501
chr19	19513865	19514866	.	.	*	rs7250893	19	19514738
chr19	11738505	11739506	.	.	*	rs72986630	19	11738921
chr12	29780852	29781853	.	.	*	rs721617	12	29781653
chr12	50187791	50188792	.	.	*	rs7301566	12	50187864
chr1	43389337	43390338	.	.	*	rs839752	1	43389875
chr1	43389337	43390338	.	.	*	rs839754	1	43390239
chr1	43366757	43367758	.	.	*	rs839764	1	43367703
chr1	43348550	43349551	.	.	*	rs839995	1	43349193
chr1	243734030	243735031	.	.	*	rs897959	1	243734472
chr1	43570475	43571476	.	.	*	rs79265289	1	43570649
chr1	97822237	97823238	.	.	*	rs78164635	1	97823025
chr1	243493108	243494109	.	.	*	rs76266738	1	243493955
chr1	243343679	243344680	.	.	*	rs74974257	1	243343791
chr1	8313992	8314993	.	.	*	rs78641116	1	8314237
chr1	6602435	6603436	.	.	*	rs78728410	1	6602971
chr1	201035674	201036675	.	.	*	rs965321	1	201036374
chr1	28552440	28553441	.	.	*	rs78405969	1	28553045
chr1	28663782	28664783	.	.	*	rs9426298	1	28664410
chr1	153796867	153797868	.	.	*	rs9426935	1	153796924
chr1	153880736	153881737	.	.	*	rs7522030	1	153881560
chr1	73096618	73097619	.	.	*	rs74091260	1	73096713
chr1	73096618	73097619	.	.	*	rs74091266	1	73097160
chr1	243748398	243749399	.	.	*	rs77973161	1	243749141
chr1	243556043	243557044	.	.	*	rs78887304	1	243556644
chr1	243558411	243559412	.	.	*	rs77319923	1	243559320
chr1	98021152	98022153	.	.	*	rs77482155	1	98021524
chr13	43698381	43699382	.	.	*	rs953102	13	43699249
chr13	58592471	58593472	.	.	*	rs955234	13	58593125
chr13	58620035	58621036	.	.	*	rs9538145	13	58620248
chr13	79399492	79400493	.	.	*	rs9545101	13	79399806
chr13	38286672	38287673	.	.	*	rs9548268	13	38286860
chr13	58594330	58595331	.	.	*	rs9597792	13	58594827
chr13	58594330	58595331	.	.	*	rs9597793	13	58594828
chr13	58594330	58595331	.	.	*	rs76172775	13	58594897
chr13	58592471	58593472	.	.	*	rs76729992	13	58593064
chr13	43665135	43666136	.	.	*	rs9567243	13	43665632
chr13	58004438	58005439	.	.	*	rs9569800	13	58005376
chr18	55407951	55408952	.	.	*	rs8089309	18	55408061
chr18	79872156	79873157	.	.	*	rs8091497	18	79872565
chr18	55779848	55780849	.	.	*	rs9952704	18	55780459
chr18	55395493	55396494	.	.	*	rs78322266	18	55396445
chr3	63878289	63879290	.	.	*	rs832195	3	63878936
chr4	117777267	117778268	.	.	*	rs7676619	4	117777481
chr3	80688531	80689532	.	.	*	rs7636362	3	80688753
chr4	79290071	79291072	.	.	*	rs7696466	4	79290245
chr3	80549813	80550814	.	.	*	rs7431461	3	80550662
chr4	142959818	142960819	.	.	*	rs9884401	4	142959989
chr4	33722545	33723546	.	.	*	rs9990714	4	33722942
chr4	79267335	79268336	.	.	*	rs7684235	4	79268223
chr3	80688531	80689532	.	.	*	rs7624770	3	80688935
chr4	117956953	117957954	.	.	*	rs7657155	4	117957465
chrX	6094541	6095542	.	.	*	rs73627050	X	6094587
chr3	181176259	181177260	.	.	*	rs74896883	3	181176992
chr17	2281928	2282929	.	.	*	rs749240	17	2282806
chr17	45679209	45680210	.	.	*	rs757500	17	45679467
chr17	45679209	45680210	.	.	*	rs757501	17	45679319
chr15	89356434	89357435	.	.	*	rs879714	15	89357121
chr15	89376231	89377232	.	.	*	rs976560	15	89376714
chr17	20008795	20009796	.	.	*	rs8067545	17	20009397
chr17	46003661	46004662	.	.	*	rs8070723	17	46003698
chr17	12975607	12976608	.	.	*	rs8072799	17	12975991
chr15	89364164	89365165	.	.	*	rs8030116	15	89364808
chr17	45852346	45853347	.	.	*	rs79589869	17	45852872
chr17	45820087	45821088	.	.	*	rs79600142	17	45820356
chr17	45690454	45691455	.	.	*	rs78471340	17	45690980
chr17	45679209	45680210	.	.	*	rs78487840	17	45679795
chr17	45820087	45821088	.	.	*	rs78506181	17	45820114
chr17	45948698	45949699	.	.	*	rs78556223	17	45949112
chr17	45895179	45896180	.	.	*	rs78720789	17	45896047
chr17	45896419	45897420	.	.	*	rs80346216	17	45897110
chr17	45895179	45896180	.	.	*	rs76324150	17	45895867
chr17	45999965	46000966	.	.	*	rs79959255	17	46000342
chr17	45893966	45894967	.	.	*	rs80233201	17	45894115
chr15	89378610	89379611	.	.	*	rs77671429	15	89379299
chr17	45687253	45688254	.	.	*	rs77310586	17	45688015
chr17	45690454	45691455	.	.	*	rs78052495	17	45690981
chr17	45893966	45894967	.	.	*	rs76594404	17	45894091
chr17	45896419	45897420	.	.	*	rs76632685	17	45897111
chr17	45840922	45841923	.	.	*	rs74922289	17	45841158
chr15	89361990	89362991	.	.	*	rs80015997	15	89362349
chr17	45895179	45896180	.	.	*	rs74457229	17	45895215
chr17	45896419	45897420	.	.	*	rs74496580	17	45896699
chr17	45895179	45896180	.	.	*	rs74548327	17	45895714
chr11	113014464	113015465	.	.	*	rs750350	11	113014620
chr11	47152772	47153773	.	.	*	rs752848	11	47153625
chr11	47152772	47153773	.	.	*	rs752850	11	47153599
chr11	134425755	134426756	.	.	*	rs893949	11	134426490
chr11	47187035	47188036	.	.	*	rs901750	11	47187921
chr11	134425755	134426756	.	.	*	rs733856	11	134426747
chr11	47616719	47617720	.	.	*	rs9089	11	47617511
chr8	59781901	59782902	.	.	*	rs867743	8	59782088
chr5	154102905	154103906	.	.	*	rs815633	5	154103223
chr5	154102905	154103906	.	.	*	rs864626	5	154102963
chr11	134725464	134726465	.	.	*	rs7951888	11	134725880
chr5	88544496	88545497	.	.	*	rs992623	5	88544870
chr11	47518095	47519096	.	.	*	rs9666924	11	47518455
chr8	1048412	1049413	.	.	*	rs7459467	8	1049359
chr8	64681699	64682700	.	.	*	rs7817744	8	64682360
chr8	64695262	64696263	.	.	*	rs7830315	8	64695804
chr11	123525135	123526136	.	.	*	rs7927176	11	123525156
chr11	123525135	123526136	.	.	*	rs7927437	11	123525279
chr11	124758015	124759016	.	.	*	rs7928640	11	124758723
chr8	102655248	102656249	.	.	*	rs7835270	8	102656092
chr8	27425892	27426893	.	.	*	rs7846568	8	27426877
chr8	27611158	27612159	.	.	*	rs9331888	8	27611345
chr8	27596828	27597829	.	.	*	rs9331950	8	27597165
chr8	34045425	34046426	.	.	*	rs9792148	8	34046258
chr8	34045425	34046426	.	.	*	rs9792149	8	34046318
chr5	139685813	139686814	.	.	*	rs9687282	5	139686403
chr6	164693581	164694582	.	.	*	rs903791	6	164693974
chr5	90931805	90932806	.	.	*	rs7712313	5	90932581
chr5	89448006	89449007	.	.	*	rs7701188	5	89448733
chr11	48078409	48079410	.	.	*	rs7396592	11	48079285
chr5	90931805	90932806	.	.	*	rs7729840	5	90932583
chr10	103069258	103070259	.	.	*	rs7910900	10	103070141
chr6	164859481	164860482	.	.	*	rs7356835	6	164860021
chr11	112962630	112963631	.	.	*	rs73573285	11	112963087
chr11	124799924	124800925	.	.	*	rs73611490	11	124800902
chr8	27579533	27580534	.	.	*	rs73558181	8	27579750
chr6	64226076	64227077	.	.	*	rs9359839	6	64226449
chr6	64227170	64228171	.	.	*	rs9362607	6	64227208
chr6	64227170	64228171	.	.	*	rs9362608	6	64227676
chr6	164794519	164795520	.	.	*	rs9365774	6	164794980
chr6	164795599	164796600	.	.	*	rs9365775	6	164795827
chr11	48050045	48051046	.	.	*	rs76088737	11	48050165
chr6	164794519	164795520	.	.	*	rs9347929	6	164795327
chr6	164795599	164796600	.	.	*	rs9355509	6	164796565
chr8	88677986	88678987	.	.	*	rs74584457	8	88678787
chr6	164554662	164555663	.	.	*	rs9459138	6	164555139
chr8	27583273	27584274	.	.	*	rs75929510	8	27583457
chr8	27547287	27548288	.	.	*	rs76247948	8	27548000
chr11	45853010	45854011	.	.	*	rs79033888	11	45853154
chr11	49207869	49208870	.	.	*	rs79122681	11	49208281
chr11	28673543	28674544	.	.	*	rs79181150	11	28673899
chr11	113627561	113628562	.	.	*	rs79338069	11	113628069
chr5	153299061	153300062	.	.	*	rs74544128	5	153299186
chr5	152546839	152547840	.	.	*	rs74834589	5	152547697
chr8	34518040	34519041	.	.	*	rs78530814	8	34518417
chr5	139637115	139638116	.	.	*	rs75903170	5	139637905
chr8	34600438	34601439	.	.	*	rs79395357	8	34600614
chr10	18547958	18548959	.	.	*	rs77757904	10	18548608
chr10	103191750	103192751	.	.	*	rs79780963	10	103192742
chr6	96014248	96015249	.	.	*	rs75271563	6	96014620
chr14	103386232	103387233	.	.	*	rs8004780	14	103387023
chr14	103334690	103335691	.	.	*	rs8021359	14	103335237
chr14	103540221	103541222	.	.	*	rs9324063	14	103540356
chr2	25306396	25307397	.	.	*	rs749130	2	25307159
chr2	25306396	25307397	.	.	*	rs749131	2	25306755
chr2	232926074	232927075	.	.	*	rs751908	2	232926201
chr2	197378092	197379093	.	.	*	rs787979	2	197378144
chr22	41977490	41978491	.	.	*	rs739293	22	41977644
chr22	41698959	41699960	.	.	*	rs743832	22	41699460
chr22	41979195	41980196	.	.	*	rs763260	22	41979224
chr2	48195885	48196886	.	.	*	rs7569620	2	48196759
chr14	104035035	104036036	.	.	*	rs79725992	14	104035362
chr22	42079161	42080162	.	.	*	rs8135801	22	42079564
chr22	42168666	42169667	.	.	*	rs9623534	22	42169194
chr2	60213957	60214958	.	.	*	rs9309322	2	60214049
chr6	164794519	164795520	.	.	*	rs78564368	6	164795070
chr22	42283656	42284657	.	.	*	rs76462269	22	42284195
chr7	128030575	128031576	.	.	*	rs79520962	7	128031458
chr5	152534336	152535337	.	.	*	rs78081010	5	152535233
chr5	152607437	152608438	.	.	*	rs78489830	5	152608012
chr5	152534336	152535337	.	.	*	rs79241281	5	152535014
chr2	48313017	48314018	.	.	*	rs77966862	2	48313510
chr2	144379540	144380541	.	.	*	rs78719985	2	144379785
chr2	48415059	48416060	.	.	*	rs80288268	2	48415496
chr2	232875979	232876980	.	.	*	rs79707548	2	232876546
chr12	120903883	120904884	.	.	*	rs904628	12	120904281
chr7	2008063	2009064	.	.	*	rs871925	7	2008240
chr16	66751359	66752360	.	.	*	rs9929143	16	66751701
chr9	93451083	93452084	.	.	*	rs7853605	9	93451247
chr7	128135355	128136356	.	.	*	rs7790439	7	128136087
chr7	128135355	128136356	.	.	*	rs7790858	7	128136107
chr12	122182787	122183788	.	.	*	rs77165791	12	122183084
chr7	128135355	128136356	.	.	*	rs78313351	7	128135850
chr7	71348422	71349423	.	.	*	rs73181662	7	71348898
