chr	query_start	query_end	hg38_base_position	rsid	subject_start	subject_end	queryHits	subjectHits	correlation	Variability1	Variability2	TStat	Pval	FDR	VarQuantile1	VarQuantile2
chr2	172090681	172091181	172090705	rs62183854	172065704	172066204	31725	31702	0.6126202854637544	0.00940283322251519	3.0867035588095457e-4	16.892879395065414	1.7622060106618354e-50	7.89184783292216e-49	0.9053538818003538	0.03703227720947102
chr2	172090681	172091181	172090705	rs62183854	172066419	172066919	31725	31703	0.8674342118596144	0.00940283322251519	0.01510518422779026	37.99662013750528	4.198186764461826e-146	6.082908240779736e-143	0.9053538818003538	0.9532571333509683
chr2	172090681	172091181	172090705	rs62183854	172071957	172072457	31725	31704	0.9115328821809028	0.00940283322251519	0.008690319095707989	48.310031286867954	1.960083247830216e-185	1.2575356979880943e-181	0.9053538818003538	0.8957279701095041
chr2	172090681	172091181	172090705	rs62183854	172072644	172073144	31725	31705	0.9346049856301764	0.00940283322251519	0.04407169478923917	57.26726299552354	2.2393840868482908e-215	5.433442039564592e-211	0.9053538818003538	0.9969826995116416
chr2	172090681	172091181	172090705	rs62183854	172073192	172073692	31725	31706	0.793942755113569	0.00940283322251519	0.0050937449890440046	28.460187713148468	1.0344384168917789e-104	3.53412203949818e-102	0.9053538818003538	0.8162211842745177
chr2	172090681	172091181	172090705	rs62183854	172075230	172075730	31725	31707	0.8108102065991746	0.00940283322251519	0.00199812566642549	30.191222132089436	1.4521066257418521e-112	6.591136669933181e-110	0.9053538818003538	0.5920949200095019
chr2	172090681	172091181	172090705	rs62183854	172075860	172076360	31725	31708	0.7452511424414539	0.00940283322251519	7.521670192994962e-4	24.359275500635675	1.2113036221312964e-85	2.1160486397816117e-83	0.9053538818003538	0.23312271304509427
chr2	172090681	172091181	172090705	rs62183854	172076816	172077316	31725	31709	0.5482080173827593	0.00940283322251519	3.649879815507132e-4	14.285921900154841	9.009183653055194e-39	2.4038978892629277e-37	0.9053538818003538	0.05497496760888772
chr2	172090681	172091181	172090705	rs62183854	172078528	172079028	31725	31710	0.530428217244969	0.00940283322251519	7.02667404620828e-4	13.636909112468205	5.737791378562414e-36	1.3385632094300082e-34	0.9053538818003538	0.2089475904684328
chr2	172090681	172091181	172090705	rs62183854	172079087	172079587	31725	31711	0.6469829980174165	0.00940283322251519	6.070967323419453e-4	18.49257138000694	6.551512172168281e-58	3.9788845400744454e-56	0.9053538818003538	0.1620346189613712
chr2	172090681	172091181	172090705	rs62183854	172079942	172080442	31725	31712	0.7486708799841685	0.00940283322251519	0.0013095836956135945	24.612872492307414	7.748163504231834e-87	1.4123343122054038e-84	0.9053538818003538	0.44634390706129995
chr2	172090681	172091181	172090705	rs62183854	172080516	172081016	31725	31713	0.710505694630401	0.00940283322251519	0.0012248267893790264	22.00554318430958	1.6500194597221829e-74	1.9123702609301033e-72	0.9053538818003538	0.4211837499653421
chr2	172090681	172091181	172090705	rs62183854	172081094	172081594	31725	31714	0.820815283220967	0.00940283322251519	0.0037539450174796625	31.319066700440825	1.3207098681449535e-117	7.063923921656369e-115	0.9053538818003538	0.7570460504574472
chr2	172090681	172091181	172090705	rs62183854	172082884	172083384	31725	31715	0.6548948513155397	0.00940283322251519	0.002301887463163659	18.88675989282532	9.277411785749063e-60	6.096935380252309e-58	0.9053538818003538	0.6345237176379255
chr2	172090681	172091181	172090705	rs62183854	172083677	172084177	31725	31716	0.925599082991737	0.00940283322251519	0.053744603991827504	53.29637131618863	1.5171459474601978e-202	2.1769755587677024e-198	0.9053538818003538	0.9986740064040358
chr2	172090681	172091181	172090705	rs62183854	172084435	172084935	31725	31717	0.8746789018741442	0.00940283322251519	0.029774424163343752	39.329634833736606	1.667704936407763e-151	2.9091553911024623e-148	0.9053538818003538	0.9897731011014852
chr2	172090681	172091181	172090705	rs62183854	172085154	172085654	31725	31718	0.8507884578342688	0.00940283322251519	0.03919835232969705	35.2848920855323	8.100405495979556e-135	7.788008805926034e-132	0.9053538818003538	0.9953659539997497
chr2	172090681	172091181	172090705	rs62183854	172086065	172086565	31725	31719	0.8624330478068243	0.00940283322251519	0.009352758336434949	37.13426243854531	1.474306030017021e-142	1.8990527434200578e-139	0.9053538818003538	0.9047296644138388
chr2	172090681	172091181	172090705	rs62183854	172086840	172087340	31725	31720	0.7030650174961528	0.00940283322251519	0.0023210065340090414	21.547455727560592	2.454334229638713e-72	2.6260726858244092e-70	0.9053538818003538	0.6366185552177605
chr2	172090681	172091181	172090705	rs62183854	172087938	172088438	31725	31721	0.8408613756089126	0.00940283322251519	0.0069462877168052	33.858901665609494	1.0057188670273062e-128	7.8393847091168e-126	0.9053538818003538	0.8662054102337181
chr2	172090681	172091181	172090705	rs62183854	172088456	172088956	31725	31722	0.7673786482733541	0.00940283322251519	0.002811023465650546	26.083563657192087	9.94893551541541e-94	2.3081651471126423e-91	0.9053538818003538	0.6879351443380936
chr2	172090681	172091181	172090705	rs62183854	172089487	172089987	31725	31723	0.591606638475651	0.00940283322251519	6.618710829389853e-4	15.992731113561012	2.274210161115718e-46	8.537499143158458e-45	0.9053538818003538	0.18906293205322558
chr2	172090681	172091181	172090705	rs62183854	172090022	172090522	31725	31724	0.6645723017886238	0.00940283322251519	0.0024920784482689627	19.383770028297057	4.254078769991958e-62	3.062989505918818e-60	0.9053538818003538	0.6566527110742759
chr2	172090681	172091181	172090705	rs62183854	172091210	172091710	31725	31726	0.8678572167774916	0.00940283322251519	0.0010535745549682016	38.071634444744284	2.0728153022614805e-146	3.0396834167298686e-143	0.9053538818003538	0.36324056498792406
chr2	172090681	172091181	172090705	rs62183854	172091807	172092307	31725	31727	0.8987444601656127	0.00940283322251519	0.06781502300384816	44.67251204980951	3.406229374288614e-172	1.3448267216971304e-168	0.9053538818003538	0.999657542202116
chr2	172090681	172091181	172090705	rs62183854	172092453	172092953	31725	31728	0.6160637310626882	0.00940283322251519	8.180975278594939e-4	17.04565266474927	3.488981894523338e-51	1.6082712116637144e-49	0.9053538818003538	0.26369849925551025
chr2	172090681	172091181	172090705	rs62183854	172093008	172093508	31725	31729	0.552391382414917	0.00940283322251519	0.0024710311333669735	14.44254962107696	1.8631092905046735e-39	5.133252780578022e-38	0.9053538818003538	0.6543855205545868
chr2	172090681	172091181	172090705	rs62183854	172093787	172094287	31725	31730	0.8829650430240306	0.00940283322251519	0.053131397208115466	40.99315891720433	4.141477428823396e-158	9.383160485431895e-155	0.9053538818003538	0.9985724680416435
chr2	172090681	172091181	172090705	rs62183854	172094547	172095047	31725	31731	0.7856432221944601	0.00940283322251519	0.007018801287998572	27.676184561653375	4.1105988333875116e-101	1.2269011263230259e-98	0.9053538818003538	0.8676662887391333
chr2	172090681	172091181	172090705	rs62183854	172095332	172095832	31725	31732	0.8285122947390187	0.00940283322251519	0.011846215546669387	32.246332326871	1.054953508370196e-121	6.434208698666746e-119	0.9053538818003538	0.9313555708591644
chr2	172090681	172091181	172090705	rs62183854	172096450	172096950	31725	31733	0.7826266675341491	0.00940283322251519	0.009810321174958505	27.401107446177555	7.630768631493066e-100	2.18707891890833e-97	0.9053538818003538	0.910279803757444
chr2	172090681	172091181	172090705	rs62183854	172097180	172097680	31725	31734	0.8524349564120547	0.00940283322251519	0.008866978270163153	35.53405960852532	7.159709756230673e-136	7.12485088598576e-133	0.9053538818003538	0.8981570225205343
chr2	172090681	172091181	172090705	rs62183854	172097729	172098229	31725	31735	0.8490105507271889	0.00940283322251519	0.0058226077583441	35.02006089474117	1.076520685629706e-133	9.873440796377727e-131	0.9053538818003538	0.8393385843529009
chr2	172090681	172091181	172090705	rs62183854	172098619	172099119	31725	31736	0.6729382130226422	0.00940283322251519	0.0016917040549907021	19.82746272295455	3.4304538844697725e-64	2.676630547659628e-62	0.9053538818003538	0.5381855431852771
chr2	172090681	172091181	172090705	rs62183854	172101524	172102024	31725	31739	0.5011682813013941	0.00940283322251519	0.0017638946104426441	12.622304754208253	1.0635910312732406e-31	1.9911916822893115e-30	0.9053538818003538	0.5523162361714867
chr2	172090681	172091181	172090705	rs62183854	172102714	172103214	31725	31741	0.8454532365828594	0.00940283322251519	0.041965098782877235	34.50284572941409	1.7262962652304632e-131	1.469191519998955e-128	0.9053538818003538	0.9963633529690792
chr2	172090681	172091181	172090705	rs62183854	172103776	172104276	31725	31742	0.6799912176543813	0.00940283322251519	0.0035856612625433408	20.2122962077807	5.202055078914934e-66	4.35945217483967e-64	0.9053538818003538	0.7466629098721516
chr2	172090681	172091181	172090705	rs62183854	172106143	172106643	31725	31743	0.6933769591742777	0.00940283322251519	0.004271302616670969	20.97186215714641	1.315361686608497e-69	1.2697569627388077e-67	0.9053538818003538	0.7835366973130177
chr2	172092453	172092953	172092806	rs13388257	172066419	172066919	31728	31703	0.5264933426122664	8.180975278594939e-4	0.01510518422779026	13.496749479859044	2.2757135539263843e-35	5.155326133381481e-34	0.26369887393581426	0.9532571333509683
chr2	172092453	172092953	172092806	rs13388257	172071957	172072457	31728	31704	0.6128480565953757	8.180975278594939e-4	0.008690319095707989	16.90293683745085	1.5841619462218056e-50	7.108571830043848e-49	0.26369887393581426	0.8957279701095041
chr2	172092453	172092953	172092806	rs13388257	172072644	172073144	31728	31705	0.6083241147083003	8.180975278594939e-4	0.04407169478923917	16.70442895958467	1.2928259286983113e-49	5.584561906891414e-48	0.26369887393581426	0.9969826995116416
chr2	172092453	172092953	172092806	rs13388257	172075230	172075730	31728	31707	0.5028621672003488	8.180975278594939e-4	0.00199812566642549	12.67937318301501	6.177431348170144e-32	1.1717735924072635e-30	0.26369887393581426	0.5920949200095019
chr2	172092453	172092953	172092806	rs13388257	172075860	172076360	31728	31708	0.5106392492732746	8.180975278594939e-4	7.521670192994962e-4	12.94392681362223	4.901253165359211e-33	9.845600675628388e-32	0.26369887393581426	0.23312271304509427
chr2	172092453	172092953	172092806	rs13388257	172080516	172081016	31728	31713	0.5966234459695751	8.180975278594939e-4	0.0012248267893790264	16.202817634178192	2.5287528658026816e-47	9.899371827978851e-46	0.26369887393581426	0.4211837499653421
chr2	172092453	172092953	172092806	rs13388257	172081094	172081594	31728	31714	0.6761133438514364	8.180975278594939e-4	0.0037539450174796625	19.999451842543667	5.280498297777174e-65	4.256007636608688e-63	0.26369887393581426	0.7570460504574472
chr2	172092453	172092953	172092806	rs13388257	172082884	172083384	31728	31715	0.5548404895954935	8.180975278594939e-4	0.002301887463163659	14.534972092974161	7.328728493311703e-40	2.0585738638766627e-38	0.26369887393581426	0.6345237176379255
chr2	172092453	172092953	172092806	rs13388257	172083677	172084177	31728	31716	0.6451634972799976	8.180975278594939e-4	0.053744603991827504	18.403393604938685	1.7131642460135572e-57	1.022116512961934e-55	0.26369887393581426	0.9986740064040358
chr2	172092453	172092953	172092806	rs13388257	172084435	172084935	31728	31717	0.6838949974774051	8.180975278594939e-4	0.029774424163343752	20.42974961615431	4.86529695902174e-67	4.249082263221663e-65	0.26369887393581426	0.9897731011014852
chr2	172092453	172092953	172092806	rs13388257	172085154	172085654	31728	31718	0.6887706308861143	8.180975278594939e-4	0.03919835232969705	20.70598072388019	2.393076666873894e-68	2.195593958556117e-66	0.26369887393581426	0.9953659539997497
chr2	172092453	172092953	172092806	rs13388257	172086065	172086565	31728	31719	0.5829106627543998	8.180975278594939e-4	0.009352758336434949	15.635294233456698	9.360855125695438e-45	3.279072252744547e-43	0.26369887393581426	0.9047296644138388
chr2	172092453	172092953	172092806	rs13388257	172087938	172088438	31728	31721	0.5840630215051691	8.180975278594939e-4	0.0069462877168052	15.682183141995978	5.756534299330024e-45	2.0344358593099054e-43	0.26369887393581426	0.8662054102337181
chr2	172092453	172092953	172092806	rs13388257	172089487	172089987	31728	31723	0.5169864264533034	8.180975278594939e-4	6.618710829389853e-4	13.163016645073569	5.900909020539201e-34	1.2445127123166472e-32	0.26369887393581426	0.18906293205322558
chr2	172092453	172092953	172092806	rs13388257	172090022	172090522	31728	31724	0.5543012796481606	8.180975278594939e-4	0.0024920784482689627	14.514577216582763	9.005962112369673e-40	2.518983298447107e-38	0.26369887393581426	0.6566527110742759
chr2	172092453	172092953	172092806	rs13388257	172090681	172091181	31728	31725	0.6160637310626882	8.180975278594939e-4	0.00940283322251519	17.04565266474927	3.488981894523338e-51	1.6082712116637144e-49	0.26369887393581426	0.9053542564806579
chr2	172092453	172092953	172092806	rs13388257	172091210	172091710	31728	31726	0.6478523475012162	8.180975278594939e-4	0.0010535745549682016	18.535371515114996	4.129270149591313e-58	2.527354614408691e-56	0.26369887393581426	0.36324056498792406
chr2	172092453	172092953	172092806	rs13388257	172091807	172092307	31728	31727	0.6437184528484161	8.180975278594939e-4	0.06781502300384816	18.3329512455643	3.658658565003629e-57	2.152627200696159e-55	0.26369887393581426	0.999657542202116
chr2	172092453	172092953	172092806	rs13388257	172093787	172094287	31728	31730	0.7065403548367636	8.180975278594939e-4	0.053131397208115466	21.75961974049511	2.4196069638633566e-73	2.6869396061194117e-71	0.26369887393581426	0.9985724680416435
chr2	172092453	172092953	172092806	rs13388257	172094547	172095047	31728	31731	0.6301693075717075	8.180975278594939e-4	0.007018801287998572	17.688305093009745	3.7025919634550146e-54	1.9272180357530918e-52	0.26369887393581426	0.8676662887391333
chr2	172092453	172092953	172092806	rs13388257	172095332	172095832	31728	31732	0.5749611671446014	8.180975278594939e-4	0.011846215546669387	15.315673096389983	2.5426461034764924e-43	8.348824448783579e-42	0.26369887393581426	0.9313555708591644
chr2	172092453	172092953	172092806	rs13388257	172096450	172096950	31728	31733	0.5807122762734717	8.180975278594939e-4	0.009810321174958505	15.546238475462417	2.3540374044290713e-44	8.095021836872346e-43	0.26369887393581426	0.910279803757444
chr2	172092453	172092953	172092806	rs13388257	172097180	172097680	31728	31734	0.5811790284151678	8.180975278594939e-4	0.008866978270163153	15.5651032774252	1.9365808068021194e-44	6.6861853377851595e-43	0.26369887393581426	0.8981570225205343
chr2	172092453	172092953	172092806	rs13388257	172097729	172098229	31728	31735	0.5702521164662057	8.180975278594939e-4	0.0058226077583441	15.129415275616404	1.72354548487842e-42	5.446918841661888e-41	0.26369887393581426	0.8393385843529009
chr2	172092453	172092953	172092806	rs13388257	172098619	172099119	31728	31736	0.5170476144308886	8.180975278594939e-4	0.0016917040549907021	13.165142969287214	5.780446750950219e-34	1.219801000369599e-32	0.26369887393581426	0.5381855431852771
chr2	172092453	172092953	172092806	rs13388257	172102714	172103214	31728	31741	0.6850785364755113	8.180975278594939e-4	0.041965098782877235	20.496323267558598	2.354630374854593e-67	2.0825728731194217e-65	0.26369887393581426	0.9963633529690792
chr2	172092453	172092953	172092806	rs13388257	172103776	172104276	31728	31742	0.5721428502084656	8.180975278594939e-4	0.0035856612625433408	15.203930671734213	8.022757206530737e-43	2.5743641315674854e-41	0.26369887393581426	0.7466629098721516
chr2	172092453	172092953	172092915	rs13390848	172066419	172066919	31728	31703	0.5264933426122664	8.180975278594939e-4	0.01510518422779026	13.496749479859044	2.2757135539263843e-35	5.155326133381481e-34	0.26369887393581426	0.9532571333509683
chr2	172092453	172092953	172092915	rs13390848	172071957	172072457	31728	31704	0.6128480565953757	8.180975278594939e-4	0.008690319095707989	16.90293683745085	1.5841619462218056e-50	7.108571830043848e-49	0.26369887393581426	0.8957279701095041
chr2	172092453	172092953	172092915	rs13390848	172072644	172073144	31728	31705	0.6083241147083003	8.180975278594939e-4	0.04407169478923917	16.70442895958467	1.2928259286983113e-49	5.584561906891414e-48	0.26369887393581426	0.9969826995116416
chr2	172092453	172092953	172092915	rs13390848	172075230	172075730	31728	31707	0.5028621672003488	8.180975278594939e-4	0.00199812566642549	12.67937318301501	6.177431348170144e-32	1.1717735924072635e-30	0.26369887393581426	0.5920949200095019
chr2	172092453	172092953	172092915	rs13390848	172075860	172076360	31728	31708	0.5106392492732746	8.180975278594939e-4	7.521670192994962e-4	12.94392681362223	4.901253165359211e-33	9.845600675628388e-32	0.26369887393581426	0.23312271304509427
chr2	172092453	172092953	172092915	rs13390848	172080516	172081016	31728	31713	0.5966234459695751	8.180975278594939e-4	0.0012248267893790264	16.202817634178192	2.5287528658026816e-47	9.899371827978851e-46	0.26369887393581426	0.4211837499653421
chr2	172092453	172092953	172092915	rs13390848	172081094	172081594	31728	31714	0.6761133438514364	8.180975278594939e-4	0.0037539450174796625	19.999451842543667	5.280498297777174e-65	4.256007636608688e-63	0.26369887393581426	0.7570460504574472
chr2	172092453	172092953	172092915	rs13390848	172082884	172083384	31728	31715	0.5548404895954935	8.180975278594939e-4	0.002301887463163659	14.534972092974161	7.328728493311703e-40	2.0585738638766627e-38	0.26369887393581426	0.6345237176379255
chr2	172092453	172092953	172092915	rs13390848	172083677	172084177	31728	31716	0.6451634972799976	8.180975278594939e-4	0.053744603991827504	18.403393604938685	1.7131642460135572e-57	1.022116512961934e-55	0.26369887393581426	0.9986740064040358
chr2	172092453	172092953	172092915	rs13390848	172084435	172084935	31728	31717	0.6838949974774051	8.180975278594939e-4	0.029774424163343752	20.42974961615431	4.86529695902174e-67	4.249082263221663e-65	0.26369887393581426	0.9897731011014852
chr2	172092453	172092953	172092915	rs13390848	172085154	172085654	31728	31718	0.6887706308861143	8.180975278594939e-4	0.03919835232969705	20.70598072388019	2.393076666873894e-68	2.195593958556117e-66	0.26369887393581426	0.9953659539997497
chr2	172092453	172092953	172092915	rs13390848	172086065	172086565	31728	31719	0.5829106627543998	8.180975278594939e-4	0.009352758336434949	15.635294233456698	9.360855125695438e-45	3.279072252744547e-43	0.26369887393581426	0.9047296644138388
chr2	172092453	172092953	172092915	rs13390848	172087938	172088438	31728	31721	0.5840630215051691	8.180975278594939e-4	0.0069462877168052	15.682183141995978	5.756534299330024e-45	2.0344358593099054e-43	0.26369887393581426	0.8662054102337181
chr2	172092453	172092953	172092915	rs13390848	172089487	172089987	31728	31723	0.5169864264533034	8.180975278594939e-4	6.618710829389853e-4	13.163016645073569	5.900909020539201e-34	1.2445127123166472e-32	0.26369887393581426	0.18906293205322558
chr2	172092453	172092953	172092915	rs13390848	172090022	172090522	31728	31724	0.5543012796481606	8.180975278594939e-4	0.0024920784482689627	14.514577216582763	9.005962112369673e-40	2.518983298447107e-38	0.26369887393581426	0.6566527110742759
chr2	172092453	172092953	172092915	rs13390848	172090681	172091181	31728	31725	0.6160637310626882	8.180975278594939e-4	0.00940283322251519	17.04565266474927	3.488981894523338e-51	1.6082712116637144e-49	0.26369887393581426	0.9053542564806579
chr2	172092453	172092953	172092915	rs13390848	172091210	172091710	31728	31726	0.6478523475012162	8.180975278594939e-4	0.0010535745549682016	18.535371515114996	4.129270149591313e-58	2.527354614408691e-56	0.26369887393581426	0.36324056498792406
chr2	172092453	172092953	172092915	rs13390848	172091807	172092307	31728	31727	0.6437184528484161	8.180975278594939e-4	0.06781502300384816	18.3329512455643	3.658658565003629e-57	2.152627200696159e-55	0.26369887393581426	0.999657542202116
chr2	172092453	172092953	172092915	rs13390848	172093787	172094287	31728	31730	0.7065403548367636	8.180975278594939e-4	0.053131397208115466	21.75961974049511	2.4196069638633566e-73	2.6869396061194117e-71	0.26369887393581426	0.9985724680416435
chr2	172092453	172092953	172092915	rs13390848	172094547	172095047	31728	31731	0.6301693075717075	8.180975278594939e-4	0.007018801287998572	17.688305093009745	3.7025919634550146e-54	1.9272180357530918e-52	0.26369887393581426	0.8676662887391333
chr2	172092453	172092953	172092915	rs13390848	172095332	172095832	31728	31732	0.5749611671446014	8.180975278594939e-4	0.011846215546669387	15.315673096389983	2.5426461034764924e-43	8.348824448783579e-42	0.26369887393581426	0.9313555708591644
chr2	172092453	172092953	172092915	rs13390848	172096450	172096950	31728	31733	0.5807122762734717	8.180975278594939e-4	0.009810321174958505	15.546238475462417	2.3540374044290713e-44	8.095021836872346e-43	0.26369887393581426	0.910279803757444
chr2	172092453	172092953	172092915	rs13390848	172097180	172097680	31728	31734	0.5811790284151678	8.180975278594939e-4	0.008866978270163153	15.5651032774252	1.9365808068021194e-44	6.6861853377851595e-43	0.26369887393581426	0.8981570225205343
chr2	172092453	172092953	172092915	rs13390848	172097729	172098229	31728	31735	0.5702521164662057	8.180975278594939e-4	0.0058226077583441	15.129415275616404	1.72354548487842e-42	5.446918841661888e-41	0.26369887393581426	0.8393385843529009
chr2	172092453	172092953	172092915	rs13390848	172098619	172099119	31728	31736	0.5170476144308886	8.180975278594939e-4	0.0016917040549907021	13.165142969287214	5.780446750950219e-34	1.219801000369599e-32	0.26369887393581426	0.5381855431852771
chr2	172092453	172092953	172092915	rs13390848	172102714	172103214	31728	31741	0.6850785364755113	8.180975278594939e-4	0.041965098782877235	20.496323267558598	2.354630374854593e-67	2.0825728731194217e-65	0.26369887393581426	0.9963633529690792
chr2	172092453	172092953	172092915	rs13390848	172103776	172104276	31728	31742	0.5721428502084656	8.180975278594939e-4	0.0035856612625433408	15.203930671734213	8.022757206530737e-43	2.5743641315674854e-41	0.26369887393581426	0.7466629098721516
